name,latitude,longitude,phone,address,location
CNG GAS,24.1877451,72.3856472,,Chadotar,0101000020E6100000D0F29771AE185240F87B181010303840
CNG PUMP,29.6923819,76.7625073,,Nissing,0101000020E6100000851D6BEBCC305340A4D7B0F03FB13D40
HNG CNG FILLING STATION,29.9168183,78.0841245,,"NH334, Haridwar",0101000020E6100000B612BA4B62855340D3DFA69AB4EA3D40
Go gas,13.323877,77.1347841,,"84FM+MV8, Chandana Complex, Tumakuru",0101000020E610000055617D4DA04853406ADAC534D3A52A40
JP Fuel center CNG,9.6410449,77.9625856,,"JXR7+C2, K.Usailampatti",0101000020E61000006FE6A1009B7D53400289810937482340
GO GAS,10.7527017,78.6508843,,"QM32+39J, Panjappur",0101000020E6100000B67E9F16A8A953408649021E62812540
Sri Sukhmani Petrol CNG Pump,30.566233,76.8324216,,HR8M+F2P,0101000020E6100000FA1E3F65463553407DEA58A5F4903E40
Megha Gas CNG station,13.50652,77.758421,,"FQV3+QJ5, Devasthanadahosahalli",0101000020E610000060E63BF889705340338AE59656032B40
Megha Gas CNG station,13.7380625,77.7879375,,"PQQQ+65F, Paragodu",0101000020E6100000B07268916D725340D9CEF753E3792B40
Cng,28.6368083,78.7960569,,"JQPW+PCF, Mundia Raja",0101000020E610000054D0A398F2B25340445266DE05A33C40
AG&P Pratham CNG Station,14.0902039,78.1651974,,"Sy no .990, Moksha Fuels, M/S, Madanapalli Road, Kadiri, Anantapur",0101000020E610000097981D98928A53407DF1A0342F2E2C40
MeghaGas CNG station,13.7060625,77.4984375,,"PF4X+C9G, Kudumalakunte, Muslim Colony",0101000020E610000066666666E65F53402FDD240681692B40
AG&P Pratham CNG Station,14.155751,77.7641132,,"COCO MSME, Cross to, Industrial Area, Puttaparthi, Mamillakunta",0101000020E6100000481C0D3BE77053407BA35698BE4F2C40
AG&P Pratham CNG Station,13.7216487,77.4969782,,"SURVEY NO.111, AND 145, Andhra Pradesh Industrial Infrastructure Corporation Industrial Park, International Enterprises, HINDUPUR, THUMKUNTA, Anantapur",0101000020E6100000CCF4A67DCE5F5340DE663BF07B712B40
Nandi Petroleum and CNG,13.7381875,77.7878125,,"Nandi Petroleum, Taluk, Paragodu, Bagepalli",0101000020E610000052B81E856B725340CBA145B6F3792B40
AG&P Pratham CNG Station,14.1615152,77.6089745,,"Jagadeesh shai filling station, SY NO 605/3D, 605/3E, Opp KIA Motors, NH 44 Road, Erramanchi Village, Penukonda",0101000020E610000045662E70F9665340229DCB1EB2522C40
AG&P Pratham CNG Station,13.792786,77.4882379,,"Lorry Owners BPCL, Sadlapalli, Hindupuram",0101000020E6100000BC4A2D4A3F5F53400C74ED0BE8952B40
AG&P Pratham CNG Station,13.8419863,77.4834307,,"RFRM+PRJ OM Sai filling Station, Mudireddipalli, Hindupuram",0101000020E610000079985187F05E53402F5C0CD418AF2B40
CNG station,14.1687319,77.8108713,,"5R96+F9V, Puttaparthi",0101000020E6100000F6B0BC50E57353407995100764562C40
AG&P Pratham CNG Station,14.3567208,78.4564249,,"Sai Rajitha Filling Station, Vempalli - Pulivendula Rd",0101000020E610000020A5C810369D53401D9BD31BA4B62C40
CNG Filling Station/Sri Vijaya Lakshmi,14.0277383,78.7479283,,"Kadapa - Chittoor Hwy, S.N Colony, Rayachoty, Syamalavaripalle",0101000020E61000002F10A90EDEAF53407AB1E6B6330E2C40
AG&P Pratham CNG Station,14.0312254,78.7483496,,"Sri Vijaya Lakshmi Filling Station, Kadapa - Chittoor Hwy, S.N Colony, Rayachoty, Syamalavaripalle",0101000020E6100000617EB8F5E4AF5340EA9B8FC6FC0F2C40
"Bharat Petroleum, CNG & Petrol Pump -Sri Sai Rajitha Filling Station",14.356842,78.456453,,"VEMPALLI, KADAPA",0101000020E61000004FCAA486369D5340B0AD9FFEB3B62C40
Hp Gas station,13.6142679,78.4881088,,"JF7Q+M6W, NH 71, Chittoor",0101000020E6100000F338B12C3D9F534017F77A52813A2B40
AG&P Pratham CNG Station,13.7355703,79.6771908,,"VS Venkatamuni, 298/1/3/5, Mittakandriga, Srikalahasti",0101000020E6100000BCC9141857EB53405CD19CAB9C782B40
Torrent CNG,26.1003928,83.1154095,,"4428+65, Suryabhan, Naipura",0101000020E6100000740987DE62C75440FEC0B057B3193A40
AG&P Pratham CNG Station,13.6106005,79.34006,,"Krishna Filling Station, Chennai - Anantapur Hwy, Tirupati",0101000020E610000060AB048BC3D55340AED7F4A0A0382B40
AG&P Pratham CNG Station,13.949279,79.5943162,,"Gowrishankar filling station, Near cross road, Venkatagiri, NH565, Nellore",0101000020E6100000E99ED04609E65340268FA7E507E62B40
AG&P Pratham CNG Station,14.0211223,79.8952617,,"AG&P OJILI LCNG STATION Survey No 15-2A, Vakativari Khandrika Village, Venkatareddypalem Panchayat Ojili, Tirupathi",0101000020E610000021B7BAF74BF95340BF6EC78AD00A2C40
AG&P Pratham CNG Station,13.9819738,79.3379642,,"Fill More Filling Station, raghavaraj puram, Railway kodur Kadapa tirupati bypass, road, Koduru",0101000020E6100000018E9834A1D55340C50E1945C5F62B40
Bharat Petroleum Petrol and CNG station,13.6106213,79.3352246,,"J86P+63H, Chennai - Anantapur Hwy, Tirupati",0101000020E61000002474E15174D55340657BE35AA3382B40
AG&P Pratham CNG Station,13.7146109,80.0069182,,"Sujith Adhoc, 5, NH16, Krishnareddi Thagelu, opposite Tanamala Kalyana mandapam, Sullurupeta",0101000020E6100000D2AF085971005440F2BAD97AE16D2B40
AG&P Pratham CNG Station,13.6458822,79.4117108,,"HP Auto care, opp. Mahati Auditoirum, Srinivasa Nagar, Balaji Colony, Marri Chenna Reddy Colony, Tirupati",0101000020E61000003D5A417859DA534017235C12B14A2B40
AG&P Pratham CNG Station,13.5855337,79.5163408,,"AG&P Pratham CNG COCO Station-Gajulamandyam APIIC industrial area, Gajulamandyam, Renigunta, Tirupati",0101000020E6100000CA6548BA0BE153406869B812CB2B2B40
AG&P Pratham CNG Station,13.6650343,79.5139431,,"Gayathri Filling Station, S.No.308/1 & 308/2 Karakambadi Road, Rural, Tirupati",0101000020E610000050A09971E4E05340BF6F32607F542B40
AG&P Pratham CNG Station,13.6368051,79.4975943,,"TGR Quality Fuels SY.NO.707/2A, Thukkivakam Village, Karakambadi Rural, Tirupati",0101000020E6100000444BC395D8DF53401EDA6C510B462B40
AG&P Pratham CNG Station,13.6774266,79.3537734,,"M9H3+699 Sri Venkateswara Filling Station, Tirumala Outer Ring Rd, Balajy Colony, Tirumala, Tirupati",0101000020E610000076CC2F39A4D6534086E1C8A8D75A2B40
AG&P Pratham CNG Station,13.9057906,79.9010881,,"Srivari Filling Station, Bus Stand, Srikalasti Road, beside Naidupeta, Naidupeta, L.A.Sagaram",0101000020E610000025146C6DABF95340660C18C9C3CF2B40
AG&P Pratham CNG Station,13.5780853,79.3026938,,"SMR The Best Filling Sation, NH 140, Tirupati to Bangalore Road, Chandragiri",0101000020E6100000EDECD0555FD35340C198E3CBFA272B40
AG&P Pratham CNG Station,14.1214666,79.8714869,,"NH16, opposite Celebrations restaurant, Mutyalapadu Rural",0101000020E61000001D99FD70C6F75340D51CC5DE303E2C40
HP Petrol & CNG,13.6774288,79.3537743,,"M9H3+699, Tirumala Outer Ring Rd, Balajy Colony, Tirumala, Tirupati",0101000020E6100000942AF63CA4D65340AFBC9AF2D75A2B40
CNG,13.6161818,79.4858138,,"JF8P+F93, Tirupati",0101000020E610000083BCC39217DF5340E4C74E2E7C3B2B40
"SMR The Best, BPCL CNG/PETROL/DIESEL Station",13.5787835,79.3013219,,"NH 140 Tirupati, to, Bangalore Road, Chandragiri",0101000020E61000006484A6DB48D35340C8ED974F56282B40
CNG Gas,13.4639454,79.5366339,,"FG7P+HMC, Ontimitta",0101000020E6100000329BB63558E25340604260408AED2A40
TIRUPATI GAS CAR CENTER,13.6297973,79.4661397,,"OPP: BHAGWAN MOTORS, Renigunta Rd, near NARAYANDRI HOSPITAL, SV Auto Nagar, Tirupati",0101000020E610000081B79B3BD5DD5340DC37ADCA74422B40
AG&P Pratham CNG Station,14.6034375,77.6065625,,Rapthadu,0101000020E6100000B81E85EBD1665340295C8FC2F5342D40
AG&P Pratham CNG Station,14.5235424,77.7569166,,"GQF4+CP, Bathalapalli",0101000020E61000002BB35252717053408223DCBF0D0C2D40
AG&P Pratham CNG Station,15.153524,77.373774,,"Devi devendra Filling Station H.P Petrol Bunk, Hanumesh Nagar, Guntakal",0101000020E61000001686C8E9EB5753405E4D9EB29A4E2E40
AG&P Pratham CNG Station,14.6635959,77.6134905,,"Shiva filling station, Sarada Nagar, Vijayanagar Colony, Anantapur",0101000020E6100000077AA86D43675340F68480D7C2532D40
AG&P Pratham CNG Station,14.9023007,77.9736663,,"Juturu, Ground Floor, Divya Sai Filling Station Lock No 66, 67, Anantapur Road, Nandala Padu, Tadipatri, Anantapur",0101000020E6100000E9ED748C507E5340D9507B5BFACD2D40
AG&P Pratham CNG Station,14.6690311,77.5801734,,"Sreenivasa FS, 1/697C, Rudrampeta St, Rudrampeta, Anantapur",0101000020E610000096C09C8F2165534089038D3E8B562D40
BP fuel stop & CNG Filling stations,14.689896,77.5837648,,"syndicate nagar, Anantapur",0101000020E6100000952309675C6553404D486B0C3A612D40
AG&P Pratham CNG Station,15.0583125,77.6301875,,"3J5J+83, BP COCO, National Highway, Ramarajupalle, Gooty",0101000020E610000046B6F3FD5468534060E5D022DB1D2E40
AG&P Pratham CNG Station,14.7790909,78.5525428,,"SY NO 624, The, Filling Station, 2A2, Korrapadu Road, Proddatur",0101000020E6100000FAE879DC5CA35340F038A000E58E2D40
AG&P Pratham CNG Station,14.7378164,78.5478301,,"S.no.542, BMM Filling station, 1, Old Bypass Road, Somulavaripalli, Proddatur",0101000020E6100000ECD0FAA50FA35340A8E73812C3792D40
AG&P Pratham CNG Station,14.4709213,78.8627118,,"Andhra Asbestos Kadapa Tirupati Bypass Road, Tilaknagar, Kadapa",0101000020E6100000E4B78DAB36B75340C8FABC981CF12C40
CNG STATION AGP kadapa CITY GAS,14.4738389,78.8253905,,"FRFG+G5J, Nehru Park Rd, R K Nagar, Sankarapuram, Chinna Chowk, Kadapa",0101000020E610000076FBAC32D3B453402E2526039BF22C40
Super Gas Kadapa City,14.4628397,78.8430801,,"FR7V+46P, Moulali Rd, RTC colony, Kadapa",0101000020E6100000235A3C06F5B55340B6943D53F9EC2C40
AG&P Pratham CNG Station,14.9480788,79.9989409,,"DS Naidu Filling Station Madurupadu, Nellore, NH-5, Guntur-Chennai Hwy, Kavali",0101000020E6100000C108D0A5EEFF5340D50FA0956AE52D40
AG&P Pratham CNG Station,14.6304619,79.6221208,,"Sambavi Filling station, Vinjamur-Atmakur Rd, Nellore Palem, Atmakur",0101000020E6100000548AC2D3D0E7534080BFF3E6CB422D40
AG&P Pratham CNG Station,14.8475404,79.5859532,,"Subhashini Filling Station, Kaligiri Road, Vinjamur",0101000020E610000024BFD94180E55340D813B8D0F0B12D40
AG&P Pratham CNG Station,14.5181705,79.9875921,,"& Mandal, Chowdary Brothers Nellore Kavali Road, Opposite Nellore Grand Kovvur Village, NH16, Nellore",0101000020E61000006ED27EB534FF53400281CEA44D092D40
Hindustan Petroleum CNG,14.9484353,79.9990749,,HPC Dealers Maddurupadu Indl Estate Kavali BYE Pass,0101000020E61000004970D9D7F0FF534070BEC74F99E52D40
AG&P Pratham CNG Station,14.5937189,79.7500223,,"Sangam, State Highway 57, Bellary - Nellore Rd, Nellore",0101000020E61000005371885D00F05340C10875ECFB2F2D40
Megha Gas CNG Station,15.8843521,78.016284,,"NH44, Alampur (P), Pullur",0101000020E6100000ADDC0BCC0A8153403F4C67CCC9C42F40
MeghaGas CNG station,15.9852185,77.9750272,,"Survey No 6, Manopadu, Jullapuram, XXPG+32R, C/2, Undavelly, Raimakulakunta",0101000020E6100000782D7CD8667E53400FD4298F6EF82F40
Megha Gas CNG Station,15.89802,78.0177826,,"NH 44, Pullur",0101000020E6100000065CA15923815340CF4E0647C9CB2F40
AG&P Pratham CNG Station,16.2292462,77.3533801,,"Plot no;2A, Syno; 264&267, M/s LCNG, KIADB Industrial Area, Rajendra Gunj, Raichur",0101000020E6100000A92391C79D56534076BB03E1AF3A3040
AG&P Pratham CNG Station,16.2723633,77.3498613,,"M/s Airport Fuels Hyderabad, Road, Raichur",0101000020E6100000B568A620645653407121EA99B9453040
CNG GAS filling station,15.9851645,77.9749847,,"XXPG+32R, Raimakulakunta",0101000020E61000006C263A26667E5340425C397B67F82F40
Bharat Petroleum Corp Ltd CNG Gas,16.3645456,78.0504132,,"Nagavaram, Wanaparthy",0101000020E6100000595249F83983534094E645DC525D3040
Cng,16.0538659,78.0667884,,"3338+GP7, Yaparla",0101000020E61000002370DA42468453409FDED627CA0D3040
IOCL CNG GAS STATION,15.897844,78.0176627,,"NH 44, Pullur",0101000020E6100000FBB6BB6221815340D4D17135B2CB2F40
Vaibhava Go Gas Fuel Station,15.7804161,78.0311885,,"National Highway 44, Dinnedevarapadu",0101000020E6100000B9E00CFEFE815340328BF5B2928F2F40
Suryam Auto Gas,16.2082536,77.3503918,,"6952+852, opposite Snt talkies, Androon Quilla, Raichur",0101000020E61000005772BAD16C5653403646A11B50353040
HP gas station,15.4815435,78.4851352,,"351, near Harihara Gas Agency, Padmavathi Nagar, Nandyala",0101000020E6100000DC8882740C9F5340E833A0DE8CF62E40
Chilakaluripet CNG STATION,16.1028346,80.1690847,,"4539+4JP, CR Colony, Chilakaluripet",0101000020E61000004130A248D20A5440B2E54B5E531A3040
Indian Oil with CNG,15.6055833,80.0277638,,"Survey No 93/1A2 Maddipadu, Seetharamapuram, Annangi",0101000020E6100000D040D1E1C6015440EC01A9030F362F40
Kargil Haji Basha CNG and Fuel Indian Oil Outlet,15.4718966,80.0484137,,"South Bypass, beside Club Square, near Aster Ramesh Hospital, Ongole",0101000020E61000006A8BC63519035440EC2F606E9CF12E40
Indian oil petrol and CNG bunk,16.2294864,80.0344241,,"62HM+QQV, Lingamguntla Agraharam Rural",0101000020E61000006EEC23013402544074E0E69EBF3A3040
Megha Gas CNG station,16.2465625,81.1444375,,"64WV+JQ7 Borrapothupalem, 160/1, Brahmapuram, Pedana",0101000020E610000039B4C8763E49544085EB51B81E3F3040
MeghaGas CNG station,16.3350625,80.9186875,,"8WP9+2F4, Pamarru, Kurumaddali",0101000020E61000009EEFA7C6CB3A5440B29DEFA7C6553040
"Cng gas Station Sri Sai Green Fuel Agencies (Megha Gas),Machilipatnam.",16.1697471,81.1213364,,"near Bapanaya Rice mill, Inugudurupeta, Jalal Pet, Machilipatnam",0101000020E61000001F74BFF9C34754404117C38B742B3040
CNG,15.8662229,80.4056324,,"856/1, Stuartpuram, Chirala",0101000020E6100000AC0C99E1F5195440B217659181BB2F40
Hp petrol bunk +CNG,16.3025902,80.4372587,,"8C2P+XW6, 5th Ln, Brodipet, Guntur",0101000020E61000000E19EA0BFC1B54401117258D764D3040
Indian Gas Station,16.3514826,80.2860011,,"972P+HCR, Bheeminenivaripalem",0101000020E6100000AEC78ED74D125440F11C80C3FA593040
MeghaGas CNG station,16.7575446,77.9756124,,"QX5G+26Q, Koilkonda Rd, Kristan Pally, Mahbubnagar",0101000020E61000009DE4FD6E707E5340EB426271EEC13040
MeghaGas CNG station,16.8389375,78.1561875,,"R5Q4+HFG, Raipalle",0101000020E6100000D122DBF9FE89534054E3A59BC4D63040
Bharat Petroleum and CNG gas Corporation Limited,16.7890776,78.1388785,,"Macharam, Polepalle, Macharam",0101000020E610000086E7A562E3885340940156FD00CA3040
SVR FUEL AND CNG GAS STATION Bharat Petroleum,17.0211234,78.1976943,,"1 km Befor Raikal tool gate, Towards Hderabad, to, Hyderabad - Bangalore Hwy, Chilkamarri",0101000020E6100000C246FE05A78C53402A2ED85768053140
Sri Ala Sai fuel filling station CNG filling station,16.6531101,78.0069621,,"Hyderabad - Bangalore Hwy, Annasagar",0101000020E6100000EFF3291172805340F22F383932A73040
CNG pump,17.2575756,77.5874633,,"7H5P+2XP, Tandur, Malreddipalle",0101000020E61000006A46ABFF98655340613F7A79F0413140
Megha CNG gas filling station,17.0552312,78.2109036,,"3646+2HC, NH 44, Farooqnagar",0101000020E6100000F426D0717F8D534006B8C5A1230E3140
HADI FILLING STATION PETROL DIESEL CNG & EV CHARGING,17.2810455,77.6118606,,"Tandur - Mominpet Rd, Antharam, Tandur",0101000020E610000080AD5CB9286753401F300F99F2473140
CNG 3 kms,17.1858003,77.2845921,,"57PM+8RG, Sedam",0101000020E6100000CC8CC8C1365253404516C49B902F3140
Megha Gas CNG station,16.6743372,78.4984142,,"MFFX+Q87, Kalwakurthy",0101000020E61000002B37AC04E69F5340E979DC5CA1AC3040
HPCL Megha Gas CNG Station,17.3393171,78.318032,,Sy.no.62 Himayathnagar (v Moinabad (m,0101000020E610000037C5E3A25A9453403B79477CDD563140
Bhagyanagar Gas Limited CNG Station,17.3391139,78.5676786,,"8HQ9+J3Q, Sainath Colony Rd, Anitha Nagar, Auto Nagar, Hyderabad",0101000020E6100000E6689FD854A45340781E262BD0563140
Megha Gas CNG Station,17.1413751,78.2714663,,Anthireddyguda,0101000020E6100000D51D30B45F915340FFF7962831243140
Bhagyanagar Gas Limited CNG Station,17.3256941,78.4773581,,"opposite Reliance Smart, Dastagirnagar, Kesav Giri, Chandrayangutta, Hyderabad",0101000020E6100000C4FEFC088D9E53400A0044B060533140
Megha Gas CNG Station,17.1764375,78.6539375,,"5MG3+HHR Khanapur, Hyderabad - Nagarjuna Sagar Rd, Ibrahimpatnam",0101000020E61000003108AC1CDAA95340BA490C022B2D3140
Bhagyanagar Gas Limited CNG Station,17.3223343,78.6113586,,"4-3-110/d, Sri Sai Colony Phase 2, near h.p petrol bunk, Sai Colony, Hayathnagar_Khalsa, Hyderabad",0101000020E61000003748D27F20A753400AE12C8084523140
Bhagyanagar Gas Limited CNG Station,17.3590432,78.4426966,,"9C5V+J38, Najamnagar, Hafiz Jalal Baba Nagar, Hyderabad",0101000020E61000003AC31E24559C5340E7D95141EA5B3140
Bhagyanagar Gas Limited CNG Station,17.3362409,78.5517588,,"8HP2+FPR, Omkar Nagar, Jahangir Nagar Colony, Hyderabad, Chintalkunta",0101000020E6100000EF51240450A35340DE1335E213563140
CNG GAS FILLING STATION,17.2647989,78.8342682,,"Survey No, 157/A, Yallagiri Village, Choutappal Mandal, Yallagiri, Choutuppal Taluka:, District:, Choutuppal",0101000020E6100000F0C572A664B553404B8457DCC9433140
Bhagyanagar Gas Limited CNG Station,17.3539545,78.5556473,,"9H34+J66, Sivaganga Colony, L. B. Nagar, Hyderabad",0101000020E61000001667B1B98FA35340A4C519C39C5A3140
MeghaGas CNG Station,17.2259433,79.137381,,"Survey No, 190, CHITYAL VILLAGE & CHITYAL MANDAL Taluka:, District:, Chityala",0101000020E6100000E085ADD9CAC8534015408C6BD7393140
Hyderabad Gas Limited CNG Station,17.3443225,78.4940348,,"8FVV+PHH, Edi Bazar West, Edi Bazaar, Hyderabad",0101000020E61000007F4523449E9F5340E7C6F48425583140
Bhagyanagar Gas Limited CNG Station,17.31483,78.4591026,,"8F75+XM6, Milardevpally, Udamgadda, Vattepally, Hyderabad",0101000020E61000008C20DFEF619D5340B8CCE9B298503140
Bhagyanagar Gas Limited CNG Station,17.3574357,78.4246338,,"9C4F+XRH, Khayyam Nagar, Rambagh Colony, Hyderabad",0101000020E6100000ADF13E332D9B534041ECF1E7805B3140
MeghaGas CNG Station,16.8568551,78.5294932,,"Balaji Nagar, Srisailam Highway, near MRO office, Amangal",0101000020E6100000155D7237E3A153402BE917DB5ADB3040
Bhagyanagar Gas Limited CNG Station badangpet,17.3176824,78.5184189,,"8G99+398, Sai Nagar, Madhura Nagar, Hyderabad, Balapur",0101000020E6100000364877C62DA15340C9833EA253513140
Bhagyanagar Gas Limited CNG Station,17.3486846,78.4520553,,"8FX2+FRF, NH 44, Salar Nagar, Tad Bun, Hyderabad",0101000020E6100000F15E5A79EE9C53406C9ED96443593140
M/s. Bhagyanagar Gas Limited - Saroornagar,17.3556548,78.5452155,,"Sy.no. 13 to 15, P.no. 1/2, Chitra Layout, L. B. Nagar, saroornagar, Hyderabad",0101000020E61000006D718DCFE4A2534059AA66310C5B3140
Megha Gas CNG Station,17.2925625,78.7514375,,"7QV2+2HJ, Hyderabad - Vijayawada Hwy, Mazidpur",0101000020E61000003BDF4F8D17B0534037894160E54A3140
HP Petrol & CNG Station,17.3492818,78.5134818,,"8GX7+P99, near central excise colony, Central Excise Colony, New Santoshnagar, Santosh Nagar, Hyderabad",0101000020E6100000D685C4E2DCA05340881634886A593140
Megha Gas CNG Station,16.9781875,78.5044375,,"XGH3+7Q, Amangal, Kadthal",0101000020E6100000105839B448A0534023DBF97E6AFA3040
MeghaGas CNG Station,16.7134287,78.988408,,"PX7Q+998, SH19, Venkatampeta Gate, Konda Mallepally",0101000020E6100000B5C6A01342BF53401E876643A3B63040
Hp bunk CNG,17.308015,78.4315167,,"8C5J+6PG, Old Kurnool Rd, Telangana NGOS Colony, Katedhan, Hyderabad",0101000020E6100000628B38F89D9B53406DAD2F12DA4E3140
Meghagas CNG Station,17.2495013,78.473867,,"6FXF+RG5, Mamidpally, Kurmalguda",0101000020E6100000D5E940D6539E53403ACF3351DF3F3140
Elvee plaza filling station BPCL and cng,17.2923126,78.7515295,,"7QR2+WHV, Nalgonda",0101000020E6100000AC1E300F19B053406F35A1FFD44A3140
CNG (BGL),17.3266098,78.526073,,"8GGG+JCW, Sarvodaya Colony, Meerpet, Hyderabad",0101000020E6100000C093162EABA15340988D29B39C533140
CNG Station Megha Gas,16.8583616,79.5792666,,"chennai by-pass road, near agri gold venture, Hydla Puram",0101000020E610000091AA37B412E553406924F895BDDB3040
Megha Gas CNG Station,17.1512664,79.6061469,,"Survey NO 485, HPC Petrol Bunk, 486, Jangam X Road, Gandhi Nagar, Suryapet",0101000020E610000098045E1CCBE65340D1FB1065B9263140
Megha Gas CNG station,17.2513194,80.165057,,"7528+H36, 3-1-62, Wyra Rd, Indira Nagar, Indira Nagar Colony, Khammam",0101000020E6100000753E3C4B900A5440B0D9DB7756403140
MeghaGas CNG Station,17.017706,79.9937276,,"11/A3, 11U, 17/EE, 17/EE1, 17/EE2, 17/EE3, 17/EE4, 17/U&18AA, 11, 17,18 Tammara Badrapalem, Beside Reliance MLV-08, Kodad",0101000020E61000007CC8A53B99FF534067F1626188043140
MeghaGas CNG Station,17.1360671,79.6331928,,"Survey No, 189, MADHARAAM VILLAGE, MADHARAAM, District:, Suryapet",0101000020E61000000304183B86E85340C38F204BD5223140
Meghagas CNG Station,17.1626238,79.3264453,,"&, HPC Dealers RS NO 126/A2 ON NH 9, Mandal, Katangur",0101000020E6100000B5DBD37AE4D453401E8D9EB6A1293140
Megha Gas CNG station,16.9822264,80.0036044,,"Survey No 238/A NH 65, Kodad, Dorakunta",0101000020E6100000CA07F30D3B0054408F44793073FB3040
Raghavendra filling station CNG,17.2513709,80.1649586,,"15-9-3, opposite district court, Kaviraj Nagar, Khammam",0101000020E61000006A0C84AE8E0A544085AAE2D759403140
MeghaGas CNG station,16.9821294,80.00354,,"X2J3+VCR, X2J3+WCJ, Dorakunta",0101000020E6100000950ED6FF39005440AB7015D56CFB3040
MeghaGas CNG Station,17.2573292,80.1192144,,"Nava Durga Auto Fills, Nayudupet, Khammam",0101000020E6100000964D6F35A10754404C4E9253E0413140
Bharat Petrol pump and CNG station Tipparthi,17.0211496,79.3787589,,"MALLEPALLIVARIGUDEM, Nalgonda",0101000020E61000006924F8953DD85340D052680F6A053140
Shiva Sai Filling Station cng,17.157411,79.4582056,,"5F45+X78, Nalgonda",0101000020E610000005B6943D53DD5340D90759164C283140
"Bharat Petroleum, Petrol Pump -Neethu Petro Fills, CNG",17.1493611,79.5771916,,"SURYAPET-KETHEPALLY, NALGONDA",0101000020E6100000A96109B5F0E453406ACB6F873C263140
Sanga mitra gas station,16.5612122,79.3113434,,"H866+FGP, Vijayapuri South, Nagarjuna Sagar",0101000020E6100000D434DE0CEDD35340C01D4D9AAB8F3040
Megha Gas CNG station,16.6289843,80.9618794,,"GRX8+4PX 8-201, NH-5, Main Road, Gannavaram",0101000020E61000008D6C9D6E8F3D54408C32761D05A13040
Megha Gas CNG Station,16.5513986,80.6171495,,"Megha Gas CNG, Himaja Filling Station, opp. BGL Gas Station, Vijayawada",0101000020E610000089CF9D607F275440680F6A75288D3040
Meghagas CNG Station,16.5077196,80.612256,,"NH 65, Krishnalanka, Vijayawada",0101000020E6100000E831CA332F275440C88965E9F9813040
Megha Gas CNG station,16.6321875,80.9553125,,"JXJ4+V49, Bapulapadu, Hanuman Junction, vijayawada",0101000020E6100000713D0AD7233D5440A4703D0AD7A13040
Megha Gas CNG Station,16.9153125,80.3661875,,"W988+4FM, Madhira - Wyra Rd, Madhira",0101000020E61000000E2DB29D6F175440B81E85EB51EA3040
Megha Gas CNG station,16.557371,80.6746197,,"HM5G+73R, Nunna Bypass Rd, Vedurupavuluru",0101000020E6100000302F1BF82C2B544023BDA8DDAF8E3040
Megha Gas CNG Station,16.5432183,81.1977278,,"G5VX+83H, Achavaram, LOKUMUDUGARUVU, Kaikaluru",0101000020E6100000A4A08092A74C5440B616C15A108B3040
CNG Station - Shree Krishna Service Station COCO,16.4715625,80.5959375,,"Trunk Road, Tadepalle, Nulakapeta, Tadepalli",0101000020E6100000713D0AD7232654401F85EB51B8783040
MeghaGas CNG station,16.5684878,80.8575934,,"HV94+7H5, Atkuru",0101000020E6100000FD906DCFE2365440CC2C9D6A88913040
Meghagas CNG Station,16.5113877,80.7322833,,"krishna, Plot No, 69, 70 & 90, Ibrhimpatnam village, dist",0101000020E61000000C3AC6BADD2E5440A013E74DEA823040
Bhagyanagar Gas Limited CNG Station,16.5512006,80.6173971,,"RS 70 Kottur, Tadepalli Rd, near YV Rao Estate, Vijayawada",0101000020E61000004C49206F832754401C89867B1B8D3040
Megha Gas CNG station,16.6034233,80.5013594,,"JG32+GH8, Hyderabad - Vijayawada Hwy, Jupudi",0101000020E6100000B3A2BC4516205440F7240BF3799A3040
Bhagyanagar Gas Limited CNG Station,16.5023952,80.6744196,,"GM2F+WQM, Auto Nagar, Vijayawada",0101000020E61000000272D3B0292B5440D9AAC9F89C803040
Bhagyanagar Gas Limited CNG Station,16.5237037,80.5967509,,"GHFW+FPJ, Bhavanipuram, V D Puram, Vijayawada",0101000020E6100000F3D6AF2A31265440504B187211863040
Meghagas CNG Station,16.756078,80.6485845,,"HP Bunk, Mylavaram",0101000020E6100000520C9068822954409F39EB538EC13040
Meghagas CNG Station,16.4845283,80.6851535,,"Bhagyanagar Colony, Padmaja Nagar, Ashok Nagar, Vijayawada",0101000020E61000005BCF108ED92B54408A7CF20B0A7C3040
MeghaGas CNG Station,16.6782966,80.8056031,,Vadlamanu,0101000020E610000099034E008F335440EDFC91D8A4AD3040
"GGPL CNG Station,Eluru, Swati Fuel",16.7267494,81.0941315,,"P3GV+MMR, Rajarajeswari Nagar, Lunani Nagar, Sanivarapupeta",0101000020E610000080812040064654403B63A93F0CBA3040
CNG,16.6006178,80.5115974,,"JG26+5HW, Kotikalapudi - Modepalli Rd, West Ibrahimpatnam",0101000020E6100000FE6D0503BE2054403D659016C2993040
MeghaGas CNG station,16.6229933,80.4525301,,"JFF3+62X, NH 65, Kachavaram",0101000020E610000029FDCE40F61C54408B20297D7C9F3040
CNG Bunk,16.5157787,80.6240665,,"GJ8F+8J8, Andhra Ratna Rd, Hanumanpet, Vijayawada",0101000020E6100000DE019EB4F02754403079A8120A843040
CNG station BPCL,16.7261073,81.0941265,,"Chintalapudi - Eluru Rd, opp. SBI Bank, Lunani Nagar, Eluru, Sanivarapupeta",0101000020E6100000F7CB272B0646544009E3022BE2B93040
"CNG Bharat Petroleum, Petrol Pump -Sri Balaji Bharath Filling Station",16.7827528,80.2804885,,"Hyderabad - Vijayawada Hwy, Ashok Nagar, Nandigama",0101000020E6100000DD990986F311544039DACC7C62C83040
Hindustan Petroleum & MeghaGas CNG,16.63163,80.9520784,,Veleru,0101000020E610000098CE3DDAEE3C5440282CF180B2A13040
HP Petrol Pump CNG Prakash Fuel Point,16.5028119,80.6748057,,"D No.54-9-54A, Plot No. 19, 20, 100 Feet Road, Auto Nagar, Vijayawada",0101000020E6100000E1293F04302B5440258ADA47B8803040
Amalapuram CNG station,16.5456238,81.9857088,,"GXWP+38C, Peruru Rd, Perurupeta, Amalapuram",0101000020E610000048D85CDA157F544054EB5800AE8B3040
Godavari Gas Private Limited CNG Station,16.5567799,81.5040955,,"HG43+PJ9, Narasimhapuram, Bhimavaram",0101000020E6100000E4A3C51943605440F591A520898E3040
Bhagyanagar Gas Limited CNG Station,17.0734137,82.1233659,,34FF+996,0101000020E6100000437C163AE58754400F94803DCB123140
CNG Bunk,17.0761051,82.1217181,,"34GC+CMW, Peddapuram Samalkota Bypass Rd, Peddapuram",0101000020E610000033B5B63ACA8754400E8FB39F7B133140
Godavari Gas Private Limited CNG Station,17.0259001,81.8067103,,"2RG4+8PR, Padmavathi Nagar, Rajamahendravaram",0101000020E61000002BF63C24A173544090769263A1063140
Hindustan Petroleum CNG Station,17.0056823,82.1035181,,"2443+79P, Medapadu",0101000020E6100000D282610AA086544083AA2C6574013140
Godavari Gas Private Limited CNG Station,17.1580533,82.0179424,,5259+65G,0101000020E61000008D4DE1F7258154405E865A2E76283140
Godavari Gas Private Limited CNG Filling Station,17.0238148,81.7165209,,"2PF8+GJC, Kovvur Rd, Nandamuru, Kovvur",0101000020E6100000A2197A7ADB6D544029290BBA18063140
Godavari Gas Private Limited CNG Station,17.007366,81.8166941,,"2R48+WMW, Padmavathi Nagar, Rajamahendravaram",0101000020E6100000849554B744745440331AF9BCE2013140
GGPL CNG Filling Station,16.9587351,82.0087099,,"1-133, Canal Road, Balabhadhrapuram",0101000020E6100000B1E9F7B38E805440FC06DCA96FF53040
"Bharat Petrol Bunk( Petrol , CNG)",17.0269756,81.8079919,,"Eluru By Pass Road 2, Lalacheruvu, Rajamahendravaram",0101000020E6100000B57BA823B67354403CCA77DFE7063140
HP (HPCL) SRINIVAS AGENCIES CNG DIESEL,17.0258917,81.8067976,,"AH45, HP Petrol Bunk, Lalacheruvu, Rajamahendravaram",0101000020E6100000719F6692A2735440E3BCA4D6A0063140
HP PETROL & CNG PUMP,16.9439942,81.6691489,,"WMVC+584, Garappadu",0101000020E6100000E169E855D36A54401A9D989AA9F13040
HP PETROL STATIONand gas station CNG,16.768615,81.5314663,,Pentapadu,0101000020E6100000465B3A8B036254400D37E0F3C3C43040
Bharat Petroleum CNG,16.7444357,81.7499026,,"PPVX+QXC, NH16, Peravali",0101000020E6100000DD8B7967FE6F54409179895693BE3040
HP Petrol Pump and CNG GAS & Pollution Testing - Pushpa Ser. Stn.,16.5568504,81.5041494,,"NH 214, Undi Rd, Narasimhapuram, Bhimavaram",0101000020E61000001353D8FB43605440B7C370BF8D8E3040
BHARAT GAS,17.2395123,82.0957902,,"63QW+R83, Irripaka, Mamidada",0101000020E6100000BF11386D21865440607D97AD503D3140
"Adani CNG Station, Ahatguri LHS",26.1299338,92.3525659,,"49H2+XX, Banpara Darapani",0101000020E6100000D48B9070901657401FA56D5743213A40
Torrent Gas CNG Station,17.6258136,78.1199854,,"Sri Durga Bhavani Filling Station HPCL Station, Sangareddy-Narsapur Road Near MNR Hospital & MNR Group of Institutions Fasalwadi, Sangareddy",0101000020E6100000D73F3ED7AD8753405C64F15135A03140
CNG Station,17.8406069,78.0702603,,"R3RC+74C, Medak-Jogipet Rd, Jogipet",0101000020E610000042AD0E257F845340BD4A880332D73140
CNG Pump--- Torrent gas,17.617075,77.9755138,,Mumbai Hwy,0101000020E6100000FDF26ED16E7E5340E02D90A0F89D3140
CNG Pump Bidar,17.90221,77.5332786,,"Haladkeri, Bidar",0101000020E610000007AA903C21625340C91F0C3CF7E63140
CNG gas filling station (Megha gas),17.5530465,77.9085642,,"HW35+6C, Burugupalle",0101000020E6100000405475EA257A5340D2AA9674948D3140
Torrent Gas - CNG,17.6810718,77.6409358,,"MJJR+C9F, Allipur",0101000020E61000007AF5961705695340553AB3B85AAE3140
Siddhivinayak- CNG Station,17.7503461,77.3110022,,"Q826+495, Mangalgi",0101000020E6100000FB7EC575E7535340602E98AE16C03140
"Sri Sai Petroleum, BPCL Dealer CNG",17.9300506,77.4852137,,"NAUBAD RD BIDAR,MADHAV NGR, Bidar",0101000020E61000008E44C3BD0D5F53400CA0CECB17EE3140
Sneha Petroleums(BPCL) & CNG Available.,17.9402891,77.4262655,,"WCQG+RGQ, Kolhar K",0101000020E6100000707A17EF475B5340084955C9B6F03140
Gas Station,18.0378456,77.7891454,,"Road, Narayankhed (CT)",0101000020E61000007C32B55B81725340294CCE3FB0093240
Bhagyanagar Gas Limited CNG Station,17.4856895,78.3580068,,"F9P5+76C, Unnamed Road, Vinayaka Nagar, Hafeezpet, Hyderabad",0101000020E6100000B86F5A95E9965340B682A625567C3140
Bhagyanagar Gas Limited CNG Station,17.5969972,78.5445977,,"HGWV+RR3, Shamirpet, Secunderabad",0101000020E610000084BE4FB0DAA25340B7CDF9CED4983140
Bhagyanagar Gas Limited CNG Station,17.4699907,78.4370717,,"SRI Venkateswara Estate, IDA Kukatpally, Kukatpally, Secunderabad, Hyderabad",0101000020E6100000756094FBF89B534095EC7D4F51783140
Megha Gas CNG Station,17.5274375,78.6691875,,"GMG9+XM8, Keesara, Secunderabad",0101000020E610000017D9CEF7D3AA53401B2FDD2406873140
Bhagyanagar Gas Limited CNG Station,17.4736022,78.4739181,,"No GLR 516/PT, Plassy Lines, Bowenpally, Secunderabad, Hyderabad",0101000020E6100000E11E95AC549E53404B5068FE3D793140
"Bharat Petroleum, Petrol & CNG Pump -Srilaxmi Filling Station",17.5399814,78.3678295,,"BACHUPALLI,MIYAPUR-GANDIMA, RANGA REDDY",0101000020E61000004240BE848A975340C37295383C8A3140
Bhagyanagar Gas Limited CNG Station,17.5074309,78.4649705,,"Survey NO 229 TO 233, IDA Jeedimetla, Chinthal, Quthbullapur, Secunderabad, Hyderabad",0101000020E6100000B5C6A013C29D5340D77AD0FDE6813140
ONLINE CNG GAS STATION,28.1840625,77.8949375,,"5VMV+JX, near, THDC Flyover, Ishanpur, Khurja",0101000020E6100000B29DEFA74679534085EB51B81E2F3C40
MeghaGas CNG Station,17.4691382,78.763657,,"Survey No, 555/A, VILLAGE &, Bibinagar, District: YADADRI, 551/B, Kondamadugu Rd, Bibinagar",0101000020E610000022179CC1DFB05340E74DEA7019783140
Torrent Gas CNG Station,17.6675745,78.3721079,,"Sri Sai Ram filling station, HPCL, SH-6, Near Bonthapally Kaman Taluka - Jinnaram, Gummadidala, Gummadidala",0101000020E61000005445A79DD0975340C0249529E6AA3140
MeghaGas CNG Station,17.5269371,78.9270358,,"Survey No, 710 &711, Raigiri Village, Bhongir Mandal, District:",0101000020E610000028CEF68D54BB5340918C8B59E5863140
Bhagyanagar Gas Limited CNG Station,17.5234905,78.4247777,,"GCFF+9WC, Gajularamaram Rd, Prakasham Panthulu Nagar, Rodamestri Nagar, Secunderabad, Hyderabad",0101000020E61000007D64CE8E2F9B53404644317903863140
Torrent Gas CNG Station,18.0764316,78.2815046,,"Hpcl Retail Outlet Sy.no.76/e/4, 76/E/5 & 76/B/1, Mandal Secunderabad",0101000020E61000001CABDE2B049253408661760591133240
Megha CNG - Perala Filling Station - IOCL(CNG available),17.4636638,78.7439856,,Aushapur,0101000020E61000007A2CC7759DAF5340CE56B9ABB2763140
"Bharat Petroleum COCO Petrol & CNG Pump, BP Medchal",17.6644381,78.4889439,,ATTIVELLI,0101000020E610000009055BDB4A9F534065B7859D18AA3140
Cng,17.5083825,78.5411656,,"GG5R+9F3, Hislop Rd, Kindhi Basthi, Golf Pride Homes, Yapral, Secunderabad",0101000020E6100000186E0A75A2A25340D55B035B25823140
Thumu Venkatrao Filling Station Bharat petrol/CNG pump,17.4711874,78.4269988,,"FCCG+FR7, Moosapet Rd, Bhavani Nagar, Moosapet, Hyderabad",0101000020E61000009A5BC6F2539B53408B49C9BC9F783140
Hyderabad CNG Online,17.5970168,78.5445277,,"HGWV+RR3, Shamirpet, Secunderabad",0101000020E610000008D1B58AD9A253409E29CF17D6983140
CNG &BPCL Rani jahlkari fuel station,18.3242714,78.3119158,,"SH 11, Kamareddy",0101000020E6100000C306B06DF69353403407527303533240
Torrent Gas CNG Station,17.7142399,78.6218063,,"PJ7C+MPV, SH1, Chilla Sagar, Laxmakkapally",0101000020E610000098BCA6ACCBA7534091FF136DD8B63140
"Bharat Petroleum,CNG-Bandi Laxmikanthamma Filling Station",17.462696,78.7297996,,"VIGNANA BHARATHI INSTITUTE OF TECHNOLOGY, V), GHATK (M, Aushapur",0101000020E610000092A86109B5AE534072FDBB3E73763140
Bhagyanagar Gas Limited CNG Station,17.528405,78.2680353,,"1, Patancheru - Chandanagar Rd, JP Colony, Hyderabad, Patancheruvu",0101000020E61000001BEB877D27915340FA0AD28C45873140
CNG pump,18.1222937,78.8817022,,"Medak SH-1, Karimnagar - Hyderabad Hwy, Akberpeta Akberpeta",0101000020E6100000EC7310CF6DB85340C001D2A34E1F3240
CNG Megha Gas Station,17.6798158,78.5952039,,"MHHW+R4, beside Hilton Hyderabad Genome Valley Resort & Spa, Turkapally",0101000020E6100000E83C19D217A65340D84D846808AE3140
KUCHANA HARISH CNG PUMP,17.4887278,78.3579536,,"1, Sai Nagar Rd, Old Hafeezpet, Sai Nagar, Hafeezpet, Hyderabad",0101000020E6100000125F37B6E896534062A5DD431D7D3140
CNG Pump,17.5690124,78.4246014,,"Gandi Maisamma, Hyderabad",0101000020E61000007EB559AB2C9B5340BA04F1CBAA913140
Kanaka Durga Bharat CNG Petrol bunk,18.3497035,78.3071767,,Tekriyal,0101000020E6100000F72576C8A8935340F7CB272B86593240
Cng puma,17.485291,78.6098847,,"FJP5+4X6, Aravind Nagar, Nagaram, Secunderabad",0101000020E61000002B35D65908A753400B0BEE073C7C3140
Goel Fuel Station | BPCL - Petrol & CNG,17.9149067,78.4615132,,"MASAIPET, MEDAK",0101000020E6100000072BA96E899D53402B64535337EA3140
Megha Gas CNG Station,17.9702936,79.4969587,,"A N REDDY NAGAR, opp. :, Bapuji Nagar, Diesel Colony, Kazipet",0101000020E61000009CFDDC2BCEDF5340A3844F2965F83140
Megha Gas CNG Station,17.9515926,79.7517523,,"XQ22+PR3 Mother Station, Warangal Rd, Viswanathpur",0101000020E610000057CCADB51CF05340991D98929BF33140
Megha Gas CNG Station,17.9195625,79.5964375,,"WH9W+RH3, near APSP - IV Batallion camp, Warangal",0101000020E6100000E92631082CE65340C520B07268EB3140
Megha Gas CNG Station,17.6019375,80.0099375,,"J225+QX5, near Vrn Gardens, Gumudur, Mahabubabad",0101000020E61000004260E5D0A20054406ABC7493189A3140
CNG Station Megha Gas,17.9703633,79.496915,,"XFCW+4Q8 25-11-224, National Highway 163, No: 1B, Main Rd, Bapuji Nagar, A N Reddy Nagar, Diesel Colony, Kazipet",0101000020E610000014799274CDDF534017BDAEBA69F83140
CNG Megha Gas Station,17.9998568,79.5555664,,"XHX4+W7C, Hyderabad - Warangal Hwy, Nakkala Gutta, Hanamkonda",0101000020E61000006AB05F668EE35340E7AE809DF6FF3140
Megha Gas CNG station,17.6721875,80.8900625,,"MVCR+V2C TSRTC Bus Stand, next to Bhadrachalam, Bhadrachalam",0101000020E61000005839B4C8F6385440AE47E17A14AC3140
Megha Gas CNG Station,17.5885179,80.6835162,,"HMQM+CC2, Kothagudem-Bhadrachalam Rd, Palwancha",0101000020E61000005152BBBABE2B5440509CED1BA9963140
Megha Gas CNG Station,17.5844174,80.3296,,"near GOVERNMENT HOSPITAL, Bhagya Nagar Thanda, Yellandu",0101000020E6100000BE30992A181554409E36F4609C953140
MeghaGas CNG station,17.5479661,80.6142395,,"GJX7+5MQ, GJX7+8M6, TSRTC Bus Stand Rd, N.K.Nagar, Writer Basti, Kothagudem",0101000020E6100000541A31B34F27544011D19E81478C3140
HP PETROL PUMP CNG Filling - SRI VENKATESWARA FLG STN,17.5886457,80.6834413,,HPC Outlet Palvancha Village AND Mandal Kothagudem Road,0101000020E6100000160F9480BD2B5440586E0E7CB1963140
GCC HP GAS Godown,18.337574,80.4323145,,Eturnagaram,0101000020E61000008BC56F0AAB1B5440DBFAE93F6B563240
"Adani CNG station, Aambagan",26.5136646,92.8390294,,"GR7Q+FJR, SH 3, Pub Larimukh",0101000020E61000007B585EA8B2355740E81CF2857F833A40
Dhing CNG station,26.459965,92.4777254,,"FF5H+X3Q, Dhing",0101000020E6100000FC5D8E0D931E5740FD4D2844C0753A40
"Adani CNG Pump, Bordua",26.4281164,92.5441011,,"CGHV+7M8 CGHQ XQP, Nagaon Road",0101000020E6100000EE8D6B8DD22257409AE15009996D3A40
NRL Gas Station,26.016748,92.8675711,,"Hojai, Pachim Dhaniram Pather",0101000020E61000001B5DEF4886375740FE45D09849043A40
Assam Gas Company Ltd CNG Station,27.4699262,94.909404,,"Chowkidingee, Dibrugarh",0101000020E610000080B6D5AC33BA574097885C154D783B40
NRL Gas Station,26.9771794,94.6314357,,"XJGJ+RJ6, Assam Trunk Rd, Sivasagar",0101000020E6100000B841487169A857402D53DD6D28FA3A40
CNG Station AGCL,27.3371884,95.3136384,,"88P7+VFC, Chalakataki No.2, Duliajan No.2",0101000020E610000044B1CBA612D457402F979EFA51563B40
Bismillah Filling & CNG Station,23.7875206,90.5722305,,"Dhaka - Sylhet Highway Saoghat, Bhulta",0101000020E610000085D1AC6C9FA4564022ED35F39AC93740
Tripura Natural Gas Company Ltd CNG Station,23.8446653,91.3512808,,"Assam - Agartala Rd, near CNG Station, Khayerpur, Old Agartala, Agartala",0101000020E61000009DED76627BD65640E7902FFC3BD83740
Tripura Natural Gas Company Ltd CNG Station,23.8340427,91.2765206,,"bidurkarta Chowmuhani, Thakur Pally Rd, Krishna Nagar, Agartala",0101000020E6100000E66A7583B2D15640B1F787D283D53740
Tripura Natural Gas Company Ltd CNG Station,23.8114322,91.2705692,,"R76C+H6M, Milanchakra, Arundhauti Nagar, Agartala",0101000020E610000083537A0151D15640DCEB4905BACF3740
Tripura Natural Gas Company Ltd CNG Station,23.8700129,91.2735847,,"V7CF+2C4, Barjala Rd, Barjala, Agartala",0101000020E6100000E7CB666982D156401E99582AB9DE3740
HP CNG PETROL PUMP H DAS And SONS,26.4583455,90.9673249,,"Village Moutupuri, PO Howly, National Highway 31, Guwahati",0101000020E6100000D086B2A6E8BD5640CEC4742156753A40
Haji Gas Point,26.1175264,91.0790111,,"439H+2J6, Badla Rangapani Rd, Nagarbera",0101000020E610000058A192840EC55640A76ACC35161E3A40
CNG FILLING STATION,26.1771015,91.7551507,,"ASTC Airport AC, Bus Stop, GS Rd, Opposite Flyover Bridge, Ulubari, Guwahati",0101000020E61000004C039A6354F0564092921E86562D3A40
CNG FILLING STATION,26.0873204,91.5823571,,"22, Air force gate, Borjhar, Guwahati, Jugipara",0101000020E6100000FAC5B65645E556400D4636A15A163A40
BHARAT GAS..WASIM,26.157832,91.6773657,,"Assam Trunk Rd, Maligaon, Guwahati",0101000020E6100000A83BAAF559EB564024438EAD67283A40
"Bharat Petroleum , CNG GAS STATION",22.904699,83.4509432,,"Chhattisgarh 497101, India",0101000020E6100000A116DE40DCDC544052B9895A9AE73640
"Bharat Petroleum Petrol Pump , JANKI FUELS CNG",23.2569838,82.9871748,,"DATIMA TO LATORI, ROAD, CHHATTISGA",0101000020E6100000DD5B36DF2DBF5440109AB8B0C9413740
GAIL CNG STATION,23.1387177,85.6062067,,"Baredih, Gosanidih",0101000020E61000006EC72F17CC66554058E0D00083233740
Bharat and CNG Pump,23.3319584,85.3510199,,"89J2+QCJ, Doranda Main Rd, Bara Ghaghra, Ranchi",0101000020E6100000B1AF2B1C77565540EBA1C739FB543740
Gail CNG pump,23.3475773,85.2262389,,"86XG+2FQ, Nagri, Saparom",0101000020E61000005025B9B27A4E5540FD5470D3FA583740
GAIL CNG CGS SARWAL Filling Station,23.2670339,85.3984053,,"799X+86H, Sarwal",0101000020E61000006583F1787F595540606C6B555C443740
GAIL CNG Deori Automobile,23.0496986,85.6765989,,"HP Petrol Pump Vill Diuri Ranchi-tata NH33, PO Tamar, Ranchi",0101000020E61000009D0079654D6B554030A8250CB90C3740
"Gail CNG (petrol pump,digal fuel)",23.3730456,85.4348514,,"9CFM+5XX, Khelgaon-Tatisilwai Rd, Tatisilwai, Tati",0101000020E6100000AB67F79AD45B5540ADEA9BEA7F5F3740
Choudhary CNG gas station,23.4476618,85.2747031,,"C7XF+2XX, Ranchi",0101000020E610000007A74FBC9451554022ABB6F699723740
GAIL CNG MOTHER STATION,23.2657999,85.3978923,,"799X+86H, Sarwal",0101000020E610000022F5431177595540B3C755760B443740
CNG BPCL Filling Station,23.3567181,85.2734497,,"road, near kathal more, Argora, Daladili, Ranchi",0101000020E610000077A62B338051554029649DE0515B3740
JCFC CNG TESTING PLANT,23.4725114,85.4882878,,"near RTC ENGINEERING COLLEGE, Ormanjhi, Anandi",0101000020E61000004A02791B405F5540B7FCD181F6783740
GAIL CBG PLANT,23.412512,85.2568892,,"C774+2Q2, Jhiri",0101000020E6100000852C66DF705055402235ED629A693740
JHARKHAND CNG FITMENT CENTER,23.4700167,85.4663161,,"NH33 chakla more ormanjhi, Ranchi",0101000020E61000004AC67B1FD85D5540E712B30353783740
GAIL Gas CNG Station,22.7992198,86.1302333,,"Q4XJ+J3J, Industrial Area, Gamharia, Jamshedpur",0101000020E610000069160DBE55885540CF5037AB99CC3640
GAIL Gas CNG Station,22.8274597,86.2232537,,"R6GF+X8J, Adarsh Nagar, Mango, Jamshedpur",0101000020E6100000810DE3C9498E55400A421E66D4D33640
GAIL Gas CNG Station,22.8535869,86.1657842,,"V538+C8M, Dobo",0101000020E6100000634C55359C8A554045CBCBAB84DA3640
GAIL Gas CNG Station,22.7908207,86.1476688,,"Q4RX+73M, Main Road, Adityapur Industrial Area, Adityapur, Jamshedpur",0101000020E6100000EFA8D66773895540F57FB33973CA3640
CNG STATION KADMA,22.8148071,86.1534391,,"Vijaya Heritage, Uliyan, Jamshedpur",0101000020E61000005F1B3BF2D1895540710CB73297D03640
Jio-bp CNG Station Chandil,22.8782131,86.1829923,,"NH33, Khata No : 28 Kharsa No: 389, Birigora, Chandil, Kharswan",0101000020E6100000DEFA5525B68B5540356BDF92D2E03640
GAIL CNG Filling Station,22.8031151,86.1625649,,"R537+62W, Old Farm, Kadma, Jamshedpur",0101000020E6100000903E9C76678A55407C6C81F398CD3640
Shree Balajee Petroleum-CNG Station,22.8976901,86.0260818,,"chowka road, Khuchidhi, Kandra, Khuchidih",0101000020E61000005581FF52AB8155406671B504CFE53640
GAIL india CNG Station,22.8540492,86.2029961,,"V633+J59, NH 18, Kumrum, Mango, Jamshedpur",0101000020E6100000CBAD5AE3FD8C5540CA2CE7F7A2DA3640
Gail CNG Station Jugsalai,22.7779228,86.1860445,,"Q5HP+59W, Millenium Park, Bistupur, Jamshedpur",0101000020E610000071C63027E88B554010D0D8F225C73640
GAIL CNG Station,22.8207221,86.1855045,,"R5CP+76, Balichela Godown Area, Sonari, Jamshedpur",0101000020E6100000B130444EDF8B5540BD9AF2D71AD23640
GAIL CNG R.K Jain Filling Station,22.7974928,86.2115913,,"Q6W6+XJW, New Kalimati Rd, Hirasingh Bagan, Sakchi, Jamshedpur",0101000020E61000008F673CB68A8D5540A4CBF67C28CC3640
"Bharat Petroleum Petrol Pump , SARASWATI FILLING STATION & CNG STATION",23.0322744,86.3667047,,"BARABAZAR, Bypass Rd, Barabhum",0101000020E61000008772FD16789755407E7F942243083740
Shankardih fuel pump & cng station,22.9748612,85.8585402,,Shankardih jharkhand nh33 India,0101000020E610000048539852F2765540AA23EC8090F93640
Dangal Filling Station / CNG PUMP,23.3801985,86.0081176,,"SH 4A, Belyadi",0101000020E610000069A1AEFF84805540FE7C5BB054613740
Bharat Petroleum - Maa Durga Service Station - CNG - Katin,22.950883,86.4160058,,"Tata Road, Katin, Kankidih, Jamshedpur, Bandi",0101000020E6100000907CCAD69F9A554087527B116DF33640
HP Petrol Pump & CNG Modern Auto Stores,22.8008919,86.2073949,,"New Kalimati Rd, BESIDE Sakchi Gurudwara, Hirasingh Bagan, Sakchi, Jamshedpur",0101000020E6100000DC3642F5458D55409D21664007CD3640
Indianoil-Adani Gas Pvt Ltd CNG Station,23.5474657,87.311046,,"G8W6+XCM, Kabiguru Sarani, City Center, Durgapur",0101000020E61000004E637B2DE8D35540872E4DB6268C3740
Indianoil-Adani Gas Pvt Ltd CNG Station,23.5150221,87.3321494,,"G88J+2RM, Industrial Area, Durgapur",0101000020E6100000B5988EEF41D555409D37047DD8833740
"CNG station, Panagarh, Indian Oil-Adani Gas Pvt. Ltd",23.4541875,87.4706875,,"Sonai, Kanksa",0101000020E6100000B4C876BE1FDE554083C0CAA145743740
Gopinathpur Petrol Pump & CNG,22.9448273,87.552791,,Gopinathpur,0101000020E61000007BA180ED60E3554034DEB133E0F13640
Chagulia Petrol Pump & CNG Pump,23.0335571,87.1487069,,"Taldangra Chagulia Rd, Manikmara, Jiakanali",0101000020E6100000210CF26984C95540710CB73297083740
BPCL Petrol Pump & CNG Pump,23.1204375,87.3177031,,Joykrishnapur,0101000020E61000009F15623F55D4554046B6F3FDD41E3740
CNG Pump,26.0194545,82.9324307,,"2W9J+QXM, Sarai Meer",0101000020E61000005492D0F1ACBB5440914259F8FA043A40
HP PETROL PUMP - CNG STATION (M/S PADMABATI FILLING STATION),23.5072966,87.7439373,,"GP3V+GF, Sarangapur, Ramnagar",0101000020E6100000927131AB9CEF55403B5FA230DE813740
Petrol Pump and CNG station,24.170566,83.7454601,,Khajuri,0101000020E6100000447E479EB5EF54403ECF9F36AA2B3840
Bharat Petroleum( Dubey fuels&CNG STATION),23.7546138,83.208072,,"Q635+R6W, Wadraf Nagar",0101000020E6100000A7CD380D51CD54403C1CB85E2EC13740
DALLA FUELS & GAS SERVICES,24.4658207,83.0395091,,"Durga Nagar, Bar, Dalla",0101000020E61000003E192D5187C25440C14C800640773840
Laxmi Gas Service Station,24.2220328,83.0373752,,"62CP+RW5, NH 75, Renukoot",0101000020E61000009D6BF35A64C25440AAA33E24D7383840
Bpcl CNG Pump Chiyanki Daltonganj (Medininagar),24.0016842,84.1216344,,"opposite Heritage school, Chianki, Medininagar",0101000020E61000006484A6DBC807554080EB2F606E003840
HP PETROL PUMP - AMAN AUTOMOBILES + CNG,24.2369004,83.9116199,,"Village-godarma Khurd Ps, po, Rehla",0101000020E61000008038FEFA57FA5440C9682E81A53C3840
M/S UNIVERSAL FULES & CNG,24.2576051,85.405183,,"NH-33 Barhi Ranchi Road Khorahar, Po, Devchanda",0101000020E61000004A79AD84EE59554066C86768F2413840
SHIVKARAN LAL CNG,24.3092543,85.1679537,,"irki, itkhori, chatra, SHIVKARAN LAL AUTOMOBILES, CHATRA CHAUPARAN, ROAD, Itkori",0101000020E6100000802FE0C0BF4A5540BAA5304A2B4F3840
CNG pump,24.0653152,85.3891398,,"398Q+3JF, NH 20, Sijhua, Bonga",0101000020E61000009BA49EAAE758554084EE377FB8103840
HP PETROL PUMP PUGMIL SERVICE STATION(CNG not Available),24.006245,85.349131,,"Road, Pugmil Rd, near Daily Mart Supercentre, Azad Nagar, Hashmiya Colony, Pugmil, Hazaribagh",0101000020E610000044C18C295856554076C3B64599013840
"Bharat Petroleum Petrol CNG Pump , ARIHANT FUELS",24.2233663,84.8533259,,"BABHNEYCHATRA TOWN, Chatra, Bamhne",0101000020E61000001B553CE49C3655404D87A9882E393840
CNG petrol pump,24.4165409,85.4954281,,"CF8W+J3X, Gumo Rd, Bekobar, Doiadih",0101000020E61000003EC10F18B55F554048F2A66CA26A3840
GAIL GAS CNG STATION,23.782541,86.3885038,,"Check post, 194, Katras Rd, Matkuria, Godhar, Dhanbad",0101000020E6100000CAD70A3FDD98554075C7629B54C83740
GAIL GAS CNG PUMP,23.8272601,86.4570559,,"RFG4+WR3, Bhiphore Hirak Rd, Kunj Vihar, Dhanbad",0101000020E610000068BC6367409D554023C96251C7D33740
CNG pump devghar,24.4650715,86.7158909,,"FP88+49P, Kunda, Deoghar",0101000020E610000042C01028D1AD55403ACD02ED0E773840
HP Petrol Pump Gupta Petroleums CNG station,23.756826,86.3392331,,"NH-32, near Navneet recedency, Putki, Chirudih, Dhanbad",0101000020E6100000208EBFFEB595554033C34659BFC13740
Cng station Sindhari road near BITS Pilani university,23.6885717,86.4960286,,"MFQW+CCC, Sindri Rd, Sindri",0101000020E61000005DB8BDEEBE9F55407D73243C46B03740
CNG Gail gas Gupta fuels,23.7429405,86.2235432,,"P6VF+5CF, Mahuda More",0101000020E6100000904F23884E8E5540B75F3E5931BE3740
CNG Gail gas shree maa Shakti fuels,23.780829,86.419373,,"QCJ9+8PQ, Joraphatak Rd, Dhanbad",0101000020E6100000D3F4D901D79A5540B5C4CA68E4C73740
HP CNG Petrol Pump Nirsa Service Station,23.7802224,86.716548,,"Grand Trunk Rd, Nirsa",0101000020E6100000E98024ECDBAD55404C9BBBA7BCC73740
HP PETROL PUMP - SAAKSHI AUTO FUELS and CNG Station,23.8945943,86.2416775,,"NH2, Ledatand P.S, Topchanchi",0101000020E610000075ABE7A4778F554022B0CD2104E53740
DUMRA PETROL SERVICE STATION [CNG - DUMRA],23.7956875,86.2148125,,"Harina Basti, Dumra",0101000020E61000006891ED7CBF8D554004560E2DB2CB3740
Aditya Multicom Private Limited CNG PETROL DIESEL,23.8602404,86.3875002,,"HP Petrol Pump, NH-2, G.T. Road, Udaypur P.O. Kalyanpur, VIA ISM, Ranchi",0101000020E6100000628CA3CDCC985540ADB200B738DC3740
CNG Gail Gas jio RMBL Rajganj,23.8834447,86.2839986,,"V7MM+9HH, Kotaldih",0101000020E610000007C776082D92554014538E6E29E23740
CNG Station Madhupur,24.286692,86.6343391,,"CNG Station, Janta Service Station, Madhupur, Sapha",0101000020E6100000BE44060399A855405B069CA564493840
Cng pump,23.6889693,87.1566307,,"M5Q4+HMJ, Chakdola",0101000020E61000002C83C53C06CA5540B172C34A60B03740
CNG Jyoti pump,23.7346401,86.914825,,"PWM7+VW4, Salanpur, Talberia",0101000020E61000000B24287E8CBA554086D4A35F11BC3740
CNG PUMP VISHNU FUEL CENTRE,23.9616384,86.8263767,,"XR6G+PH7, Jamtara",0101000020E61000004A2B195BE3B45540E89326EF2DF63740
GAIL CNG Krishana Ro Filling Station,25.2975962,83.0018972,,"72X2+2QJ, Durgakund Rd, Gauriganj, Bhelupur, Varanasi",0101000020E61000000EFD6E151FC05440F469BA432F4C3940
GAIL Gas CNG Station,25.3345666,82.9868505,,"Ground Floor, s 18/107, Raja Bazar Rd, near Taksal Theater Building, Patel Nagar, Nadesar, Varanasi cantonment, Varanasi",0101000020E6100000A4E2FF8E28BF54407B551D28A6553940
HP PETROL (CNG) PUMP - SARASWATI FLG STN CHITAIPUR,25.2672969,82.9660328,,"PLOT NO, 32, Chitaipur - Chunar Rd, Awaleshpur, Kandwa, Varanasi",0101000020E610000040B73C7BD3BD54407BD2D3916D443940
GAIL Gas CNG Station (Keshav Automobiles),25.2864818,82.9686554,,"DLW Rd, near DLW, DLW, Central market DLW, Gatte, Shivdaspur",0101000020E610000001063873FEBD544033E609DF56493940
GAIL Gas CNG Station,25.3116332,82.9884627,,"8X6Q+M94, Sigra, Varanasi",0101000020E610000037740EF942BF54400B598231C74F3940
GAIL Gas CNG Station,25.2982879,82.9466902,,"7WXW+8M8, Lohta Bazar, Churamanpur, Manrauli",0101000020E6100000661C7E9296BC5440E24A87985C4C3940
GAIL CNG Shankar Station Filling Station,25.369511,82.993722,,"LALPUR,VRNSI-AZMGD RD,DST, Varanasi",0101000020E610000035D4282499BF54402383DC45985E3940
GAIL GAS Online CNG Station full pressure,25.2533603,83.1048657,,Chakiya,0101000020E610000038FE9F1EB6C65440D19A7A38DC403940
CNG Pump Gail NH 19,25.2715239,82.8245962,,Rakhauna,0101000020E6100000FAD9232FC6B4544016951E9782453940
GAIL CNG Rameshwaram Filling Station,25.2883105,83.0340133,,"Kodopur Rd, Chungi, Katesar, Ramnagar",0101000020E610000042C81E462DC25440EA9788B7CE493940
GAIL Gas CNG Station,25.2774826,83.005462,,"72G4+X4Q, Nagwa Lanka, Varanasi",0101000020E6100000BAD7497D59C054408435841909473940
Gail C N G Pump,25.449415,83.1030096,,"C4X3+Q66, NH 31, Chaubepur, Jugar Patti",0101000020E610000023CB93B597C65440F35487DC0C733940
Online Gail Gas Cng Station Shri Naga Ji Fuels,25.2529378,83.1047901,,"Shri Naga Ji fuels CNG station, Billaridih mauja Chakiya Pt Deem Dayal Upadhyaya Nagar, opposite PW gurukulam, Mughalsarai",0101000020E6100000741C89E1B4C6544015EC1A88C0403940
Ram Suchit Vishwakarma CNG Fuel Station,25.3012585,83.0394752,,"Jalil Pur, Semara",0101000020E61000003240FDC286C254405B24ED461F4D3940
TRIKUTA CNG CENTRE,25.4493257,83.1028343,,Jugar Patti,0101000020E61000000DDA50D694C6544097C0520207733940
GAIL Gas CNG Station,25.3346602,83.0130691,,"82M7+V64 Railway Station, near Varanasi City, Alaipura, Near Varanasi City, Jalalipura, Varanasi",0101000020E6100000A445C71FD6C05440D745764AAC553940
CNG Pump,25.2972707,82.9447235,,"7WWV+WV5, Varanasi - Allahabad Rd, Bhullanpur, Varanasi, Manrauli",0101000020E6100000CF108E5976BC54401C8FBEEE194C3940
GAIL Gas CNG Station,25.325261,83.0341829,,"82GM+CMH BHARTIYA PARK, Rajghat, Varanasi",0101000020E61000004765790D30C254400DAA0D4E44533940
"Petrol Pump, Hinduari CNG",24.7409948,83.0621338,,"SH 5A, Hinduhari",0101000020E61000007ABE0B00FAC354408D81D0D5B1BD3840
GAIL CNG Mansha Filling Station,25.2696046,82.8499268,,"19, National Highway, Raja Talab Bazar, Kachnar",0101000020E61000009D7F603365B65440E6D99BCE04453940
GAIL CNG Kesari Filling Station,25.369345,82.9245941,,"Varanasi - Lucknow Rd, Ganeshpur",0101000020E6100000C564BB8C2CBB5440EDF0D7648D5E3940
HIGHWAY CHUNAR ( CNG STATION ),25.0998241,82.83524,,"3RXP+VF9, Chunar, Dhaurahra, Araji Dhaurahra Ch",0101000020E6100000E813799274B5544046DA7C128E193940
shaheed sanjay filling station CNG& PETROLEUM,25.5415952,83.2666324,,"G7R8+CWF, Basu Pur, Nasirpur",0101000020E61000007583578110D15440ABABA7FBA58A3940
GAIL CNG Sanchetana Filing Station,25.4345684,82.8566302,,"CVM4+RMC, near PNB BANK, Sagunha",0101000020E610000005717907D3B6544003E0E9DF3F6F3940
GAIL CNG CGS Mother Filling Station,25.3899182,82.9342984,,"9WQM+XP7, Varanasi Ring Rd, Madhopur",0101000020E6100000212D848BCBBB54407D1DDDADD1633940
CNG Pump,25.311352,82.988772,,"37, Sigra Chauraha Rd, Sigra Chauraha, Chhittupura, Sigra, Varanasi",0101000020E6100000D5CC5A0A48BF5440508BC1C3B44F3940
GAIL CNG Atulya Vaishnavi Fuel Filling Station,25.4800688,83.1393334,,Dhakhawa,0101000020E6100000640FA3D6EAC8544079D4F3C9E57A3940
GAIL Online Full Pressure CNG pump,25.3105296,83.2062068,,"Bagahi, Sangati",0101000020E61000009F8D017E32CD5440A1702CDE7E4F3940
CNG Pump,25.2229451,83.4887291,,"6FFQ+5FH, Dhanichha",0101000020E6100000A0466B5647DF5440AF4D19EE12393940
CNG,25.4001227,83.2181907,,"C629+27W, Mathela",0101000020E6100000A53220D6F6CD544021E3F6706E663940
Chubepur CNG pump,25.4445418,83.0978679,,"C3VX+R49, Chaubepur, Jugar Patti",0101000020E61000000175B97743C6544079B4CC7DCD713940
KALIM CNG,25.3152665,82.931045,,"8W8J 4C3, Lohta Bazar, Lohta, Varanasi",0101000020E6100000AD86C43D96BB54403E062B4EB5503940
suresh service station CNG,25.3331132,82.9903918,,"petrol pump, Nadesar, Chaukaghat, Varanasi",0101000020E610000080CE499462BF5440ACDD1BE846553940
Noubat pur CNG,25.2455185,83.3975842,,"69WW+5W3, Khamanpur",0101000020E6100000011A000572D954401F10E84CDA3E3940
AJAY FILING STATION CNG,25.4116453,82.8857899,,"CV6P+M83, Sehmalpur, Sarayswami",0101000020E610000023E81EC8B0B85440570D1D9661693940
S B CNG,25.2859323,82.9690367,,"0, MAHMOORGANJ",0101000020E6100000ECC781B204BE5440BC5EF5DB32493940
Gail CNG,25.3012575,83.0394316,,"822Q+9VG, Jalil Pur, Semara",0101000020E6100000741B1E0C86C25440BA2C26361F4D3940
Cng pump,25.0836258,84.4632322,,"3FM7+24R, Patna - Aurangabad Rd, Shamshernagar",0101000020E6100000105DAB98A51D5540121A1C8068153940
CNG Pump Dealership,25.3916434,83.902951,,"NA, NA, NA, HATHUA ROAD, Rajpur",0101000020E6100000FEB8FDF2C9F95440BAB1EABD42643940
"S M Fuel , CNG Hindustan petroleum",25.5090214,84.518634,,"GG59+JF2, Petrol Rd, Bimawan",0101000020E6100000FF25A94C31215540D2F6F9394F823940
GAIL SV-12 STATION,24.9801523,84.0584717,,"X3J5+398, Unnamed Road, Gotpa",0101000020E610000075CF1500BE0355406499D942EBFA3840
CNG pump,24.7465911,84.963998,,"PXW7+JH, Chandauti, Hario",0101000020E610000034DAAA24B23D554013FC259820BF3840
Bharat Petroleum CNG Station,24.798065,85.0483431,,"Q2XX+68G, Manpur, Rasalpur",0101000020E61000002F5FA80D184355400E15E3FC4DCC3840
Gail cng pump (Fatehpur Patna road),25.4609141,84.9399785,,"FW6Q+2XF, Dulhin Bazar - Naubatpur Rd, Naubatpur",0101000020E61000005C1C959B283C5540E9C36977FE753940
IOC CNG station,25.0724161,85.4244461,,"3CCF+VH5, Seema, Siwan",0101000020E61000008B9AF91F2A5B554031348DDC89123940
IOAG CNG Station - Hriday Narayan & Sons,24.80371,85.2564916,,"R734+FHQ, Wazirganj",0101000020E6100000B86CBE5B6A505540D97745F0BFCD3840
Online CNG Station - Geeta Service Station,24.7623719,84.9760331,,"QX6G+V98, NH-82, Gaya Bypass Road, Kazichak, Paharpur, Gaya, Qazi chak",0101000020E610000010148953773E5540AFE309CE2AC33840
IOCL Petrolium CNG,24.7971981,85.5395669,,"QGWQ+WJ2, NH-31, Mankhar, Nonai",0101000020E610000043609B4388625540EFEEB72C15CC3840
CNG PUMP,25.4565554,85.4986544,,"FF4X+JF8, NH 31, Ghoswari",0101000020E61000006B0025F4E95F5540ECCF8FD0E0743940
Ganga CNG Fuels Services,25.221512,85.1637428,,"65C7+JF5, Telhara-Imaliya- Masaurhi Rd, Charui, Pariawan",0101000020E610000026BD14C37A4A5540EBABAB02B5383940
"Bharat Petroleum, cng Petrol Pump -Masaurhi Filling Station",25.3500907,85.0423271,,"Masaurhi-Patna Rd, Masaurhi, Taregana",0101000020E6100000028FB97CB54255403D224B8B9F593940
CNG GAS,25.4737373,85.4852488,,"FFFP+F3X, Karauta",0101000020E6100000169BFB500E5F5540356502D946793940
THINK Gas CNG Station,25.4858586,85.9800433,,"Maharani Fuel Plot No. 1620(P)& 1621(P), Khata No. 283 & 457 Thana No.390, Mouza:, Fulwaria-II",0101000020E61000007E8A8807B97E5540F87AAD3A617C3940
THINK Gas CNG Station,25.4346349,86.085286,,"Aneel Fuels Service, Station NH 31, Sushil Nagar, Gobindpur, Begusarai",0101000020E6100000A0336953758555404233993B446F3940
THINK Gas CNG Station,25.4533722,86.0094083,,"Shree Radhey Fuels, Thakuri Chak, Mohammadpur Baro",0101000020E6100000E73345259A80554063EA533310743940
THINK Gas CNG Station,25.5051987,85.9281402,,"Green CNG Station, Teghra, Bhikhan Chak",0101000020E6100000964627A6667B5540527BB6B354813940
THINK Gas CNG Station,25.4228695,86.4040439,,"Bolbam Service Station, Kurha, Sahebpur Kamal East",0101000020E61000007E29F2DADB995540D3F9F02C416C3940
THINK Gas CNG Station,25.4252268,86.1030299,,"Swagat Retail Outlet, NH 31, Barauni - Purnea Hwy, Refinery Twp, Begusarai",0101000020E6100000A6C0B80A98865540FB61DFA9DB6C3940
THINK Gas CNG Station,25.4177722,86.1557378,,"Jai Mata Di Highway Fuels, NH31, Khatopur, Begusarai",0101000020E61000001070AD9BF7895540902D701EF36A3940
Maharani Fuel Centre CNG gas pump,25.4857628,85.9799588,,"Fulwaria-II, Gaura-I",0101000020E61000005B5B1DA5B77E5540079D6BF35A7C3940
Think Gas CNG Pump,25.4241936,86.0255469,,"C2FG+R3V, Bihat-IV",0101000020E6100000E800778FA2815540292CA7F3976C3940
"CNG GAS STATION , CNG PUMP , BALURAM KAILASH KUMAR",25.1454219,85.8490934,,"Sheikhpura - Shahpur Rd, near Shyama Sarovar Park, opposite POWER GRID, Sheikhpura, Kamasi",0101000020E6100000F70FD88B57765540479FA05E3A253940
Cng pump lakhisarai,25.0880919,86.1193391,,Sharma,0101000020E610000095E87640A3875540E18AD5308D163940
MS BABA BAIDYANATH H.P CNG station pathargama,24.941295,87.27411,,"Pathargama, Duarichak",0101000020E61000006B60AB048BD1554069E388B5F8F03840
Cng,25.253978,87.000301,,"Tilka Manjhi Chowk, Katahalbari, Khanjarpur, Bhagalpur",0101000020E6100000FD497CEE04C055404BE7C3B304413940
"GGL Online CNG Station, Bhaniyara",25.4888505,87.5692461,,"FHQ9+GMX, Sirnia East, Chitauria",0101000020E610000009B831876EE455401D226E4E257D3940
Shekhar Gas,25.2473758,86.9880759,,"6XWQ+X64, RBSS Sahay Rd, Bhikhanpur, Bhagalpur",0101000020E6100000CF1DB3A23CBF554064D23A05543F3940
Bharat Petroleum Gas,25.4044025,86.9180443,,"Jhandapur, Bhagalpur, NH-31, Bhagalpur, Bhagalpur",0101000020E6100000DF31E13CC1BA5540AFEB17EC86673940
CNG STATION,26.0468613,83.2124528,,"26W6+PXW, SH 34, Azamgarh",0101000020E610000064FCA0D398CD5440B3F2261AFF0B3A40
Torrent Gas CNG Station,26.3740956,82.8746588,,"Sharda Filling station, BPCL, Plot No 140, Vill. Neori Tehsil- Alapur NH-233, Varanasi-Lumbini Marg, Amdi Toll Plaza",0101000020E6100000274AE768FAB75440D793AFBAC45F3A40
Mittal auto fuel CNG STATION,26.4864291,83.7799154,,"FQPH+HXF, Hydel Colony, Bhatwaliya, Deoria",0101000020E610000064294822EAF154409D52149E867C3A40
Torrent Gas CNG Station - Anay Filling Station,25.922139,82.977722,,"WXCH+V3, Sujayapur",0101000020E61000001AA54BFF92BE5440BC5D2F4D11EC3940
Torrent Gas CNG Station - Ashok Filling Station,26.0211915,83.1825301,,"25CM+F4J, Abu Saeedpur, Sarai Sadi",0101000020E61000004782BA92AECB544004745FCE6C053A40
Torrent Gas CNG Station - Jai Maa Durga Service Station,25.8915142,83.5606351,,"VHR6+G8M, Katra",0101000020E610000057DF0A72E1E354406BEB4C463AE43940
Diamond CNG Station,26.0271759,83.0407548,,"22GR+R9R Varanasi To, Road, Kaptanganj, Husanpur Badagoan",0101000020E6100000EC4905BA9BC2544047BDF1FFF4063A40
Bharat Petroleum CNG,26.5245762,83.7931024,,"GQFV+R6Q, Raghwapur, Kasia Road, Deoria",0101000020E610000043989130C2F254408C4237A04A863A40
Torrent Gas CNG Station - Jai Ganesh Filling,25.9754772,83.5074304,,"XGG4+5X, Baragawan",0101000020E6100000C23F5BBD79E0544060FEAFDFB8F93940
Petrol cng stations,25.9768635,83.574438,,"NH 24, Muhmmadpur Mu.Shahroj",0101000020E610000019E59997C3E45440F627F1B913FA3940
Shri Sharda cng petrol filling station Vimti azamgarh,26.0964265,83.1788417,,"goarakhpur bypass road, Vimti, Azamgarh, Karendua",0101000020E61000004F2A752472CB5440BEF73768AF183A40
Torrent Gas CNG Station,25.9540537,83.016615,,"X238+JJ, Ranipur Rajmo",0101000020E6100000E0675C3810C15440B72000DD3CF43940
Torrent cng,26.2566662,83.4990502,,"7F4X+MG9, Lohra, Dohrighat",0101000020E6100000FC034070F0DF544015FD46E0B4413A40
Torrent Cng Pump,25.990788,83.3769359,,"X9RG+JQV, Surhurpur",0101000020E61000000ECCC0B71FD85440ED444948A4FD3940
KSK Gulwa Gauri - Torrent Gas CNG station,26.1713767,83.2142793,,"56C7+HP2, Azamgarh - Bilariyaganj - Golabazar Rd, Jaigahan, Gulwa Gauri",0101000020E61000006D6D86C0B6CD5440E1CBE957DF2B3A40
Azim Girhast Gas Station,25.9556168,83.54803,,"SH 34, Mirzahadi Pura, Mau",0101000020E610000085CE6BEC12E354401882774DA3F43940
IndianOil CNG Filling station,25.7309,83.5469,,"Gullalsarai, Mardah, Ghazipur NH-29, Ghazipur - Mau Rd, Ghazipur",0101000020E6100000AC8BDB6800E354407AA52C431CBB3940
Cng pump and petrol pump,25.6912329,82.8355703,,"MRRP+C4J, SH36, Mahimapur",0101000020E61000009200DAFB79B55440536BABA3F4B03940
CNG petrol Pump 20 km,26.0868912,83.0695966,,"20, Purvanchal Expy, Azamgarh, Sardaha",0101000020E61000006B3A4C4574C45440694F6E803E163A40
"City Gate Station, Torrent Gas Pvt. Ltd.",26.1654139,83.0535601,,"5383+5C7, Gaura",0101000020E6100000B67757876DC35440C7CDBA90582A3A40
Torrent Gas CNG station- Abhishek Filling Station,26.0160206,84.0599137,,"2385+CX3, Sikandarpur",0101000020E6100000458545A0D5035540F30F11ED19043A40
CNG STATION,26.3160454,84.0060854,,"Chotka Gao, Bhatpar Rani, Math Danur",0101000020E6100000EB7E04B4630055401E0DF159E8503A40
Torrent Gas CNG Station,25.7501606,84.1312918,,"Haibatpur, Ballia",0101000020E6100000E9CEB815670855406CBF6B860AC03940
IOCL CNG Station M/S GHAGARA SERICE STATION,25.8068625,84.6133937,,"RJ47+P9R, Ghazipur - Hajipur Rd, Manjhi Paschimi, Bhadpa",0101000020E6100000A344A6D7412755406ADE718A8ECE3940
Torrent Gas CNG Station - Markandeya Filling Station,25.8505132,83.8782586,,"Markandey Filling Station, IOCL Station SH-34,Amhar, Patti, Rasra",0101000020E6100000911B8F6335F85440FAD0AA3BBBD93940
IOCL CNG Station Maa Petroleum Kopa,25.8478695,84.6423161,,"Main Road, Chhapra - Siwan Rd, Kopa",0101000020E61000006FCCFCB41B295540A0C6BDF90DD93940
sonu petrol pump cng,26.3162883,84.00612,,"8284+GC, Math Danur",0101000020E61000007FF6234564005540819B2045F8503A40
Bharat Petroleum cng pump,26.3144437,84.6961154,,"Brijkishor, Sidhwalia",0101000020E61000007C4F9B278D2C5540E9EEDF617F503A40
IOCL CNG Station Punam Super Petroleum,25.9321366,85.5965856,,"AH42 Dihri, Buzurg",0101000020E6100000EE505E752E66554096671481A0EE3940
CNG AVAILABLE,25.8477691,85.6399425,,"SH 49, Ababakarpur, Sadipur",0101000020E6100000833463D1F4685540320F4F6507D93940
Buxer patna cng pump,25.9644427,85.2722472,,"X77C+QVH, Chintamanpur",0101000020E61000005D1B857F6C515540AE5D7FB7E5F63940
Bharat Petroleum Petrol pump and CNG STATION,26.5137892,84.965125,,"NH 27, Chintamanpur",0101000020E610000054E3A59BC43D5540BB0963B087833A40
"Bharat Petrol Pump & CNG station, Bidupur Bazar",25.6527526,85.3197016,,"M829+WV8, Bidupur",0101000020E6100000A61EB3FD7554554004615DCB1AA73940
Hp petrol and cng gas station,26.2445499,85.2384744,,"66VQ+R99, Muzaffarpur, Panapur",0101000020E6100000BA3B212A434F554075BD7ED29A3E3A40
Rajnan Cng,25.6599941,85.2963321,,"Miles Indian Petrol Pump, Road, Hajipur - Mahnar Rd, Hajipur",0101000020E61000005290E91AF75255408E0D935FF5A83940
Nitesh Cng,25.6924384,85.2083241,,"Mile Chwok Hajipur Vashali Mile, Pakri, Hajipur",0101000020E6100000FE1D9B2E554D55409C7E9AA443B13940
"Indian oil Petrol Pump, Diesel pump, CNG pump - In Krishnanagar, Bihar (Suraj petroleum)",26.4494925,85.1442109,,"NH - 104, Shivhar road, Krishna Nagar, Madhuban North, Hardiya",0101000020E610000083CE5AC03A4955401B4CC3F011733A40
S R Fuels Petrol Pump & CNG Station,26.5235626,85.2982854,,Kothia Dharampur Dharamag,0101000020E6100000F477A51B17535540A368D43208863A40
Maa Durga Enterprises petrol pump & CNG Station,26.4583873,85.3316084,,"Salempur, Belahi Dullah",0101000020E61000000C45701239555540D866BEDE58753A40
Uma fuels CNG pump,26.1704984,86.6463799,,"5JCW+6P, Belatarha",0101000020E6100000ACD2CC495EA9554034057CC8A52B3A40
CNG pump,26.1866487,85.9116435,,"5WP7+C67, Basdeopur",0101000020E61000001A87FA5D587A554046578E35C82F3A40
CNG PUMP SITA PETROLEUM,26.1885769,85.9784842,,"57, Darbhanga - Sakri Rd, Darbhanga, Kharthua",0101000020E6100000C6A9317C9F7E5540F447629346303A40
Bharat Petroleum CNG Pump Baba Bambhola Energy Point Saraigarh Bhaptiyahi,26.2946805,86.7231184,,"NH 27, Sariagarh, Bhaptiyahi",0101000020E6100000B2C8659247AE5540D844662E704B3A40
CNG Jhanjharpur,26.2750876,86.2528591,,"77G3+24Q, Jhanjharpur, Balni Mehat",0101000020E6100000BE3FEFD72E905540FE8815246C463A40
Kanhaya gas,26.2527621,86.2761819,,"773G+4F9, Jhanjharpur",0101000020E6100000D10FD9F6AC915540152B5904B5403A40
Jagdamba Petroleum CNG | PETROL | DIESEL | EV Charging,26.4471367,85.9311962,,"SH - 52, Sarisab, PO/PS - Benipatti, Madhubani",0101000020E6100000354AF2B7987B55406457FF8C77723A40
Cng pump,25.8242499,86.8488383,,"Sabaila, Pastpar, Jirwa",0101000020E6100000E785E05D53B65540353B9C0A02D33940
CNG PUMP shabnam & sons,25.9003438,86.9630108,,"WX27+46J, Murliganj",0101000020E610000078EC0CF8A1BD5540082868EE7CE63940
"D S Highway Service, CNG STATION",26.2616593,87.2692774,,"Purnea - Araria - Forbesganj Rd, Bishunpur",0101000020E610000052A346D73BD15540BB31981AFC423A40
"DISEL,PETROL & CNG",25.8268475,86.8480637,,"NH 106,JIRWA,PATARGHAT, Jirwa, Pastpar",0101000020E61000002F1BF8AC46B6554084471B47ACD33940
Nandani Petrol Pump CNG Gas Station,25.8447055,87.5345799,,"SH 60, Kasba",0101000020E610000055E69C8E36E255405740A19E3ED83940
Torrent Gas CNG Station,26.8073138,83.3512482,,"00, Bargadwa, Gorakhpur",0101000020E6100000D9F1BAD97AD65440079C001EACCE3A40
Torrent Gas CNG Station,26.7243152,83.2906426,,"CNG, Torrent Gas, Khanipur, Khajani - Gorakhpur Rd, Gorakhpur",0101000020E6100000C3746BE399D25440E6FE8FB86CB93A40
Torrent Gas CNG Station,26.8528324,83.3304694,,"Sihorwa, Tal Jamuar",0101000020E61000000A55206926D554401DF8623953DA3A40
Torrent Gas CNG Station,26.6909983,83.4884961,,"MFRQ+997, Pawansut Filling Station Ramnagar Karjaha, near G D Goenka School, Gorakhpur",0101000020E61000004F6E258543DF54407317BC43E5B03A40
Torrent Gas CNG Station,26.740961,83.7548504,,"Vindyavasini Mata Filling Station, HPCL Station, NH-28, Gorakhpur-Kushinagar Rd, Highway, Kushinagar",0101000020E6100000D7570D784FF05440889CBE9EAFBD3A40
Torrent Gas CNG Station,26.8087471,82.8914833,,"Usha Filling Station, OCL Station, NH-28, Near Tema Rahmat, Chowk, Kurthia",0101000020E6100000889BF80F0EB954401F3CC90C0ACF3A40
Torrent Gas CNG Station,26.7520557,83.2186649,,"Gupta Automobile, Plot No, 151 & 152, on Gorakhpur to Basti Road Stone No. 248/4 Shahjanwa",0101000020E61000001E92109BFECD54403845ECB886C03A40
M/S Mahadev CNG Torrent CNG GAS pump,26.799561,83.4506608,,"QFX2+R7F, Tura Bazar, Jangl Dhoosar",0101000020E6100000B56565A0D7DC544035289A07B0CC3A40
Torrent Gas CNG station,26.7325839,83.3395922,,"Kamla Motors & Engineering Works, Plot No. 16, Nausar Chowk PO- Nausar, Belipar, Khajani - Gorakhpur Rd, Sadar, Gorakhpur",0101000020E6100000823EECE0BBD554407E13549E8ABB3A40
CNG PUMP,26.7520944,83.2188133,,"NH27, GIDA Industrial Area Phase 1, Sahjanwa",0101000020E610000082DB7F0901CE54403781334289C03A40
Online cng station /Gorakhpur bypass,26.7019309,83.4104582,,"KMS 270 Gorakhpur Byepass, NH 27, Gorakhpur",0101000020E6100000005878F244DA5440468D53BEB1B33A40
Torrent Gas CNG Station,26.8256937,82.8298686,,"Rajendra Filling, IOCL Station, NH 27, Village- Khajoula, near Parsa Jafar",0101000020E61000008C3E30911CB5544063038EA960D33A40
Green Gas Limited CNG Station,26.9682707,83.6015808,,"RRQV+2RV, road bashiya, Maharajganj, Partawal",0101000020E6100000B279C14C80E65440CF2CAE96E0F73A40
Archana Filling Station HP and CNG,27.0767616,83.2713783,,"37GC+R85 Ambrish onkar, Pharenda Range",0101000020E610000005D616435ED15440B196F1A5A6133B40
CNG Pump,26.7987473,82.9293182,,"QWXJ+H97, Budha Khurd",0101000020E6100000F7240BF379BB5440AF44FBB37ACC3A40
Shekhar Petrol Pump and CNG Station,26.8066752,83.0731778,,"Bankatia, Khalilabad",0101000020E6100000C472F0F1AEC45440887E124482CE3A40
Torrent Gas CNG Station,26.8186513,82.8509598,,"RV92+F98, Dhorahra",0101000020E61000007CCD172076B65440F053B02193D13A40
Kolia Petrol & CNG Pump,26.7386787,83.3143082,,"P8Q7+9Q8, 28, National Highway, Kolia, Kolia Mafi, Gorakhpur",0101000020E610000056F723A01DD4544076C01A0C1ABD3A40
"Bharat Petroleum, Petrol Pump -Bharat Filling Station and Cng pump",27.1661385,82.9258423,,"BANSI,SIDHARATH NAGAR, SIDHARATH NAGAR",0101000020E610000038F00F0041BB5440431B800D882A3B40
HP PETROL PUMP and cng - NAVPRABHAT FILLING STATION,27.1022,83.2889,,"HPC Petrol Pump Village-kamaharia Post-gopalpur, Anand Nagar BYE Pass, Varanasi",0101000020E61000001FF46C567DD25440B5A679C7291A3B40
Torrent cng filling pump,26.7015297,83.4102545,,"PC26+J38, Hakkabad, Gaighat Buzurg",0101000020E61000005B22179C41DA544035AC4E7397B33A40
Torrent Gas CNG Station,26.7387019,83.314228,,"NH 28, Kolia, Kolia Mafi",0101000020E610000033DFC14F1CD4544039FE55911BBD3A40
Khan filling station (Fuels&CNG),26.9807935,83.5595897,,"XHJ5+4WC, Mahdeva",0101000020E61000006C2B5151D0E354401FA1664815FB3A40
Basdeo and Sons Fuel & CNG,26.957782,83.5781524,,BASHIYA BUZURG (UARDHANI) PARTAWAL CHOWK MAHARAJGANJ,0101000020E6100000A686EC7200E554408EB27E3331F53A40
"Bharat Petroleum, BPCL, PETROL PUMP, CNG Akbar energy station",27.2593125,83.3644375,,"7957+PQ4, Paisiya Lalaien",0101000020E6100000E7FBA9F152D75440AAF1D24D62423B40
CNG Station,26.9084117,83.825408,,"Ramkola, Ahirauli Kusumhi",0101000020E6100000D576137CD3F45440C3CD4EAB8DE83A40
Torrent Gas CNG Station,26.6901621,84.1311932,,"Kutty Temple, Shahi Filling, IOCL Station, NH-28, Village Dumarbhar, Baghi Tamkuhiraj, Bagahi",0101000020E610000049DD2978650855404D70A076AEB03A40
Torrent Gas CNG Station,26.8365934,83.9411144,,"Shri Ram Model, HPCL Outlet, Sohanariya NH 28B, Kasya, Padrauna Rd, near FCI Godown, Padrauna",0101000020E6100000DC72E4373BFC5440A90C2DFC2AD63A40
Torrent Gas CNG Station,26.7182321,83.9069582,,"PW94+7QW, Sriram Filling Station, Siswa, Kasya, Kasia - Deoria Rd, Kasia Bazaar",0101000020E6100000B3F5679A0BFA5440FA6F140FDEB73A40
Cng pump+ petrol,26.6899083,84.1308815,,"M4QJ+X9, Babhnauli",0101000020E6100000B189CC5C600855402CBD91D49DB03A40
HP SRIRAM FILLING STATION/ CNG STATION,26.718269,83.9069151,,"Siswa Mahanth, Kasia - Deoria Rd, Kasia Bazaar, Sirsia Khoiya",0101000020E6100000E9AFA1E50AFA54400ABB287AE0B73A40
Cng kushi nagar,26.8294598,83.9365044,,"RWHP+QJJ, Kushinagar, Narsar",0101000020E6100000D9A326B0EFFB5440C1583A7A57D43A40
Chandni Oil petrol and CNG pump,26.7276736,84.7680777,,"PQH9+368, Suganw North",0101000020E61000005D925E2F283155409F292AD148BA3A40
TARANG PETROLEUM CNG,26.6542124,85.676389,,"NH-104, near Tarang Hp Gas Agency, Harri, Adalpur",0101000020E6100000F29716F5496B55403EA3BE767AA73A40
Gas Station,27.029077,84.8881421,,"44300, Birgunj",0101000020E6100000D96CF651D7385540D8101C9771073B40
CNG Station Dharan,26.8049257,87.2854054,,"H08 8, Dharan",0101000020E610000084C6021544D25540BC35559C0FCE3A40
CNG station Sri Padmavathi Balaji Filling Station | BPCL,18.8570061,79.4899625,,"THEEGALPAHAD - VILLAGE, Srirampur Colony, Mancherial",0101000020E61000000D71AC8B5BDF5340F6F873C064DB3240
MeghaGas CNG station,20.3015625,82.7516875,,"8Q22+JM3, NH217, RAJKHARIAR, Nuapara, Gadramunda",0101000020E6100000F853E3A51BB0544033333333334D3440
MeghaGas CNG Station,19.9128125,83.1115625,,"W476+4J2 Sahdev Fuels, RayagadaOdisha, Gond Bandopala",0101000020E6100000713D0AD723C7544048E17A14AEE93340
MeghaGas CNG station,20.2753125,83.1198125,,"74G9+4W8, Darlo",0101000020E6100000BA490C02ABC7544014AE47E17A463440
MeghaGas CNG station,20.7160625,83.4943125,,"PF8V+CP7, Balangir",0101000020E61000004260E5D0A2DF54405A643BDF4FB73440
Adani cng pump,21.0950253,79.7534639,,"3QV3+XGV, Kanhadmoh",0101000020E6100000DD4DA6C038F05340E7CAFB9353183540
BP Petrol & CNG Pump,21.1539959,79.5080198,,"5G35+J5, Kharbi",0101000020E61000001CAE7A6583E05340D5377A466C273540
Razvi Automobiles (Khapa) CNG BHARAT PETROLEUM,21.3596636,79.7161665,,"Bhandara Rd, Khapa",0101000020E610000069FF03ACD5ED5340C78FE7E9125C3540
HP Lucky Petroleum CNG,21.0800459,80.1440144,,"At+Po-Kohmara, TAL-Sadak Arjuni, NH-06, Towards, Nagpur - Bhandara - Rajnandgaon - Raipur Hwy",0101000020E6100000CC892C8837095440CBAD5AE37D143540
ANNAPURNA BHARAT GAS,21.082334,80.0916986,,Soundad,0101000020E6100000B205CE63DE0554404F594DD713153540
CNG pump,21.1991406,81.336388,,"9/B, A-Pocket, Maroda, Bhilai",0101000020E610000014B18861875554404A4EDCE0FA323540
Adani (BPCL) CNG station,21.0754249,80.4330204,,"3CGM+45F, Sirpur",0101000020E61000000E20329BB61B5440D8CDD60B4F133540
"HP PETROL / CNG PUMP - PARUSHI ENERGY- CNG station,Petrol ,diesel",21.19921,81.3363277,,"HPC Dealer, SIX Tree Avenue, Bhilai, Raipur-Bhilai-Durg Expy, Sector 7, Raipur",0101000020E61000004A0F9E64865554404209336DFF323540
CNG PUMP,21.2105488,81.2598633,,"6765+6W9, Durg",0101000020E610000090BBAD99A15054404936B286E6353540
Bharat Petrol Pump & CNG STATION,21.1310097,81.1601128,,Rajnandgaon,0101000020E6100000F1EAC1493F4A544072F508DA89213540
Bharat Petroleum Petrol / CNG,21.0753671,80.4329152,,"3CGM+45F, Sirpur",0101000020E61000003E7CF4E1B41B5440C2B11D424B133540
HP PETROL PUMP - BAFNA EARTHMOVERS LIMITED CNG AVAILABLE,21.210563,81.259982,,"Village Baghera Durg BY Pass NH6, Baghera",0101000020E61000001DE38A8BA350544066BFEE74E7353540
BPCL Petrol Pump and CNG - Heavy Movers Fuels,21.088418,80.551812,,"NH 6 Village Ghortalab, Near Sadak Chirchari, Tehsil Churiya, Dist. Rajnandgoan Chhattisgarh., Rajnandgoan",0101000020E6100000956247E350235440B360E28FA2163540
"BPCL PETROL PUMP & CNG STATION - Mohan Fuels, Dongargaon",20.962522,80.8359322,,"XR7P+297, Dongargaon Rd, Sewata Tola",0101000020E6100000182BC5E97F35544036AE7FD767F63440
Chichola Highway service (Bharat Petroleum) CNG,21.0770867,80.6869933,,Maharajpur,0101000020E61000008D04BFB2F72B5440E17437F4BB133540
Gill & Goods Petrol and CNG station,21.1250672,81.1480089,,"44GX+26C, Somni",0101000020E6100000154152FA7849544063CD6D6704203540
Soni car gas conversion C N G & LPG,21.1854159,81.3270486,,"shop no 106, Sector 10 B Market, Sector 10, Bhilai",0101000020E6100000F74C405DEE5454408DA89A6A772F3540
HCG CNG Station,21.2522193,81.5981484,,"Adhoc Sai Baba Filling Station Amanaka, Great Eastern Rd, Amanaka, Raipur",0101000020E6100000E7093A104866544086EBAC7191403540
HP PETROL PUMP - SAI BABA FILLING STATION CNG Filling Station,21.2631085,81.6594112,,"Vidhan Sabha Rd, near Lodhi Para, Pandri, Raipur",0101000020E61000006EA708CB336A5440B4CC22145B433540
INN GAS - Auto LPG Dispensing Station,21.2557476,81.592752,,"7H4V+72G, Overbridge, Maruti Vihar, Kota, Raipur",0101000020E6100000DFA815A6EF655440CE07BAAC78413540
Bharat Petroleum Petrol / CNG,21.2495942,81.5230869,,"6GXF+V74, Raipur-Bhilai-Durg Expressway Road (NH6), Ward Number 15, Kumhari, Bhilai",0101000020E6100000D31D7A417A6154407345CE67E53F3540
HCG Raipur Pvt Ltd LCNG/CNG Facility,21.322754,81.5806874,,"Khasra No 168/1, Tehsil, Kara, Dharsiva",0101000020E6100000C10C7CFB2965544037A79201A0523540
HP PETROL PUMP CNG pump,21.251753,81.6412631,,"Jail Rd, Devendra Nagar, Raipur",0101000020E61000006CA862740A6954407EAB75E272403540
Jai Jagannath Service Station (CNG),21.0037645,83.0845933,,"233M+FRQ, SH 3, Padmapur Town",0101000020E61000007C3D04FA69C55440C362D4B5F6003540
Harihar filling Station and compress natural gas (CNG) FILLING STATION,21.0789494,83.2260788,,"Diptipur, Jhunungapali",0101000020E61000006914371378CE5440F009230736143540
"BP-Arjunda, BPCL Petrol,CNG & EV Pump",21.314903,83.3088242,,"8875+XG8, Karalmal",0101000020E6100000A8CD93C6C3D354408C69A67B9D503540
Tara Maa Gasoline,20.9225174,82.8049773,,"Main road , Paikmal SH-3, Paikamal",0101000020E61000006F6182BF84B35440AFFDAE192AEC3440
Petrol & CNG Pump,21.0725896,84.349624,,Redhakhol,0101000020E61000006479573D601655409C07663B95123540
"GEETA FUELS, Bharat Petroleum, CNG STATION",21.2839999,83.593643,,"7HMV+JFC, Bagdia",0101000020E6100000F59F353FFEE554403991AA37B4483540
"B P Govindapur Bharat Petroleum,CNG Station",21.3225406,83.5364559,,"Bargarh NH-6, Maniguda, Bhawanipatna Highway, Govindapur",0101000020E6100000C38F204B55E25440D9A1500592523540
"Bharat Petroleum, Petrol Pump and CNG -Maa Vaishnodevi Service Station",21.4486165,84.1233533,,"NH6, BARIBANDH, SAMBALPUR, Sambalpur",0101000020E6100000A3563D05E50755402CF2EB87D8723540
BP - Jangla (BPCL - CNG ONLINE STATION),21.6508284,84.0747419,,"M32F+8VQ, Jangala",0101000020E610000005094092C8045540DA4EA5B09CA63540
MeghaGas CNG station,22.1670597,79.5346388,,"NH 44, to, Srinagar - Kanyakumari Hwy, beside Srinagar - Kanyakumari Highway, Narela",0101000020E61000000D4BA88537E25340C5FAAB6CC42A3640
BPCL-Rajesh pal singh-CNG/Petrol/Diesel,22.1669472,79.5352016,,"Sonadongri, NH 44, Seoni",0101000020E6100000143136BE40E25340A5283C0DBD2A3640
indian oil petrol pump Heera Gasolenes,22.3943481,80.8013207,,"NH-30 JABALPUR, HIGHWAY, Chartola",0101000020E6100000E7069ED6483354405FBD40FFF3643640
MEERA HP GAS GRAMIN VITRAK,22.4961834,81.075376,,"F3WG+F5C, Mawai, Mawai Jar",0101000020E6100000D0B9DBF5D24454406ED113E0057F3640
Megha Gas CNG Station,23.1633273,79.8651793,,"5V58+X4G, Dhanvantari Nagar, Andhuwa, Kugawan",0101000020E610000046ABFF185FF75340420B64D1CF293740
Megha Gas CNG Station,23.2393549,79.9684047,,"6XQ9+Q97 Jabalpur, NH-7, Kanti Road, Jabalpur",0101000020E6100000BBF2B457FAFD534029A3DB5C463D3740
Megha Gas CNG Station,23.1989964,80.0096749,,"near Ordinance Factory, Khamaria, O.F.Khamaria, Jabalpur",0101000020E6100000E4C578839E0054409005966DF1323740
MeghaGas CNG station,23.1805183,79.9103358,,"5WH6+R8J HP Petrol Pump, Janki Nagar, Jabalpur",0101000020E6100000315816F142FA53405BD48272362E3740
Bharat Petrolium Petrol Pump CNG Pump,23.2393741,79.9687218,,"Jabalpur, NH-7, Kanti Road, Jabalpur, Jabalpur",0101000020E6100000067BB889FFFD53406A02FB9E473D3740
Hp Petrol Pump and CNG Commercial Automobiles,23.1633264,79.8652682,,"HPC Dealers Andhua NH-7 By-pass, Jabalpur",0101000020E61000003451DF8D60F75340CB924AC2CF293740
Auto gas Fuel Station,23.179049,79.944505,,"600, Bhantalaiya, Maharishi Arvind Ward, Gohalpur, Jabalpur",0101000020E6100000257A19C572FC5340AA61BF27D62D3740
Bharat petroleum- CNG B.P. Sihora,23.454163,80.09311,,"F33V+M69, Road, Jabalpur, Sihora",0101000020E61000008E3BA583F5055440A20DC00644743740
Megha City Gas Distribution Private Limited,23.1015238,80.2019746,,"4622+CP2, Mendhi",0101000020E6100000DA67DF26ED0C544001C4B876FD193740
Jabalpur Autogas Solutions,23.1597157,79.9347066,,"House no 249, near Naveen Vidya Bhawan School, Napier Town, Jabalpur",0101000020E6100000BE96A13BD2FB53406228CC20E3283740
Adani gas ( cng ),23.1495297,81.7052007,,"4PX4+R42, Sitapur",0101000020E610000072E71D02226D5440DB47139447263740
CNG Outlet,23.2702733,82.7146535,,"NH 43, Ranai",0101000020E6100000349E08E2BCAD5440647B88A130453740
GAIL Gas CNG Station,12.8900912,74.8577238,,"VVR5+238, Near, Kadri Park Rd, near Kadri Park, Kadri Hills, Kadri, Mangaluru",0101000020E61000000E805DF2E4B6524030EAA408BAC72940
GAIL gas CNG station,13.0526572,74.7967042,,"3Q3W+3M8, NH 66, Haleyangadi",0101000020E61000007EE59C33FDB2524041CC6FE2F51A2A40
GAIL Gas CNG Station,12.9227355,74.858621,,"Kavoor, Mangaluru",0101000020E61000002AAA7EA5F3B6524067B796C970D82940
GAIL Gas CNG Station,12.9195269,74.8317424,,"WR9J+RJ6, Kuloor, Kodikal, Mangaluru",0101000020E610000094AC79443BB55240A395D63ACCD62940
Adani Total Gas CNG Station,13.1314523,74.7733448,,"4QJF+H8Q, Indian Oil - Bhavya Fuels, Nadsal, Padubidri",0101000020E61000000722307B7EB15240CCF742B74D432A40
GAIL Gas CNG Station,12.9768149,74.8037714,,"XRG3+PGG, Hosabettu, Surathkal, Mangaluru",0101000020E6100000731D99FD70B35240B47D231521F42940
Cng pump,13.1743284,74.9009348,,5WF2+P9P,0101000020E610000003756FEAA8B952402C87719241592A40
Adani Total Gas CNG Station,13.1745441,74.900959,,"HP - Shri Durga Fuels, Kedinje, Belman",0101000020E61000005C02F04FA9B95240656B22D85D592A40
Adani Gas CNG Station,13.4204194,74.7395949,,"CPCQ+5R9, next to Hotel Manasa Baikady, Gandi Nagar, Bramavara",0101000020E610000075F2D88555AF524038352B3641D72A40
GAIL Gas CNG Station,12.9478228,74.8119395,,"WRX6+4QG, New Mangalore, Industrial Area, Baikampady, Mangaluru",0101000020E610000028B517D1F6B352406ACEB00749E52940
AG&P Pratham CNG Station,13.3468353,75.4615826,,"M/s IOCL, Sri Rambhapuri Service Station, Chikkamagaluru - Sringeri Rd, Shiva Nagar, Balehonnur, B.Kanbur",0101000020E6100000C5D9BE918ADD52405B327D6594B12A40
Shima CNG station udapi gundibailu,13.3596825,74.7493374,,"9P5X+XRF, Nittur, Udupi",0101000020E6100000DCAADA24F5AF524015E3FC4D28B82A40
AG&P Pratham CNG Station,13.4248477,75.2558733,,"Durgamba Service, Station, Sharada Nagar, Sringeri, Hassan",0101000020E6100000DBDA673A60D05240C88F42A385D92A40
"Bharath Petroleum,Srilaxmi Fuels and CNG Station",13.4204914,74.7395886,,"next to Hotel Manasa, Baikady, Bramavara",0101000020E6100000A55F6C6B55AF52409E7F16A64AD72A40
HP Petrol Pump and CNG,13.594176,74.695755,,"HPC Dealer, Coondapur, Koteshwara Proper",0101000020E6100000D3C1FA3F87AC5240DD2230D637302B40
HP Petrol & CNG Pump (Navami Petro Products),13.0696408,74.9904563,,"3X9R+V62, Mudbidri",0101000020E61000008027D2A263BF52403FEF7CF5A7232A40
SP Petroleums Hindustan Petroleum And CNG,12.9684642,75.3635551,,"HPC Dealers, Ujire-Dharmastala Rd, Netra Nagar, Mangalore",0101000020E6100000D1329C7C44D7524090B1248ADAEF2940
Gail CNG gas station. Coco-2,12.9461763,74.8122362,,"66, New Mangalore, Industrial Area, Baikampady, Mangaluru",0101000020E610000026E88AADFBB352402580513871E42940
HP PETROL PUMP & ADANI CNG - PADU TIRUPATHI VENKATARAMAN,13.1938128,74.9939533,,"HPC Dealer Sanoor Village Padubidri Road-karkala, Mangalore",0101000020E610000015504DEE9CBF5240A6176B6E3B632A40
"Dharmashree Service Station,Bharat Petroleum and CNG",12.9455236,75.1604333,,"W5W6+55F, Mangalore - Belthangady Hwy, Punjalkatte, Pilatha Bettu",0101000020E61000001E2C088A44CA52403F3157AB1BE42940
H S Fuel & CNG Mullikatte,13.6890899,74.66877,,"NH 66, Hosadu",0101000020E6100000F0A2AF20CDAA524001023164D0602B40
Propel green auto gas,13.2172308,74.9836636,,"6X8M+VFV, Karkala",0101000020E610000000112C58F4BE52402A5E1BE0386F2A40
Bhaghirathi Enterprises Hpcl Petrol Pump And Gas Station,13.3540834,74.7512175,,"Kalsanka Ambagilu Rd, BSNL Quarters, Nittur, Udupi",0101000020E6100000B4AB90F213B05240EC1C5E6B4AB52A40
MAHALASA GO GAS,13.6111949,74.6935198,,"NH66, opp. Vinayaka Talkies, Kundapura",0101000020E61000003908DFA062AC5240C7F6B589EE382B40
OG Autogas (Aegis Autogas),13.3067983,74.7444054,,"8P4V+PQ6, NH 66, Korangrapady, Bailoor, Udupi",0101000020E6100000D0FD8B56A4AF5240D2EFB1AA149D2A40
AG&P Pratham CNG Station,12.9638748,76.3302346,,"Tool Plaza, MM Service Station , Bangalore Mangalore, NH75, opp. A2B Hotel, near Shantigrama, Udayapura",0101000020E61000007DC04D902215534088E06EFF80ED2940
AG&P Pratham CNG Station,13.0092271,76.1247024,,"Sree Manjunatha Fuels, Plot No, N-10, Bangalore - Mangalore Rd, near Dairy Circle, Katihalli, B.Kattihalli, Hassan",0101000020E6100000E56EC61FFB0753404E79196AB9042A40
AG&P Pratham CNG Station,13.0005792,76.096451,,"H V, Subraya Setty & Sons, Bangalore - Mangalore Rd, opposite District Jail, Ammeer Mohalla, Hassan",0101000020E6100000A8AAD0402C0653409E1DBAEA4B002A40
AG&P Pratham CNG Station,13.3080579,75.788298,,"Anjaneya Service Station Indianoil petrol pump, Belur Rd, Chikkamagaluru",0101000020E61000002460747973F25240838CDBC3B99D2A40
AG&P Pratham CNG Station,13.3257492,76.2482526,,"ES Padmanabha Service Station, NH206, Bangalore - Honnavar Hwy, opp. KSRTC Depot, KPS layout, Arsikere",0101000020E61000006889DF5EE30F534076656199C8A62A40
AG&P Pratham CNG Station,13.0034698,76.0735146,,"COCO Thanniruhalla, Plot no 33,34&35, Vijayanagar, 2nd Stage, Kasaba Hobli, Hassan",0101000020E6100000D3B19476B40453401D0C2BCBC6012A40
AG&P Pratham CNG Station,13.1754504,75.8816425,,"National Petrol Bank NH 73, Halebeedu, Road, Belur",0101000020E6100000E010AAD46CF85240E72384A2D4592A40
AG&P Pratham CNG Station,12.9475329,76.0929283,,"RLG Fuel Park, SH 91, Gorur Rd, Hassan",0101000020E6100000DD578A89F2055340A1C4420823E52940
AG&P Pratham CNG Station,12.9944138,76.1179201,,"Kaushik Enterprises M/s IOCL, Bypass, opp. Rajiv College, Hassan, Rajaghatta",0101000020E6100000A142BF008C075340D6613BCE23FD2940
AG&P Pratham CNG Station,12.9498383,75.8087958,,"Kanchanganga Service Station, BM Road, Sakleshpura, Kollahalli",0101000020E61000001989754FC3F35240FAF9A53451E62940
AG&P Pratham CNG Station,12.9478839,76.3365339,,"WC5H+27R, Bengaluru - Mangaluru Hwy, Settyhalli",0101000020E6100000B49F7BC58915534054CFDD0951E52940
AG&P Pratham CNG Station,13.7046679,75.8364349,,"Sunder Service Station NH 73, Bhadravati, Road, Tarikere",0101000020E6100000EA2E3F2688F55240FE14223BCA682B40
AG&P Pratham CNG Station,13.5358683,76.0258618,,"MS Service Station M/s BPCL Kadur, Haruvanahalli",0101000020E6100000CE4D40B8A70153401EED6E545D122B40
Megha CNG gas,13.2632566,76.4532153,,"7F73+77W, Vidya Nagar, Tiptur",0101000020E6100000FFE2BE7A011D53408DE9AE91C9862A40
AG&P Pratham CNG Station,12.8620399,76.4791608,,"Sri Lakmi Service Station Mahaver, Circle, Channarayapatna Road, Shravanbela Gola (Rural), Rachenahalli",0101000020E61000009D610F92AA1E5340B8B1344B5DB92940
ES PADMANABHA - MS/HSD/CNG/EV,13.3257671,76.2482745,,"NH206, Bangalore - Honnavar Hwy, opp. KSRTC Depot, Arsikere",0101000020E6100000917BBABAE30F5340BC3901F2CAA62A40
Madhu Autogas Agency (Aegis Autogas),12.9952116,76.0855354,,"Bangalore - Mangalore Rd, opposite SDM Ayurveda College & Hospital, Thanniruhalla, Hassan Rural, Hassan",0101000020E61000009E697869790553401D33F55F8CFD2940
Gas bunk,13.2618717,76.4894102,,"Bangalore - Honnavar Hwy, Mavinathopu, Tiptur, Edenahalli",0101000020E61000000BD5287F521F5340F07E260C14862A40
Go Gas,13.3273416,75.7668227,,"Mallandur Rd, Ayyappa Nagar, Chikkamagaluru",0101000020E61000002695849F13F152409A3D755199A72A40
Vehicle Gas Station,13.3027403,75.7629097,,"8Q37+35V, SH 64, Maruthinagar, Chikkamagaluru",0101000020E610000046D33483D3F05240CA5CCFC6009B2A40
AG&P Pratham CNG Station,13.9966442,74.5487805,,"Abdur Rahim & Co NH66, near Kargedde, Kargedde, Bhatkal",0101000020E6100000AF0B3F381FA35240057F092648FE2B40
AG&P Pratham CNG Station,14.3289777,74.4284834,,"Mateshree Service Station, NH17, Salikeri Honavar, Haldipur",0101000020E61000004078A3456C9B5240023ADDC36FA82C40
AG&P Pratham CNG Station,14.5583499,74.3528309,,"Fuel Center, Kumta Taluk, Gokarna Rd, Gokarna, Torke",0101000020E61000002B210EC8949652402273C009E01D2D40
HP Petrol Pump & CNG Pump,14.3290066,74.4287625,,"NH17,, Salikeri Honavar, Haldipur",0101000020E610000014D044D8709B52401856968D73A82C40
Bharat Petroleum Petrol Pump and CNG Gas Station,13.9964527,74.5487999,,"NH 66, Near, Kargedde, Bhatkal",0101000020E610000014A39D891FA3524095055D0C2FFE2B40
AG&P Pratham CNG Station,13.9087403,75.5603122,,"LCNG, Thirtahalli Road, near Gajanana Bus Depo, Harakere, Shivamogga",0101000020E610000030A3B327DCE352404D1D9A6846D12B40
AG&P Pratham CNG Station,14.7250351,75.473245,,"Highway Point Hpcl Dealers Motebennur, Madras Bombay Trunk Rd, Belagavi",0101000020E6100000B77F65A549DE524078E7F5CC37732D40
AG&P Pratham CNG Station,13.9390791,75.5843055,,"Sri Lakshminarasimha Agency Sangoli Rayanna Circle, Shankar Mutt Rd, Tank Mohalla, Shivamogga",0101000020E6100000DE57E54265E55240D8B6CDF9CEE02B40
AG&P Pratham CNG Station,13.936607,75.5625155,,"Nandi Service Station, Kuvempu Rd, behind Mc Gann Hospital, Sharavathi Nagar, Hosamane, Shivamogga",0101000020E61000008FFF024100E45240CB68E4F38ADF2B40
AG&P Pratham CNG Station,14.6285098,74.8467471,,"Umashankar Auto Fuels, Shanthi Nagar, Sadashivalli, Sirsi",0101000020E6100000E79EBF1A31B65240566E5809CC412D40
Petrol Pump and CNG pump,14.6285022,74.8492296,,"JRHX+CM5, SH 69, Sirsi",0101000020E6100000E4B21BC759B6524098ED540ACB412D40
HP Petrol & CNG Pump,14.7251107,75.4732424,,"Hpcl Dealers Motebennur, Madras Bombay Trunk Rd, Belagavi",0101000020E610000028C57D9A49DE524097F5ACB541732D40
AG&P Pratham CNG Station,14.252151,75.3666572,,"Padmashree Service Station, Near Kumudwathi College, Road, Shikaripura, Shikaripur",0101000020E6100000F3B5C24F77D75240B14E95EF19812C40
"G N Gas Gowdon,",13.9770466,75.5426302,,"XGGV+R36, kasaba hobli, sominkoppa, Shivamogga",0101000020E61000009BB40474BAE252400356B3733FF42B40
"Bharat Petroleum, Petrol & CNG Pump -Gajanana Filling Station",14.1668413,75.0436853,,"SAGAR, SHIMOGA",0101000020E610000039B46DBDCBC25240873E0E396C552C40
Shri Sadguru Autogas (Aegis Autogas),14.1711208,75.0102301,,"Bangalore - Honnavar Hwy, LB Nagar, Sagara",0101000020E6100000D43B269CA7C05240AA543F259D572C40
Cng pump,14.6414708,75.5774317,,"JHRG+JW5, Kunabev",0101000020E61000001ECB16A4F4E452408CAD56DC6E482D40
Gas Station,13.9194844,75.5662394,,"WH98+QFX, Savi Palya, KR Puram, Shivamogga",0101000020E61000003A2D2E443DE45240475DC6A8C6D62B40
Ashoka Gas CNG Station,14.2776012,76.4012492,,Guddadarangavvana,0101000020E6100000F4E21F11AE19534024A996BE218E2C40
AG&P Pratham CNG Station,14.5573753,75.7163997,,"GPVX+CQ4 HSM & Sons, near Chalageri Toll Plaza, Makanur, Haveri",0101000020E61000004F97207ED9ED524046329A4B601D2D40
Saanvit CNG station,14.3381023,76.2115557,,"Kolahal, Bharamasagar, Hobali, Kolahal",0101000020E61000001332EB208A0D53409E67A2BE1BAD2C40
Mahanagar Gas CNG Station,14.2776117,76.4012816,,"7CH2+2FX, Guddadarangavvana",0101000020E6100000241F0599AE19534053F9E81E238E2C40
CNG pump,27.9385222,77.8562982,,"WVQ4+77C, Khair",0101000020E6100000EA27F796CD765340EA91ABFD42F03B40
Ashoka CNG Station,14.4393923,75.9542165,,"CXQ3+PM8, S O G Colony, Shri Ramanagara, Davanagere",0101000020E61000006E3315E211FD52407B3A0D07F8E02C40
HP Petrol Pump CNG PUMP,14.4393199,75.9542134,,"S O G Colony, Shri Ramanagara, Davanagere",0101000020E6100000EB9914D511FD5240C7F6B589EEE02C40
AG&P Pratham CNG Station,13.8611658,75.7161483,,"Shantha Service Station, SH 65, Indira Nagar, Bhadravathi",0101000020E610000081E5AD5FD5ED52400BDE46B9EAB82B40
CNG HP PETROL PUMP - SHANTHA SERVICE STATION,13.8611644,75.7161459,,"SY. NO 73/4 Seega Bagie Chennagiri Road, Bhadravathi",0101000020E610000087EA9C55D5ED52407CF54C8AEAB82B40
AG&P Pratham CNG Station,14.5264128,75.7794444,,"Parimala Enterprises, Ranibennuru, Harihar, Haveri",0101000020E610000039C3C36AE2F152403E6480FA850D2D40
Ashoka CNG Station CNG,14.2341548,76.3852659,,"69MP+M4M, Adarsha Nagar, Chitradurga",0101000020E6100000E5304E32A818534021675023E3772C40
Bharat Petroleum Vishwas CNG fuels station,14.4586383,75.9321915,,"SH 76, Neelammana Thota, Bhagat Singh Nagar, Nittuvalli, Davanagere",0101000020E6100000FD868906A9FB5240D662A6A3D2EA2C40
Saanvith CNG station,14.3381052,76.2115919,,"NH48,Kolahal. Bharamasagar. Chitradurga",0101000020E61000004EA6C0B88A0D53400F37F11F1CAD2C40
Shree Guru Raghavendra HP Petrol Bunk and CNG,14.3072824,76.2538742,,"Sirigere Cross, NH 48, Kalkunte",0101000020E6100000159392793F105340D545651E549D2C40
Bharat Petroleum - CNG Station - M M Krishna and Associates,14.4439414,75.9213143,,"KST 805026846768, Hadadi Rd, Vidyanagar, Davanagere",0101000020E610000094F540D0F6FA524050AE84494CE32C40
CNG Bunk,14.5434897,75.7494592,,"GPVX+CQ4, Makanur",0101000020E6100000ED6BB823F7EF5240FB6C2E4844162D40
Basava Priya filling station . CNG GAS AVAILABLE,14.4242137,76.3905719,,"Door no 45, Kalledevarapura, Sangenahalli",0101000020E6100000244F4821FF185340C207C08932D92C40
Bharat Petroleums |CNG available| Mahajenahalli || Near Harihar,14.4788096,75.8137724,,"FRH7+GGC, Mahajenahalli",0101000020E6100000CC18D5D814F452408D052A8826F52C40
"Bharat Petroleum, Petrol Pump & CNG filling -Parimala Enterprises",14.5262635,75.7792939,,"Ranibennuru, Harihar, Kawalettu",0101000020E61000003A9E85F3DFF152403128D368720D2D40
CNG STATION,14.0179908,75.9314832,,"2W9J+6H7, NH 369, Channagiri",0101000020E61000008031B66B9DFB5240FC41131736092C40
BP Petrol Pump and CNG M.S.Narayana Setty and Sons,14.2298846,76.4133567,,"National Highway 4, Bypass Road, Bank Colony, Chitradurga",0101000020E61000004705A96F741A534045B52D6FB3752C40
HP Petrol CNG Pump HPC Sales and Service,14.5328404,75.8126538,,"Shimoga - Harihar - Hospet Rd, Old Haralapur, Harihar",0101000020E6100000177E158502F45240A1F9F774D0102D40
"Bharat Petroleum, Petrol Pump, CNG -Sri Charantheshwara Agency",14.6396385,76.4668714,,"HOSAHALLI, BELLARY",0101000020E6100000049C9438E11D534066868DB27E472D40
HP CNG Available,14.4249516,76.390363,,Sangenahalli,0101000020E610000061A417B5FB18534008C4904193D92C40
L.P.G Go Gas || Vidya Nagar || Harihar,14.5000926,75.8071395,,"balaji oil mill a-block, Renuaka Nilaya, 25, State Highway, Opp:, Vidyanagara, Harihar",0101000020E6100000D4F36E2CA8F3524077F123230C002D40
GoGas,14.0247776,75.920633,,"2WFC+W76, Channagiri Rd, Channagiri",0101000020E610000093A7ACA6EBFA5240C4584BA6AF0C2C40
Hulekunteswara Agencies (Aegis Autogas),14.2202364,76.4222395,,"SH 48, Chitradurga",0101000020E610000015E5D2F8051B53400DC74ED3C2702C40
Goa Natural Gas Pvt Ltd CNG Station,15.4951378,73.8390991,,"Neugi Nagar, Mersi Tem",0101000020E61000009826B6CCB3755240DB06A4B382FD2E40
Indianoil-Adani Gas Pvt Ltd CNG Station,15.3770567,73.9068098,,"9WG4+RPM, NH17B, Vasco Da Gama, Cortalim",0101000020E61000004FACF82B097A5240B27966930DC12E40
"Bharat Petroleum, Petrol Pump Cng station-West Coast Petroleum",15.487715,73.9055534,,"BAINGUINIM,RIBANDER BYPASS, NORTH GOA",0101000020E610000006723F96F47952408B89CDC7B5F92E40
Manguirish Petrol Services & CNG Station,15.4496515,73.9697692,,"PRIOL, NORTH GOA",0101000020E6100000C2AAD5B2107E5240D731AEB838E62E40
"Quadros Petroleum, Bharat Petroleum, Petrol Pump CNG m",15.6839663,73.832273,,"DHARGALIM, NORTH GOA",0101000020E61000000116F9F543755240DB21B4D4305E2F40
Bharat Petroleum and CNG,15.3705444,74.0095679,,"Opp. Top Cola, National Highway 17B, Bori, Ponda",0101000020E6100000D965AEC29C805240906EDFFEB7BD2E40
CNG goa,15.4953175,73.8390921,,"FRWQ+4MC, Panaji, Mersi Tem",0101000020E61000003FF559AFB3755240E1455F419AFD2E40
CNG pump,15.2993265,74.123996,,"74XF+PHQ, Bandoli",0101000020E61000006E35EB8CEF875240FCA6B05241992E40
GNGPL DRS panjim CNG,15.4953593,73.8388466,,"FRWQ+4GX, Mersi Tem",0101000020E61000001757A6A9AF755240F689F2BB9FFD2E40
HP Petrol Pump & CNG,15.6292572,73.8257804,,"NH 66, Mushirwaddo, Kolval",0101000020E610000061EB0896D9745240898BEDFF2D422F40
Gas Station,15.5899103,73.8122472,,"HRQ6+XV5, Mapusa",0101000020E61000002011AEDBFB735240A8250CB9082E2F40
Quepem Gas Station,15.214634,74.0706041,,"Shop No.2, near Petrol Pump, Quepem",0101000020E6100000AA1D0FC7848452402638F581E46D2E40
Carvalho's Gas Station,15.5881788,73.8085896,,"near, Mapusa Service Station, Gandhi Chowk, Mapusa",0101000020E6100000B0F897EEBF735240AB668CC5252D2F40
Amona Gas Station,15.5295388,73.9924658,,Amona,0101000020E61000008159468F847F524019EDA7B51F0F2F40
Indianoil-Adani Gas Pvt Ltd CNG Station,15.5015625,74.9556875,,Mugali,0101000020E61000008B6CE7FB29BD5240CDCCCCCCCC002F40
AG&P Pratham CNG Station,14.9115897,75.2771212,,"Gulmi Petroleum, R P, near Bankapur Toll Plaza, New Darbar, Bankapura",0101000020E6100000CFC18E5ABCD15240ACBD99E2BBD22D40
MeghaGas CNG station,15.6846875,74.7176875,,"MPM9+V37, MPM9+V3X, NH Service Road, Hosa Kadrolli",0101000020E6100000DF4F8D97EEAD5240C3F5285C8F5E2F40
Sourabh Petroleum and CNG Station,15.3779961,75.1340542,,"Nrupatunga Heights Goppankoppa to Sai Nagar Road, Mrityunjaya Nagar, Hubballi",0101000020E61000000D39115894C85240F6076FB488C12E40
R P GULMI PETROLEUM & CNG Station,14.9115708,75.2771075,,"W76G+JRH, Near Bankapur Toll Plaza New Darbar, Bankapura",0101000020E61000007C7E1821BCD1524024FA6B68B9D22D40
Karadagi petroleum and CNG station,14.9790477,75.028845,,"Camp road, Mundgod",0101000020E6100000CDE9B298D8C15240B37279BD45F52D40
Bharat Petroleum CNG,15.7163005,75.3844287,,"P98M+9MP, Nargund",0101000020E61000003489D57A9AD8524086376BF0BE6E2F40
"Bharat Petroleum, Petrol and CNG Pump -Aliya Petroleums",15.3014227,75.0789708,,"ANCHATGERI,ANCHATGERI,DHAR, DHARWAD",0101000020E6100000B1D58ADB0DC55240468B7D13549A2E40
Amogh Petroleum's CNG and HPCL Dealer,15.3502947,75.1118989,,"beside Urban Oasis Mall, opposite 2nd gate Gokul industrial Estate AIRPORT ROAD, Gokul Main Rd, Hubballi",0101000020E610000056FD005A29C752409CECB0D359B32E40
Swagat RO Indian Oil Petrol & CNG Pump,15.501432,74.955536,,"Swagat JRO, NH 4, Pune- Bangalore Road, opp. Power Grid, Dharwad",0101000020E6100000A489778027BD5240F355F2B1BB002F40
"Bharat Petroleums( CNG, Petrol, Diesel)",15.738744,75.40608,,"Nargund, Gadag NH-218, Gulbarga Bijapur Hubli Road, Gadag",0101000020E6100000D2E3F736FDD95240823B50A73C7A2F40
Adani Gas Pvt Ltd CNG Station,15.3779746,75.1340976,,"94HM+5JP, Rajnagar, Vidya Nagar, Hubballi",0101000020E6100000379E190E95C85240F76F03E385C12E40
Hubli Gas,15.3513,75.145028,,"942W+G26, J C Nagar, New Hubli, Hubballi",0101000020E61000004640852348C952406B2BF697DDB32E40
AG&P Pratham CNG Station,15.3494907,76.168421,,"M/s. Kishori Agency, Hospet Rd, near BS Pawar Hotel, Diwator Nagar, Koppal",0101000020E61000006ABDDF68C70A53402683ED71F0B22E40
AG&P Pratham CNG Station,15.3369985,76.1850333,,"Survey No.320, M/s. Mother station NH-67, 13, NH Road, opp. to NHAI Rest area, Koppal",0101000020E6100000F10AE995D70B5340249A40118BAC2E40
J G Petroleums and CNG STATION,15.3528616,75.7023481,,"Mundragi road, Gadag-Betageri",0101000020E610000018FA7145F3EC52404A079046AAB42E40
AG&P Pratham CNG Station,15.3939541,76.3067067,,"M/s. Parvathi Petroleums, Solapur-Chitradurga road, Budugumpa Cross",0101000020E6100000B47D2315A11353400F400F5AB4C92E40
AG&P Pratham CNG Station,15.4416018,76.5408293,,"No; 3-2-165, M/s Venkatesh Petroleum Plot, 3-2-109, Raichur Rd, Vidya Nagar, Gangavathi",0101000020E6100000FD0D7FF29C225340A0B591A119E22E40
AG&P Pratham CNG Station,15.3200058,76.3108185,,"SY No; 157, M/s Vaishanavi Petroleums, Hitnal",0101000020E6100000791F4773E4135340860FDBCCD7A32E40
AG&P Pratham CNG Station,15.351366,76.13673,,"M/s. Ajay Fuels, Gadag-Koppal Rd, Basav Nagar, Koppal",0101000020E610000074982F2FC008534049DA8D3EE6B32E40
"Srinivas Agencies CNG gas station, ballari road circle",15.2653257,76.3982223,,"798X+47Q, Bellary Rd, MVS Area, JP Nagar, Hosapete",0101000020E61000006DC262797C1953409D9328C5D8872E40
CNG station,15.3172775,75.7138884,,"8P87+WH6, Kappatagiri",0101000020E61000009ABFF858B0ED524066834C3272A22E40
Total Gas Filling Station,15.2676608,76.3729,,"Rajeev Nagar, Arvind Nagar, Patel Nagar, Hosapete",0101000020E61000006B2BF697DD175340A7D71CD60A892E40
SADDHARMA CNG GAS STATION,15.2507726,76.3608961,,"NH50, Hosapete",0101000020E610000041B0F4EB181753403D77274465802E40
CNG,15.1668377,76.3662233,,"5988+PGF, Danapuram",0101000020E61000002022DA3370175340CF7A42C06B552E40
"Bharat Petroleum,CNG Petrol Pump -Ishwar Petroleum",15.7307682,75.9753637,,"GAJENDRAGAD, SH 30,GADAG",0101000020E6100000284DDE5B6CFE5240E0E9DF3F27762F40
Bharat petroleum & C N G GAS STATION Srinivasa agencies,15.266526,76.3950339,,"798V+JWX, MVS Area, JP Nagar, Hosapete",0101000020E6100000ED53443C4819534041118B1876882E40
Shri Mallikarjun Trading Co. Bharat Petroleaum Dealer And CNG Station,15.2090925,75.89036,,"Annadhaneshwar Nagar, Mundargi",0101000020E6100000A96A82A8FBF8524082AD122C0E6B2E40
Adani Gas CNG Station,28.2788514,77.8575042,,7VH5+G2R,0101000020E6100000B0CB4B59E17653409E712BCE62473C40
FAKEERESH FUELS CNG FILLING STATION,15.7327762,75.9805223,,"Kustagi Rd, Gajendragad, Goudageri",0101000020E6100000EBDF9AE0C0FE524006932C712E772F40
"Bharat Petroleum, Petrol & CNG Pump -Yashas Shreya Petroleum",14.9104009,76.3884684,,"KUDLIGI-SANDUR ROAD, BELLARY",0101000020E6100000E26190AADC185340797F171120D22D40
"Bharat Petroleum Petrol Pump CNG , TSSE PETROLEUM",15.2408637,76.4956293,,"SY NO 13C1A, KHATA NO 29HOSPET, TO, Ballari - Hubballi Rd",0101000020E61000001F9CF463B81F53404D96A47C527B2E40
"Bharat Petroleum, CNG and Petrol Pump -Kishori Agency",15.3495662,76.1685876,,"KOPPAL NR SUB-STATION,NH63, Koppal",0101000020E6100000B620A523CA0A5340F1924957FAB22E40
HP Petrol Pump and CNG filling station,15.7327277,75.9804697,,"Hpcl Dealers Kushtagi Road,gajendragad, Belgaum",0101000020E6100000030EFC03C0FE524021BFC81528772F40
Ashoka CNG Gas Station,16.6672843,73.5281025,,"MG8H+W69, Mumbai - Goa Hwy, Kodavali, Rajapur",0101000020E6100000E59B6D6ECC6152405EA2D524D3AA3040
SAMRUDDHI FUEL STATION & CNG STATION.,16.3817596,73.4197154,,"Devgad - Nipani Hwy, Khakshi Titha, Elaye",0101000020E61000002A28FB9DDC5A52401DEF44FFBA613040
CNG station,16.1255738,74.2071449,,"46G4+4JV, Ajara",0101000020E610000020C2AEDC418D5240053CC49A25203040
MeghaGas CNG Station,15.8904747,74.5179591,,"71, Bauxite Road, Basava Colony, Vaibhav Nagar, Belagavi",0101000020E610000099CAEC3D26A15240B1D4C44CECC72F40
Kiwad petrol bunk& CNG station,16.4250097,74.5852258,,"CHFP+X3X, SH 18, Chikodi",0101000020E6100000A1F1E95674A5524097FB896FCD6C3040
"Bharat Petroleum, Petrol & CNG Pump -Sindudurg Automobiles",16.4611441,73.6566608,,"MUMBAI GOA RD, TARALA, Waghivare, Audumbarnagar",0101000020E61000002C2405BB066A52404C3E2C8A0D763040
JB Petrolinks & CNG Station,16.708645,74.4662083,,"RTO office, Shahapur Rd, near Government Guest House, Shahapur, Vikash Nagar, Ichalkaranji",0101000020E6100000EC67565BD69D524053793BC269B53040
Meghagas CNG Station,15.8621652,74.5301767,,"Azad Nagar, Belagavi",0101000020E61000007AE6406AEEA15240A47F93B76DB92F40
"Bharat Petroleum, & CNG Petrol Pump -M.P.Karikazi",16.2609978,74.4786997,,"NAMAZ MAL, SANKESHWAR,BELG, BELGAUM",0101000020E6100000B9061104A39E5240F45377C0D0423040
Megha Gas CNG Station,16.4249375,74.5851875,,"CHFP+X3X, Mahatma Jyotiba Phule Rd, Chikodi",0101000020E6100000CBA145B673A55240105839B4C86C3040
MNGL Zarap CNG Station,15.9419555,73.7496965,,"WPRX+QVP, NH 66, Zarap",0101000020E61000003E5B0707FB6F52401D93C5FD47E22F40
Bharat petroleum Trivani prasad cng gas स्टेशन,15.8945703,73.8235427,,"old, Mumbai Goa Hwy, Sawantwadi",0101000020E610000003D770ECB474524021F24C1E05CA2F40
HP PETROL PUMP - BEHERJI PETROLEUM CNG PUMP,16.4010612,74.1854053,,"Hpcl Dealer, Survey NO. 130/1, Murgud -nipani -radhanagari Road Tehsil Kagal, Vasco",0101000020E6100000530031AEDD8B5240CCB161F2AB663040
PETROL CNG PUMP - N. S. PETROLEUM,16.6667578,74.3306231,,"AT & PO Sangwadi, Kolhapur Hupri Road Kolhapur, Vasco",0101000020E61000005673CAED28955240585AA1A3B0AA3040
HP Petrol & CNG Pump,16.3744024,73.7889648,,"SH 116, Phondaghat",0101000020E61000007E6C37667E7252403E8BEFD5D85F3040
Disha Petrolinks & Online CNG Filling Station,16.7446957,74.3233702,,"Kolhapur - Sangli Hwy, Herle",0101000020E61000001060EC18B2945240CAF89C60A4BE3040
Managave Automobiles CNG Station,16.7446405,74.5038469,,"PGV3+VG5, Kondigre",0101000020E6100000396C11073FA05240EFC682C2A0BE3040
Hp Petrol & CNG Pump - Deokar Automobiles,16.6825185,74.2144251,,"JN OF Sne Guruji & Deokar Panand Road A R S NO 722/4 Kolhapur, C Ward, Vasco",0101000020E610000042FC0D24B98D52403C6A4C88B9AE3040
"Bharat Petroleum, Petrol & cng Pump -Barde Roadlines",15.9206206,74.5256712,,"BGM NH-4, Kangrali, Belagavi",0101000020E6100000BE1CD198A4A152403C0C52955BD72F40
Vakrtund hp petrol cng pump,16.4209303,74.0943611,,"Radhanagari, Road, near HP petrol Pump, Sarawade",0101000020E6100000EFA023030A8652403D659016C26B3040
"HP Petrol Pump - Londhe & Co, CNG",16.2124223,74.3518873,,"S. NO.27, Hissa NO.7/B/2, SH 130, Gadhinglaj, TAH.- Gadhinglaj,, Road, Bhadgaon, Vasco",0101000020E61000002D584F5285965240EC70CF4E61363040
"Bharat Petroleum Siddhi Automobiles ( PETROL , DIESEL & CNG PUMP )",16.1344303,73.703901,,"Sindhudurg NH-17, Mumbai - Goa Hwy, Sindhudurga",0101000020E6100000CAA7C7B60C6D52406A172E066A223040
Oros cng pump,16.1126169,73.7089159,,"1, Mumbai - Goa Hwy, near Siddhi Petrol Pump, Sindhu Durg, Oros, Oras Bk.",0101000020E61000005287CBE05E6D5240167A0E76D41C3040
HP petrol n cng,15.9052627,73.8213213,,Sawantwadi,0101000020E610000086C0368790745240CB93B5977ECF2F40
Rameshwar Petroleum Bharat Petrol CNG Pump,15.9781556,74.5101649,,"XGH6+737, NH Service Rd, Bhutaramanahatti",0101000020E61000004C44AE8AA6A052406BCC90CFD0F42F40
Megha Gas CNG Station,15.8578844,74.5364057,,"VG5P+5HQ, SH 20, Gandhi Nagar, Belagavi",0101000020E6100000D5B8927854A25240467FC39F3CB72F40
Green India Gasoline Gas Pump,16.6829209,74.233138,,"Shree Renuka Temple, Kolhapur., Datta Colony, Kolhapur",0101000020E61000001C5DA5BBEB8E5240404173E7D3AE3040
AG&P Pratham CNG Station,16.1640611,75.3779116,,"M/s, Murgesh petroleum, Chawadapur",0101000020E6100000DCB122B42FD85240B90B83E8FF293040
MeghaGas CNG station,16.7271719,75.0760863,,"P3GG+RCX, Athani",0101000020E61000001D8B1299DEC45240F71109F027BA3040
AG&P Pratham CNG Station,16.3905614,75.1032573,,"M/s HPCL COCO Mahalingapura, near Basaveshwar Circle, 1775/1776, B, Mahalingpur",0101000020E6100000B0A481C49BC652407914F8D4FB633040
Megha Gas CNG Station kagvad,16.7086941,74.7130908,,"PP57+F6F, Turai Vasti, Kagwad",0101000020E610000006459847A3AD52403F5EFEF96CB53040
AG&P PRATHAM. CNG STATION - Vijaylaxmi petroleums,16.5139774,75.3036673,,"Vijaypur Rd, Jamkhandi",0101000020E61000005697F8486FD3524014E2DB0594833040
AG&P Pratham CNG Station,16.5091148,75.2865514,,"BR Mali Bijapur, Jamkhandi - Kudachi Rd, Jamkhandi",0101000020E6100000DFE7AEDB56D25240DAE8F75855823040
Butali Bharat Petroleum CNG,16.7271837,75.0759997,,"Charmalaya, Belgaum, SH-12, Vijayapura Road, Athani, bijapur road, Athani",0101000020E61000005F80D82DDDC452402DAF01B628BA3040
M/S PADMAVATI PETROLEUM(HPCL) MEGHA GAS (CNG ),16.7086697,74.7131373,,"PADMAVATI PETROLEUM, M/S, Jamkhandi - Miraj Rd",0101000020E6100000B243A10AA4AD5240882AA1606BB53040
AG&P Pratham CNG Station,16.3401852,75.2767736,,"V Thalathi, M/s B, Jamkhandi - Mudhol - Bagalkot Rd, Bagalkote, Mudhol",0101000020E61000005B199EA8B6D152404E95946016573040
Indian Gas,16.6335697,74.6905879,,"JMMR+C6F, Athani",0101000020E6100000DA60979732AC52408D3CB59F31A23040
AG&P Pratham CNG Station,16.5713378,75.979281,,"Gangadhar Kuntoji, 1644, Muddebihal Road, near Bus Stand, Basavana Bagewadi",0101000020E61000000726378AACFE5240F5F7AD3143923040
AG&P Pratham CNG Station,16.1822589,75.997874,,"M/s Kudalasangama Fuels, Hpcl Dealers 182 KM Stone NH 13 Kudalsangam Cross",0101000020E6100000D6E1E82ADDFF5240AAE7EE84A82E3040
AG&P Pratham CNG Station,16.15953,75.661742,,"Sri Venkateshwara Service Station, Sector 25, Nava Nagar, Bagalkote",0101000020E6100000F0181EFB59EA52401BBB44F5D6283040
AG&P Pratham CNG Station,16.3364459,76.12412,,"SY No : 77/3, Bhosale Service Station, Alamatti Road, Muddebihal",0101000020E6100000E4310395F1075340905F895121563040
AG&P Pratham CNG Station,15.9097274,75.6862616,,"M/s Aivalli & Co, Manjunath Nagar, Badami, Kabbalageri",0101000020E61000000A20C6B5EBEB5240DB8C2ECAC7D12F40
"HP CNG, PETROL PUMP - KUDALSANGAM FUELS",16.1824577,75.998131,,Hpcl Dealers 182 KM Stone NH 13 Kudalsangam Cross,0101000020E6100000EC87D860E1FF524044673E8CB52E3040
Bhosale CNG Station,16.3364528,76.1240495,,"84PF+HMC, Muddebihal",0101000020E61000007365506DF0075340CBA54CC521563040
HP CNG PUMP - AIVALLI & CO.,15.9097271,75.6862617,,"Banashankari Road, Manjunath Nagar, Badami, Kabbalageri",0101000020E6100000D57F31B6EBEB5240E1911DC0C7D12F40
AG&P Pratham CNG Station,15.9825384,76.1033469,,"Azad Fuels, Tondihal",0101000020E610000027E9503C9D065340DA20EE450FF72F40
Ashoka CNG Station,17.6416808,73.4591662,,"JFR5+MPR, NH 66, Lavel, Dabhil",0101000020E61000006E1BA1FA625D52409B78623145A43140
Khed CNG & Petrol Pump,17.6416605,73.4591615,,"JFR5+JP, Dabhil",0101000020E61000004485EAE6625D524090A2CEDC43A43140
Mahanagar Gas CNG,17.5253569,73.5234341,,"S.T, Bus Stand, NH 66, Parashuram Nagar, Shivaji Nagar, Chiplun",0101000020E61000001E47BDF17F6152405A3A30CA7D863140
Mahanagar CNG Station,16.9974085,73.3305553,,"Plot No A-3, A/1, Opposite, JK Files Rd, MIDC, Mirjole",0101000020E61000003FC16AD1275552409E40D82956FF3040
Dingni Ashoka CNG Station Ratnagiri,17.1674788,73.481013,,"5F8J+XCR, Dingni Kuran",0101000020E6100000DBFCBFEAC85E5240F9C500E4DF2A3140
CNG PUMP,16.9895015,73.3088701,,"X8Q5+RG, Abhyudhya Nagar, Ratnagiri",0101000020E6100000958D1887C4535240CBD765F84FFD3040
KRUPASINDHU CNG PUMP STATION,17.1566911,73.3407086,,"ganpatipule road, Chafe, Ratnagiri",0101000020E6100000D29D712BCE55524003136EE81C283140
HP PETROL PUMP and CNG STATION - SAHIL SHANTI PETROLEUM,17.0337531,73.4153075,,"Hpcl Dealer, Nh-17, Mumbai - Goa Hwy, Hathkhamba",0101000020E61000002592E865945A52407CA30C0BA4083140
Ashoka Cng filling station,17.4896311,73.2682196,,"F7Q9+V75, Chiplun Guhagar Rd, Shrungartali",0101000020E61000005B898A822A515240C19AB976587D3140
Ashoka CNG Station,17.6143867,73.4796963,,"JF7J+829, Asagani Mohalla",0101000020E6100000C8201C58B35E5240ED985F72489D3140
Ashoka CNG Station,17.2142669,73.5463312,,"6G7W+MFX, Sangameshwar Railway Station Rd, Dhamani",0101000020E610000034322317F7625240841D1032DA363140
MGL CNG Station Chiplun,17.5254233,73.5234737,,"GGGF+599, Parashuram Nagar, Ozarwadi, Chiplun",0101000020E61000003B74D59780615240700E322482863140
Mahanagar CNG GAS,17.1571738,73.3411631,,"584R+VF, Ori",0101000020E61000008746C19DD5555240BDC9CA8A3C283140
CNG pump,16.9975314,73.3305317,,"near, JK Files Rd, Ratnagiri",0101000020E6100000A4726E6E27555240ACBBC3375EFF3040
Mamta green cng gas service,17.546349,73.5205533,,"GGWC+G6M, Parshuram, Chiplun",0101000020E6100000CBD4C9BE50615240CA332F87DD8B3140
"M/s.G.B.Mehta & Son's, Chiplun Petrol Pump & CNG Station",17.5227083,73.5326266,,"NH-66, Mumbai - Goa Hwy, Ravtale, Chiplun",0101000020E6100000B3FEE08D1662524007D90D36D0853140
Sangmeshwar CNG & Petrol Pump,17.2140999,73.5465173,,"6G7W+JJ, Dhamani",0101000020E6100000B08CB223FA625240AE934440CF363140
Bharat Petroleum - CNG and Petrol Pump. Pramey Energy Services.,16.9683457,73.5001261,,"Plot 1661A, Mumbai - Goa Hwy, Pali, Khanu",0101000020E610000011D8E61002605240E4B8F880E5F73040
Dhamni CNG Pump & Petrol / Diesel,17.2143341,73.5462994,,Dhamani,0101000020E6100000C334C291F6625240E7EA7D99DE363140
"Chandrabhaga Gas Service, Guhagar",17.4868256,73.2056273,,"F6P4+Q65, Ratnagiri",0101000020E61000008C2A68FF284D524007DB3E9AA07C3140
CNG STATION,17.6881219,74.0372914,,"Bharat Petrol Pump, 23/10, Satara - Koregaon Rd, Sangamnagar Colony, Sangamnagar, Satara",0101000020E610000003DB77FB628252405029C0C128B03140
"CNG pump harsh petroleum, waghwadi",17.0287374,74.2462679,,"Madras Bombay Trunk Rd, Uran Islampur",0101000020E61000007F2370DAC28F52400D2C91555B073140
"Bharat Petroleum, Petrol CNG Pump, KatarKhatav, Satara.",17.5595796,74.5226512,,"HG5F+R3J, MH SH 146",0101000020E6100000C5CD041E73A152403E82D19B408F3140
Cng pump kasegaon,17.1316589,74.188916,,"Pune - Bengaluru Hwy, Kasegaon",0101000020E61000003C6C2233178C524033BACD65B4213140
Shri Siddhi Petroleum CNG Pump,17.1490725,74.059014,,"43X5+HJ, Ghogaon",0101000020E61000006500A8E2C6835240A33B889D29263140
CNG PUMP. BGRL,17.3824475,74.1091538,,Varade,0101000020E6100000FC4E3860FC865240DDEF5014E8613140
SHREESH ENERGY BHARAT PETROLEUM CNG PUMP,17.5579233,74.0516137,,"H342+VPP, Nagthane",0101000020E6100000A3618CA34D835240282DB70FD48E3140
Dhondiraj Petroleum Bharat Petroleum CNG Station,17.1003892,74.4373377,,"PALUS, SANGLI",0101000020E6100000B4B34357FD9B524021DF4A1BB3193140
"DHRUV PETROLEUM, KHODAD , SATARA , CNG BPCL",17.5064608,74.0791604,,"National Highway 48 Nisarale, phata, Khodad",0101000020E6100000DA48C8F610855240BCB43C6AA7813140
Sonam Petroleum and CNG Filling Station,17.5326204,74.3880825,,"G9MQ+26W, Unnamed Road, Gopuj",0101000020E61000009869FB57D6985240B42E7FCF59883140
Vasant petrolium and Cng Pump Sangli,16.864576,74.5648586,,"near Karnal Police chouki, Ganapati Peth, Sangli, Sangli Miraj Kupwad",0101000020E61000005177AFA426A4524010E84CDA54DD3040
"Bharat Petroleum, Raj Petroleum(CNG)",16.9664466,74.3795313,,"ASHTA, ON SH138, ASTHA ISL, SANGLI",0101000020E6100000BC53A63D4A98524095545C0B69F73040
"Bharat Petroleum Petrol CNG Pump , SAMIKHSA PETROLEUM",17.1556741,74.1837125,,"MALKHED, Karad",0101000020E610000073D712F2C18B524090550042DA273140
Thorat Fuels & CNG Station- Bharat Petroleum,17.0860199,74.4305254,,"Kirloskarwadi, Sawantpur Rd, Sawantpur",0101000020E61000003A4668BA8D9B5240214E716605163140
Amrutnagar CNG / Petrol Pump,16.8635625,74.2181875,,"Amrutnagar phata, Nave pargaon, Tal: Hatkanangle, Dist:, Nave, June Pargaon",0101000020E61000005839B4C8F68D5240508D976E12DD3040
Patel Service Station & CNG Karad,17.2770177,74.1838771,,"Market Yard Rd, Shaniwar Peth, Karad",0101000020E6100000EFBE74A4C48B5240C3E9C9A1EA463140
Pawar Petroleum and CNG,17.4266125,74.4847975,,"SH143, Chitali",0101000020E6100000AFEB17EC069F524097900F7A366D3140
Pawar Online CNG Pump,17.1140857,74.1982913,,"Kalamwadi, NH 4, Near, Nerla",0101000020E61000003425FECDB08C5240F7706EB8341D3140
Suyog Petroleum CNG pump,17.283176,74.4658489,,"Maharashtra 415311, India",0101000020E61000002A98E777D09D52401903EB387E483140
"HP CNG - Shri Mahapurush Petroleum, Sakharpa",16.9886475,73.689915,,"Kolhapur - Ratnagiri Rd, near Murlidhar Ali, Kondgaon",0101000020E610000045813E91276C5240ACC5A70018FD3040
"CNG Bharat Petroleum, Petrol Pump -Azad Petroleum",17.4902013,74.0828983,,"KASHIL (PUNE-BANGALORE HW), SATARA",0101000020E610000037D9AB344E855240E9F417D57D7D3140
Shree Sai Petroleum (Bharat Petroleum Corp. Ltd.) CNG pump,16.9558,74.274384,,"Pune Bangalore Highway (NH-4 Vasant Park, Phata, Yelur",0101000020E6100000ECA2E8818F9152404D840D4FAFF43040
Bharat Petroleum Petrol Pump- Srinivas Petroleum and CNG STATION,17.6585464,74.0766596,,"Gat no.15 Satara-Rahimatpur State Highway Jaitapur, Satara",0101000020E61000002ABBAAFDE784524006E6327F96A83140
"Bharat Petroleum Petrol Pump ,CNG - RADHEY PETROLEUM",17.7444598,74.0450799,,Arale,0101000020E61000003F0DCE96E2825240CC2FDEEA94BE3140
SK Petroleum Bharat Petroleum CNG BPCL,17.3884375,74.1069375,,"NH 48, Umbraj",0101000020E6100000D34D6210D88652403D0AD7A370633140
"Bharat Petroleum Petrol Pump , PATIL PETROLINKS & CNG",17.296814,74.331294,,"GAT NO 1179A/1 AT KADEGAONOPPOSITE ST BUS STAND, SH78",0101000020E61000001BD7BFEB33955240B5FE9600FC4B3140
S.P. Power Fuel (Aegis Autogas),17.0443908,74.2693641,,"27V9+QP5, Sangli Rd, Ashta Naka, Shivaji Chowk, Uran Islampur",0101000020E6100000DB0DEC423D915240473E0A325D0B3140
Bharat Petroleum-Kadam CNG Petroleum,17.691489,74.0008656,,"MXRX+MXG, New Radhika Rd, Karanje Turf Satara, Satara",0101000020E610000040EC962E0E805240338B506C05B13140
"Bharat Petroleum Petrol,diesel and cng Pump , VIJAY FUELS",17.0998917,74.1530224,,"WATEGAON, ROAD, Takve",0101000020E61000008CE3761ECB89524050A4A08092193140
Banashankari Petroleum and CNG Station,17.1438702,75.1882434,,"Jath-Sangola Rd, Shegaon",0101000020E610000006AC0B2E0CCC524075DE6BADD4243140
Kedar Petrolinks CNG Station,17.0664388,75.1910915,,"Birnal, Sangli, SH-78, Jath Road, Jath, Jath",0101000020E6100000CAC2D7D73ACC52407C2F192202113140
IndianOil Cng pump,17.5054527,75.4348017,,"Sangola - Mangalwedha Rd, Mangalwedha",0101000020E6100000B16F82CAD3DB5240C62C205965813140
"Bharat Petroleum, CNG Pump -Yash Petroleum",17.640624,74.7573044,,"MASHWAD,DIST-SATARA, Satara - Pandharpur Rd, SATARA",0101000020E61000007BC7DFAC77B052405F0839EFFFA33140
S P Petroleum & CNG,17.2672366,74.6974833,,"Vijapur - Guhagar Road, Khanapur, Jakhinwadi",0101000020E610000065C0FE90A3AC5240534B299E69443140
Sangola market yard Petrol pump CNG,17.4482799,75.2000407,,"C5XX+CR9, Sangola - Pandharpur Rd, Sangola",0101000020E61000009D178277CDCC524043F4B578C2723140
RATNA FUELS CNG EV,16.9831866,74.7647256,,"Sangola - Miraj Rd, Alkud m",0101000020E61000007F9AA443F1B052408DDDF41DB2FB3040
CNG / PETROL DIESEL PUMP,17.6654397,75.3459743,,"M88W+59H, Pandharpur Rd, Gopalpur",0101000020E61000006AF0637124D65240C6F594415AAA3140
"Bharat Petroleum, Petrol Pump -Kaizen Fuels CNG price",17.0445502,75.2180011,,"JATH, SANGLI",0101000020E61000007DBFE2BAF3CD5240BF0754A4670B3140
Company Pump (A. Bharat Petroleum)&CNG COCO,17.0107193,74.7957496,,"A/P-Borgaon, Borgaon, Tal-Kavathe Mahankal",0101000020E610000086F3BA8FEDB252409FEF0280BE023140
Shriram Bharatgas Agency Sangola,17.4277381,75.185658,,"C5HP+37V, Sangola",0101000020E6100000698F17D2E1CB5240D0C07E3E806D3140
AG&P Pratham CNG Station,17.5497762,76.5625064,,"M/s.SRG Petroleums Alanda , HPC Dealers Aland Road, Post, near Check, Aland",0101000020E61000009BF2D71A00245340811E0F22BE8C3140
AG&P Pratham CNG Station,17.315095,75.6530842,,"MT Malapur, SH 41, Chadchan",0101000020E61000003222AC21CCE952401422E010AA503140
AG&P Pratham CNG Station,17.1273239,75.7856142,,"M/s.Renuka Petroleum M/s IOCL, Survey No, 171/3, Horti Village, on NH 12, Horti, Bijapur",0101000020E61000007C11C88047F25240CA7F924C98203140
AG&P Pratham CNG Station,17.181337,75.946532,,"Sri Sai Krishna Petroleums, Vijayapura",0101000020E61000008527F4FA93FC5240048E041A6C2E3140
AG&P Pratham CNG Station,17.2216284,76.3614087,,"Shreyas Petroleum, NH150 Solapur Road, Madabal Tanda, Afzalpur, Afzalpur Rural",0101000020E61000005ABFF4512117534064DD89A3BC383140
HP PETROL & CNG PUMP - SHRI SAI KRISHNA PETROLEUM,17.1811883,75.9464544,,"S.NO. 28/1, Station Road AT & TAL: Indi, Belgaum",0101000020E6100000F0C979B592FC5240F7EA3E5B622E3140
Solapur Gramin Police Petrol & CNG Pump,17.6671209,75.9150113,,"Datta Nagar, Sakhar Peth, Solapur",0101000020E61000001C3E8E8B8FFA524064FA6F6FC8AA3140
Sholagasco CNG Station,17.7094281,75.9970427,,"PX5W+QRF, Doddi",0101000020E6100000CB4D2F8CCFFF5240095D78149DB53140
Bharat Petroleum Petrol And CNG Pump,17.6044474,75.9499125,,"Airport Area, Shankar Nagar, Solapur",0101000020E6100000F163CC5DCBFC5240F9269710BD9A3140
AG&P Pratham CNG Station,16.8786713,75.7215895,,"Sri Siddeshwar Petroleums Survey No-108/8 On NH 13 Village Bhutnal, Taluka, Vijayapura",0101000020E6100000C4E8B9852EEE52400E6F319AF0E03040
HP Patil Petroleum & CNG,17.6873533,75.917991,,"10/43, Bhavani Peth, Solapur",0101000020E61000006EC1525DC0FA5240354CC862F6AF3140
Shreyas Bharat Petroleum CNG,17.2215625,76.3614375,,"69C6+JH near NH150 Solapur Road Madabal, Tanda, Afzalpur, Afzalpur Rural",0101000020E61000001283C0CA211753401F85EB51B8383140
Amol CNG filling station,17.6599188,75.9063906,,"MW54+XH6, Songla, Jawaharlal Housing Society, Keshav Nagra, Solapur",0101000020E6100000B719B84D02FA5240FC034070F0A83140
HP PETROL AND CNG PUMP - SHRI SIDDESHWAR PETROLEUM Bijapur,16.87881,75.72127,,"HPC Dealers Vijayapura, NH13",0101000020E61000008065A54929EE5240D46531B1F9E03040
M T Malapur Petroleum and CNG,17.3149923,75.6532408,,"8M83+3PG, SH 41, Chadchan",0101000020E61000006D1A80B2CEE95240E8FDDA55A3503140
HPCL ( CNG ) Suresh Petroleum,17.7095361,75.9971042,,"182/1/1, Doddi, Solapur Hyderabad Road,Tal: South, Solapur",0101000020E6100000126D228ED0FF5240D6D46828A4B53140
Sagar Auto Gas-AEGIS,17.6815684,75.8967705,,"MVJW+JPC, National HIghway 211, Mahesh Nagar, Solapur",0101000020E6100000206118B064F95240AFFC43447BAE3140
Cng Gas Fitting Center Solapur,17.6738985,75.9228696,,"Solapur - Akkalkot Rd, near Essar petrol pump, Gandhi Nagar, Rangraj Nagar, Solapur",0101000020E61000003F9EA74B10FB5240CE52B29C84AC3140
AG& P LCNG Vijayapura,16.8688163,75.7218829,,"VP9C+GQC, Hanchinal",0101000020E6100000AAC2555433EE524052BBBABE6ADE3040
Hindustan PetroleumCNG,17.549731,76.562461,,"Gulbarga, SH-54, Aland Gulbarga Road, Aland, Aland",0101000020E6100000A1116C5CFF235340EE98BA2BBB8C3140
HPCL Shri Gurukrupa Petroleum & CNG,17.6946596,75.9673577,,Mulegaon,0101000020E610000029424530E9FD52403ADA2736D5B13140
Adani Gas CNG Station,20.4172619,72.8389954,,"CR8Q+WJ6, Khariwad Rd, near Sarvajanic School, Nani Daman, Daman, Marwad",0101000020E6100000A51FC319B2355240E85D06ADD16A3440
Gujarat Gas CNG Station,20.6160038,72.9619442,,"JX86+CQ4, NH 48, New GIDC, Dhamdachi, Gundlav",0101000020E6100000ECE4677E903D52403436CF6CB29D3440
Gujarat Gas CNG Station,19.8154286,72.7357072,,"RP8P+57G, MSEB Colony",0101000020E6100000A1DBA6D3152F52401B39C1EDBFD03340
CNG Station,20.6768836,73.2785811,,"M7GH+QFF, Pipalkhed",0101000020E61000002872D245D4515240E1325D3E48AD3440
Adani Gas CNG Station,20.3749386,72.8525045,,"9VG3+222, Zari Causeway",0101000020E610000057CC086F8F3652400E02E1F9FB5F3440
Gujarat Gas CNG Station,20.1830982,72.759513,,"5QM5+6QX, near old petrolpump, Damruwadi, Umbergaon Town, Umargam",0101000020E6100000C2F869DC9B305240DBF40C86DF2E3440
Gujarat Gas CNG Station,20.629484,73.0989851,,"J3HX+RJ3 Dashera, Mahatma gandhi circle, Tekari, Khergam",0101000020E6100000A4D299C555465240F35A09DD25A13440
Gujarat Gas CNG Station,20.5619275,72.9541714,,HX63+QMC,0101000020E6100000D471EB24113D524019390B7BDA8F3440
Gujarat Gas CNG Station,20.3631592,72.9206925,,"Plot No. C-6/1, Char Rasta, National Highway 8, Phase 1, GIDC, Vapi",0101000020E61000000A4B3CA0EC3A5240D43D5700F85C3440
CNG Gas Station,20.6994183,72.9826629,,Rola,0101000020E6100000859FEEF2E33E524053B9E4130DB33440
Gujarat Gas CNG Station,20.3393625,72.9411406,,"8WQR+PFR, Chanod Colony, Vapi, Dungra",0101000020E6100000057CC8A53B3C524022FDF675E0563440
Gujarat Gas CNG Station,20.5112817,72.9624534,,"GX66+GX8, Balda, Killa-pardi",0101000020E6100000233B25D6983D5240158B845BE3823440
Gujarat Gas CNG Station,20.60483,72.9300073,,"JW3J+W2G, West Railway Colony, Valsad",0101000020E6100000A4A2563D853B5240C2A38D23D69A3440
Gujarat Gas CNG Station,20.3703345,72.9091193,,"9WC5+4JQ, Near Railway Yard,Garnala Road, Taki Falia, Vapi (W, Vapi Station Road, Gita Nagar, Vapi",0101000020E6100000656AB7022F3A52409C14E63DCE5E3440
CNG PUMP,20.2483081,72.8839652,,"NH 48, Talwada",0101000020E61000005633C6E292385240F7D4A01E913F3440
Gujarat Gas CNG Station,20.5899188,72.9521076,,"HXQ2+XR9, Atak Pardi, Pardi Parnera, Valsad",0101000020E61000007A11B754EF3C5240AA4B21EB04973440
Gujarat Gas CNG Station,20.1885257,72.796999,,"5QQW+CQ9, Tembhi",0101000020E610000076FC1708023352409CF4633843303440
Indianoil-Adani Gas Pvt Ltd CNG Station,20.4558028,72.8755476,,"Bhimpore, Daman",0101000020E6100000D805CDF808385240DC6C077EAF743440
Gujarat Gas CNG Station,20.3234579,72.9634953,,"8XF7+99Q, Dadra",0101000020E610000062D630E8A93D524002220E23CE523440
Gujarat Gas Online CNG Station,20.3592948,72.9130038,,"3-11, GIDC Rd, Phase 1, GIDC, Vapi",0101000020E6100000EB877DA76E3A5240749F77BEFA5B3440
Gujarat Gas CNG Station,20.2304122,73.019615,,"62J9+5R9, Khanvel Rd, Rakholi, Kudacha",0101000020E6100000B5E0455F4141524073993F4BFC3A3440
Gujarat Gas CNG Station,20.1366951,73.0622636,,43P6+MWC,0101000020E6100000CC6E7720FC43524001063873FE223440
Somnath CNG station,20.4011065,72.8884168,,"GJ SH 185, Kevdi Falia, Chala, Vapi",0101000020E6100000E34D23D2DB38524089B663EAAE663440
HP Petrol Pump - National Fuel Centre & CNG Filling Station,20.101005,72.914595,,"Vadavali ON NH-8, Tq.talasari Survey NO.177/9A Mumbai-ahmedabad Highway(nh-8), Vashi",0101000020E6100000738577B9883A524084BBB376DB193440
Dharampur Gujarat Gas CNG Pump,20.5412094,73.1330369,,"Valsad - Dharampur Rd, Kharvel",0101000020E610000051AA33AD83485240AC4901B38C8A3440
Gujarat Gas CNG Station,20.28662,73.0337354,,"72PM+MGM, Baroda",0101000020E6100000EBED85B8284252402861A6ED5F493440
HP Petrol & Cng Pump - Unique Gasoline,20.52755,73.1781932,,"Hpcl Dealer AT Malanpada, Near Bypass Road, Dharampur Bypass Rd, Dharampur",0101000020E6100000A7977384674B52403B014D840D873440
CNG Pump,20.3800155,72.9085933,,"Shop no 4, sona mahal, Kabarstan road, Nutan Nagar, Chala, Vapi",0101000020E610000058378364263A52401C7920B248613440
Gujarat Gas CNG Station,20.2673249,72.9643267,,"7X87+WPW, Silvassa - Bhilad Rd, Naroli",0101000020E610000037CA5587B73D52400EE896676F443440
MAHADEV PETROLEUM AND CNG,19.9545736,73.5958981,,"Gat no 72/1 anjeneri village, Trimbak road, Nashik",0101000020E6100000E8CFC83123665240FF9F79EF5EF43340
Gujarat Gas CNG Station,20.6546056,73.1687113,,"Lock No, 12005, Panikhadak, Achhavani",0101000020E6100000CDFD7A2ACC4A524049C78B3B94A73440
GC Patel and Sons Petroleum Pardi BPCL (CNG),20.4973117,72.9431818,,"National Highway 8, Killa-pardi",0101000020E6100000AD4B32175D3C52400D6BCFD14F7F3440
Anaya Autofuel - HP Petrol Pump (CNG),20.2806505,72.8377822,,"Manda village Bhilad Nargol state highway Bhilad, Vapi, Gujarat 396155 Manda, Bhilad",0101000020E6100000F18A3B399E355240261B0FB6D8473440
Bharat Petroleum & Online CNG Station,20.6989003,72.9833634,,"Gujarat 396375, India",0101000020E610000056C50A6DEF3E524022AA4B21EBB23440
Adani Gas CNG Station,21.6389471,69.6144594,,"1T, M G Rd, Khijadi Plot, Dr V R Godhaniya College Area, Porbandar",0101000020E610000011EE844D53675140C15F820992A33540
Pump & CNG STATION - NILKANTH PETROLEUM,21.6886352,69.5418618,,Kuchhadi,0101000020E6100000E97C1DDDAD625140DADF7E654AB03540
Shreenathji Petroleum (BPCL) Adani Gas (CNG),21.6763715,69.6048954,,"Bokhira Advana Highway, NH-8E, 3 Mile, Near Naval Base Bharat Petroleum, Porbandar",0101000020E61000000E20329BB66651404B72C0AE26AD3540
HP Petrol And CNG Pump PH Wadia And Sons Porbandar,21.63891,69.614427,,HPC Dealer Mahatma Gandhi Road Porbandar,0101000020E6100000E2B19FC5526751405D16139B8FA33540
Adani Total Gas Limited L-CNG Station,21.6540514,69.6439207,,"MJ3V+HHH, GIDC, New Porbandar, Porbandar",0101000020E6100000EAED2AFF356951402CE79CE96FA73540
Indian oil Indane gas,21.6283955,69.6458046,,"JJHW+88R, Unnamed Road, Siddheshwar Park, Chhaya, Porbandar",0101000020E6100000CF26D1DC546951401D740987DEA03540
Torrent Gas CNG Station,21.4253879,70.5176381,,"Yogi Petroleum, HPCL Station, SH-26, Junagadh, Bilkha Rd, Khadiya",0101000020E610000078AA8DFB20A15140379DAE38E66C3540
Shree Ram Petrolium Adani Gas CNG Station,21.6312236,70.0171145,,"J2J9+62G, Thepada, Mandva",0101000020E610000065726A6718815140A076AEDE97A13540
Torrent Gas CNG Station,21.0148548,70.2970986,,"Shree Laxmanbapa Petroleum, HPCL Station, Opp. Hotel Sahyog Junagadh-Somnath National Highway, Shantipara, Gadu",0101000020E6100000FEABD8A90393514049303086CD033540
Torrent Gas CNG Station,21.3320406,70.4393307,,"Prabhat Petroleum, BPCL Station, Junagadh - Mendarda Hwy, Mendarda",0101000020E61000003E2883FE1D9C5140B8F1DD9C00553540
Torrent Gas CNG Station,21.4449505,70.3084338,,"Jay Vachharaj Petroleum, IOCL Station, Junagadh-Somnath Highway Kanjadhar, Vanthali, Junagadh",0101000020E6100000C9FE1E61BD935140BFD6A546E8713540
N P Enterprise Adani Total Gas Limited CNG STATION,21.4768336,69.7694224,,"Survey No. 1880, Somnath Highway, Dwarka, Porbandar, Gosa",0101000020E6100000D43373373E7151404AA24DC4117A3540
Torrent Gas CNG Station,21.5022131,70.1492777,,"Galaxy Associates, Torrent Gas, Opp Hero Showroom, Manavadar-Vandhali, Road, Manavadar",0101000020E61000006AE10DC48D8951406E1FA80991803540
Torrent Gas CNG Station,21.1810101,70.053201,,"53J3+C74, Vasudev Petroleum, IOCL Station, Mangrol-Porbandar Highway Shil, Mangrol, Junagadh",0101000020E610000054C72AA567835140E6BE8BAD562E3540
CNG,21.6971109,70.1656172,,Nilakha,0101000020E6100000ED69E278998A5140642F25DC75B23540
Gujarat Gas CNG Station,21.6664339,70.6721835,,"MM8C+HVH, Kharchiya",0101000020E61000004B5AF10D05AB51401C727D699BAA3540
CNG PETROL DISEAL STATION JAY VACHHRAJ PETROLEUM,21.4450713,70.3072714,,"to, Junagadh - Somnath Hwy, Kanja, Vanthli",0101000020E6100000C17FA955AA93514061E35531F0713540
CNG Pump - Pithad Krupa CNG Station,21.052022,70.5478531,,"3G2X+R4, Una - Talala Rd, Gundaran",0101000020E6100000C8E0720610A351402AAC5450510D3540
Torrent CNG station,21.5387803,70.4623916,,"Junagadh-Rajkot, National Highway, Khwaja Nagar, Joshipura, Junagadh",0101000020E61000007DFCEFD2979D5140A43A7881ED893540
Torrent Gas CNG Station,21.3514328,70.251063,,"9722+589, Keshod",0101000020E6100000158F8B6A11905140E1BDFE7FF7593540
Army Petroleum and CNG station,21.2954185,70.2308067,,"Keshod - Mangrol Rd, Ranchhod Nagar, Keshod",0101000020E6100000A70C7789C58E51402522FC8BA04B3540
Torrent Gas CNG Station,21.56302,70.4514027,,"LCNG COCO Torrent Gas Station, Junagadh Bypass Rd, near Khamdhrol, Chowkdi, Junagadh",0101000020E6100000DF7426C8E39C514072FE261422903540
HP PETROL PUMP & CNG STATION - SHREEJI KRUPA PETROLEUM,21.15399,70.2861682,,"Shreeji Krupa, HPCL Station, Galodar-Maliya Road, Maliya Hatina",0101000020E6100000EF096D94509251403AE97DE36B273540
Shree Anjaney CNG station,21.4985615,70.4174389,,"Jesij Bus Stop, Junagadh Road, NH-8D, Moti Palace Twp, Junagadh",0101000020E610000001E5A551B79A5140728BF9B9A17F3540
Vasudev Petroleum & CNG,21.1809814,70.0532759,,Sundarvan,0101000020E61000008F0A52DF688351402E2F0ACC542E3540
Shree Laxmanbapa Petroleum and CNG Gas Station,21.0149471,70.2971105,,"Maliya Hatina, NH 151, Ta, opposite Madhav Hotel and Restaurant, near Lion Packaging Factory, Shantipara",0101000020E61000001633C2DB0393514088ABB992D3033540
Prabhat Petroleum & CNG,21.3320774,70.439414,,"250/1, Junagadh - Mendarda Road, Mendarda",0101000020E6100000E4D9E55B1F9C51409FBD440603553540
Gir CNG Station (IRM Energy),21.146404,70.5860018,,"4HWP+HC, Bhojde",0101000020E61000006B99B10D81A55140EB0088BB7A253540
Online Urja CNG station (Online),20.9294693,70.3882905,,"W9HQ+Q8J, Bhalpara Part",0101000020E61000003DB665C0D9985140D22236B3F1ED3440
Torrent CNG Gas Station,21.2959444,70.2306908,,"Army Petroleum, BPCL Station, Keshod - Mangrol Rd, Keshod",0101000020E61000003D5F58A3C38E5140316F1F03C34B3540
Torrent Gas CNG Station,21.6043214,70.4925644,,"P.H. Wadiya & Sons HPCL Station, Junagadh-Rajkot, National Highway, near Krishna Hotel, Vadal",0101000020E6100000214BD52C869F5140DF45A9CEB49A3540
IRM CNG Pump,20.9294428,70.3882779,,"W9HQ+Q8C, SH 26",0101000020E61000009D908C8BD9985140AF809DF6EFED3440
HP PETROL & CNG PUMP - P H WADIA & SONS VADAL,21.604365,70.4925825,,"National Highway - 8 D Survey NO. 183/P, Vadal Rajkot Junagadh Highway, Rajkot",0101000020E61000003E05C078869F5140D8D825AAB79A3540
Jagdish CNG,21.5386752,70.4624423,,"Jagdish CNG, Sakkarbaug Road, near Jagdish Hero Showroom, Khwaja Nagar, Junagadh",0101000020E61000005FB296A7989D5140902A2F9EE6893540
Aum preoleum Gujarat Gas CNG Station,21.6971507,70.1656844,,"Dharti Hotel Ni Baju Ma, Nh 27, Chowkdi, Ganod",0101000020E610000046DDBD929A8A51402EE2E07778B23540
Shree Ram Auto Petrolpump & CNG Gas pump.,21.6664454,70.6722166,,"MM8C+HWM, Jetpur-Visavadar-Bagasara Rd, Kharchiya",0101000020E61000000335C69805AB5140D4916D2A9CAA3540
Somnath service station CNG,20.9119163,70.3629302,,"opposite Saint Bus Stand Road, Rayon Housing Society, Veraval",0101000020E6100000C4EE963F3A9751407830BD5873E93440
"Bharat Petroleum Petrol Pump and CNG PUMP , SHREE NILKANTH PETROLEUM",21.2568967,69.9676456,,"MANDHAVPUR,ON, NH 8E, Porbandar",0101000020E61000009287CFE7ED7D514048F36CFBC3413540
CNG ONLINE 24×7,21.6783889,69.7608953,,"MQH6+CCG, Ranavav",0101000020E6100000874B3382B27051402C781BE5AAAD3540
HP PETROL PUMP AND CNG - SHREE RAJ PETROLEUM,21.5793652,70.0361792,,Saradiya,0101000020E6100000E93290C250825140C5701A4751943540
HP PETROL PUMP CNG PUMP - YOGI PETROLEUM,21.4253776,70.5176609,,"Survey NO. 4/ P-1/P-1 SH 26, Village Khadia Taluka, Junagadh",0101000020E6100000BFFA2E5B21A151407373E08BE56C3540
IRM Energy Online CNG Station RAMDOOT ENERGY,20.9020241,70.4040914,,"Survey No. – 788/1/Paiki 1, NH-51 At. Prabhas Patan, Ta, Veraval",0101000020E610000012E62CA2DC9951402EB4290DEBE63440
Galaxy CNG PUMP,21.5021607,70.1492349,,"Ratanpara, Manavadar",0101000020E6100000FFBA89108D89514023D6879A8D803540
Gujarat Gas CNG Station,21.7036797,71.5249424,,PG3F+FXF,0101000020E6100000291202A898E15140ED5B525A24B43540
Shivam CNG Station,21.5696877,71.1798922,,"Amreli-Bagasara Hwy, Amreli",0101000020E61000008DF3925A83CB5140F76E980DD7913540
CNG PUMP,21.3506596,70.7474611,,9P2X+45G,0101000020E61000000FE21467D6AF51404807DAD3C4593540
Hare Krishna Petroleum And CNG STATION,21.3456282,71.6692309,,"To, Mahuva Road, Jesar",0101000020E6100000403ED7ADD4EA51404A93F7167B583540
Sitaram Petroleum & CNG Gas,20.9790942,71.4275007,,"Lothpur near 4, nala 365540, Jafarabad",0101000020E61000001861E52B5CDB51400AB4E0EAA5FA3440
SHIVAM CNG FILLING STATION,20.9453522,71.069771,,"W3W9+4WR, Kodinar - Amreli Hwy, Dhokadva",0101000020E610000064CDC82077C451409F330E9A02F23440
Gujarat Gas CNG Station,21.3295768,71.029327,,"82HH+RPW, Dhari",0101000020E6100000F2785A7EE0C15140358529255F543540
Gujarat Gas CNG Station,21.0214351,71.4362431,,"2CCP+HHC, Rajula",0101000020E6100000C3E62D68EBDB51408B7C4DC57C053540
Gujarat Gas CNG Station,21.4981445,70.9563845,,"FXX4+7HF, Amreli",0101000020E6100000AF79556735BD5140A92EE065867F3540
Gujarat Gas CNG Station,21.3846736,71.5436384,,9GMV+VF6,0101000020E61000006336B7F8CAE2514074A213F879623540
Genius petroleum & CNG PUMP,20.8381973,71.033508,,Una,0101000020E6100000E109BDFE24C251407318271994D63440
Gujarat Gas CNG Station,20.9503756,71.4430475,,"XC2V+56C, lothpur Road",0101000020E6100000C6C4E6E35ADC514098EAB8D04BF33440
Torrent Gas Online CNG Station,21.4692633,70.7769242,,"FQ9G+PQ, Kanavadla",0101000020E6100000249E4720B9B151408AB6BEA321783540
CNG station,20.8655339,71.0068684,,"Unnamed Road, Men",0101000020E61000000E58288870C051404F1432A193DD3440
Gujarat Gas Company CNG Pump,21.5909229,71.2452586,,"H6RW+946, Amreli",0101000020E610000004842051B2CF51401DF521B946973540
IRM CNG station,20.8381543,71.0335532,,"R2QM+7C7, Una - Talala Rd, Rahim Nagar, Una",0101000020E6100000462B52BC25C251407480BB4791D63440
Shreenath Petroleum & CNG (Platinum - BPCL Petrol Pump),21.5646352,70.7121572,,"Bhesan Rd, Bhesan",0101000020E610000019E7CAFB93AD5140A12BB6EE8B903540
IRM CNG Energy,20.945383,71.0697133,,Dhokadva,0101000020E610000029E6C52E76C45140C231CB9E04F23440
Gujarat Gas CNG Station,21.6686807,72.1436276,,"M49V+FFC, Nesvad",0101000020E61000006433D1313109524065F789A82EAB3540
Gujarat Gas CNG Station,21.5376357,71.8131825,,"Palitana-Gariyadhar Hwy, Jivapur, Palitana",0101000020E61000007DCB9C2E0BF451407DA9447EA2893540
Gujarat Gas CNG Station,21.5889091,71.9742811,,"HXQF+HP6, Tana - Sihor Link Rd, Tana",0101000020E610000019671D9F5AFE514019D12CBFC2963540
Shreeji CNG pump,21.1112484,71.7585692,,Mahuva,0101000020E61000002F70D4658CF051407ABB6FC67A1C3540
JAGDHAR CNG,21.2303983,71.9094789,,Longadi,0101000020E6100000BBF9FCE634FA5140D38D0B62FB3A3540
Online CNG Station,21.1051127,71.7572705,,"Bhavnagar-Somnath Highway, Mahuva",0101000020E610000070EEAF1E77F05140EEE478AAE81A3540
REZA CNG BORDA સી એન જી સ્ટેશન,21.2742601,71.9485322,,Talaja,0101000020E6100000FD8C66C0B4FC51400219F0E835463540
"Bharat Petroleum, Petrol Pump, offline cng-Krishna Petroleum",21.392991,72.0697322,,"Mahuva - Bhavnagar Hwy, Bhalar, Velavadar",0101000020E61000009A9E0B7E76045240519FE40E9B643540
Shiv Fuel Suppliers (Petrol/Diesel/CNG/EV),21.4706094,72.1134587,,"Panchapipal,Bhavnagar-Somnath national highway, NH51",0101000020E6100000967C47E842075240B0308EDB79783540
bharat petroleum and cng gass,21.3701729,71.9118594,,"Bagadana - Thadach Rd, Thaliya",0101000020E6100000366387E75BFA5140905DB3A6C35E3540
Sahyog Petroleum CNG Online,21.5756565,71.8464839,,"HRGW+5P, Malpara",0101000020E6100000CBC5CECA2CF65140D63A71395E933540
Gujarat Gas CNG Station,21.2011322,72.7793625,,"6Q2H+FP5, L.P.Savani, Surat",0101000020E6100000A54E4013E13152402B2C5D667D333540
Gujarat Gas CNG Station,21.2267511,72.838873,,"6RGQ+MHC, Fulpada Rd, Old GIDC, Patel Nagar, Surat",0101000020E6100000D61F6118B035524000D52E5C0C3A3540
Gujarat Gas CNG Station,21.1607318,72.81137,,"Althan Tenament, Bhatar, Althan, Surat",0101000020E610000027BD6F7CED3352405E6D20B825293540
Gujarat Gas CNG Station,21.1963124,72.8199685,,"5RW9+GXG, Swamy Dayananad Sagar Marg, Chowk Bazar, Gopipura, Surat",0101000020E610000003D0285D7A3452409DCC898741323540
Gujarat Gas CNG Station,21.0752689,72.8883586,,"3VGQ+49F, Sachin Apparel Park SEZ., Sachin, Surat",0101000020E6100000B48707DEDA385240E9E797D244133540
"CNG Pump, Kosmba",21.5293296,73.0046522,,"G2H3+PRH cng, Surat, Nana Borsara",0101000020E6100000AFB6BD384C40524005CE082582873540
Gujarat Gas CNG Station,21.2362109,72.7899744,,"6QPQ+FXC, Jahangir Pura, Rander, Surat",0101000020E6100000582BC9F08E3252406F754A51783C3540
Gujarat Gas CNG Station,21.2397273,72.850965,,"6VQ2+V9P, Soc, opp. Jalaram Petol Pump, Purshottam Nagar, Amroli, Surat",0101000020E61000009A42E735763652405875B1C45E3D3540
CNG Pump,21.0865469,72.9760781,,Palsana,0101000020E6100000E0754710783E5240F71109F027163540
Gujarat Gas CNG Station,21.200859,72.7906115,,"10, Chatrapati Shivaji Marg, Honey Park, Adajan Gam, Adajan, Surat",0101000020E6100000DB15FA6099325240761BD47E6B333540
Gujarat Gas CNG Station,21.1542097,72.7417383,,"5P3R+PP4, Bhatpore",0101000020E6100000332CEBA3782F5240D93972497A273540
Gujarat Gas CNG Station,21.1350379,73.0990251,,"43PX+2J6, Baben, Bardoli",0101000020E6100000EC7E5F6D56465240743804D891223540
Gujarat Gas CNG Station,21.645955,73.0080769,,"Bharuch Road, Gadkhol Part, Gadkhol Patiya, Ankleshwar",0101000020E61000009956F954844052400CB08F4E5DA53540
Gujarat Gas CNG Station,20.9700519,72.9317594,,"XWCJ+2PH, Unnamed Road, Manekpor",0101000020E610000066AF2DF2A13B524034EC415255F83440
Gujarat Gas CNG Station,21.1387536,72.8510699,,"6, Udhana Main Rd, Unity Industrial Estate, Pandesara, Udhana, Surat",0101000020E61000000AC7E2ED77365240C8331E5B85233540
Cng Pump,21.4659052,72.9946792,,"FX8V+9VF, Kosamba - Moti Pardi Rd",0101000020E6100000BB80F2D2A83F52404E092D9045773540
Gujarat Gas CNG Station,21.6409642,73.0300235,,"J2RH+9X8, Hifazat Nagar, Ankleshwar",0101000020E610000022A7AFE7EB41524024E8D43A16A43540
Gujarat Gas CNG Station,21.1796614,72.8333742,,"5RHM+V96, Shastri Nagar Society, Aman Nagar, Surat",0101000020E61000002195BD0056355240845A1D4AFE2D3540
Gujarat Gas CNG Station,21.1646304,72.9622895,,"NH 48, Kadodara",0101000020E610000030F2B226963D52406AEDC737252A3540
Gujarat Gas CNG Station,21.156223,72.8324846,,"5R4M+F2W, Ashirwad Twp, Udhana, Surat",0101000020E61000001DDB7C6D473552400DE2033BFE273540
Gujarat Gas CNG Station,21.1116945,72.8608559,,"4V66+M8H, Unn Patiya, Udhana, Surat, Un",0101000020E61000006544584318375240A0A4C002981C3540
Gujarat Gas CNG Station,21.160861,72.856741,,"UMA CNG FUEL, Swami Tejanda Nagar, Navagam Dindoli, Dindoli, Surat",0101000020E61000001C0934D8D4365240AD33BE2F2E293540
Gujarat Gas CNG Station,21.2707729,72.8466657,,7RCW+8J7,0101000020E6100000470955C52F365240A1246E5F51453540
Gujarat Gas CNG Station,21.204081,72.8885695,,"6V3Q+JCP, Magob, Surat",0101000020E610000047AE9B52DE38524027BC04A73E343540
SHANTABA PETROLEUM & ONLINE CNG 24 HOURS,21.2740587,72.9641219,,"Kamrej Rd, Bhagvati Society, Kamrej",0101000020E6100000DF76572CB43D52402DAF01B628463540
Rameshwari CNG station,21.6182927,73.5677455,,"NH753B, Nighat, Nivalda",0101000020E6100000E0BC38F15564524005DB2D6E489E3540
Dhru Petroleum A Gujatat Gas CNG Station,21.229419,72.7795666,,"F.P. No. 27, T. P. No. 44, Shiv Drashti Row House Ugat, Dandi Rd, Jahangirabad, Dahin Nagar, Surat",0101000020E610000073034F6BE4315240BE141E34BB3A3540
Gujarat Gas CNG Station,21.1904376,72.7951925,,"87-88, Adajan Gam, Adajan, Surat",0101000020E61000009161156FE4325240C1EDBF84C0303540
Gujarat Gas CNG Pump,21.6221584,72.9221324,,"JWCC+VRX, Bharuch",0101000020E61000003F259D37043B524083EEDCC5459F3540
Gujarat Gas CNG Station,21.1888431,72.8828969,,"5VQM+F5C, Saroli, Surat",0101000020E610000059CFFF618138524044937A0558303540
Gujarat Gas CNG Station,21.2218254,72.8812038,,"6VCJ+PF9, Varachha Main Rd, Shree Jay Mahalaxmi Society, Chikuwadi, Nana Varachha, Surat",0101000020E610000019879FA465385240106CA68CC9383540
Gujarat Gas CNG Station,21.161687,72.9927778,,"5X6V+M4C, Jolva",0101000020E610000078CCE5AB893F52403830B95164293540
Gujarat Gas CNG Station,21.6151322,73.0061913,,"J284+2FR, Ankleshwar - Valia Rd, Near Hotel Shalimar, Opp.Jayaben Modi Hospital, GIDC, Ankleshwar GIDC, Ankleshwar",0101000020E610000043C13170654052406FB7C94D799D3540
CNG Pump,21.5643695,73.1081128,,"Ankeleshwar-Valia Road, Vataria",0101000020E6100000DB11F351EB465240215C01857A903540
Gujarat Gas CNG Station,21.2181586,72.8318702,,"6R9J+7P9, Bambavadi, Tunki, Katargam, Surat",0101000020E610000016E1815C3D3552405557F43DD9373540
Gujarat Gas CNG Station,21.1505299,72.8461314,,"1, Udhana Main Rd, Bhedwad, Pandesara GIDC, Udhana, Surat",0101000020E610000099C7500427365240F591A52089263540
Abrama CNG Pump,21.2657589,72.9051439,,"7W84+832, Abrama Rd, Mota Varachha, Surat",0101000020E6100000212BAEE0ED395240F61E78C608443540
Gujarat Gas CNG Station,21.7063942,73.0064669,,"Maktampur, Bharuch",0101000020E61000006B0025F46940524086151340D6B43540
Gujarat Gas CNG Station,21.3205069,72.884248,,"8VCM+6P3, Gothan-Sayan Rd, Sayan",0101000020E61000006B63EC849738524071A47DBD0C523540
Gujarat Gas CNG Station,21.0144731,72.9725087,,"2X7F+Q2J, Vesma",0101000020E6100000D56421953D3E5240F72B5382B4033540
Online CNG Station,21.3710988,73.0055193,,Karanj,0101000020E6100000CC3F9F6D5A405240B895B954005F3540
Shree Umiya Enterprise (ONLINE CNG Station),21.1166097,73.097131,,"Block No. 405/5, National Highway 6,, Bardoli - Surat Road,, Near Ten GIDC, Bardoli",0101000020E6100000611BF1643746524079E51F22DA1D3540
Gujarat Gas CNG Station,21.1689513,72.8718547,,"Chamunda Residency, 382, chetan nagar Near Aaspas pas, Teen Rasta Circle, Navagam Dindoli, Godadara, Surat",0101000020E61000004AD7A777CC375240DF1D7464402B3540
Swastik Online CNG Station,21.255152,72.9351154,,"7W4P+329, Surat - Kamrej Hwy, Diamond Nagar, Laskana, Surat",0101000020E61000001A3F43EED83B52404D8237A451413540
Gujarat Gas CNG Station,20.9954005,72.9688195,,XXW9+5GG,0101000020E6100000880E8123013E52400BEC3191D2FE3440
Cng station,21.7012609,72.9904825,,"Shivam Chambers, 4, beside Indian Oil Petrol Pump, nr. Big Bazar, Old Town, Bharuch",0101000020E6100000A930B610643F5240AA7697D585B33540
GUJARAT GAS CNG PUMP,21.2159267,72.8224236,,"6R8C+9X6, Industrial Area, Singanpor, Surat",0101000020E6100000595D9896A23452404DD5E2F846373540
Vishat Cng Pump,21.1337033,72.827971,,"G-2, New Bamroli Rd, Milan Point, Opposite Slok Residency, Bamroli Char Rasta, Jay Ambey Society, Pandesara, Udhana, Surat",0101000020E610000055C2137AFD34524006DE24613A223540
Jay JALARAM KRUPA PETROLEUM and CNG station,21.6365395,73.0048984,,"228, National Highway, Gadkhol Part, Old, Ramnagar, Ankleshwar, Bharuch",0101000020E610000060F3604150405240B91CAF40F4A23540
Gujarat Gas CNG Station,21.1914413,72.8581761,,"Puna Kumbhariya, Road, near Bhara Petrol Pump, Intercity Twp Society, Parvat Patiya, Surat",0101000020E61000005DED725BEC3652408E9A0A4C02313540
CNG Pump,21.3229069,72.7532277,,"8QF3+579, Olpad",0101000020E61000003E7CF4E1343052401A27CF06AA523540
Jay Mahadev CNG Fuel Station,21.2369655,72.8747465,,"Block 244, RS-251, Ft-105, Near Sudama Chowk, Mota Varacha, State Highway 602, Surat",0101000020E61000009772BED8FB375240C1C760C5A93C3540
Gujarat Gas CNG Station,21.191031,72.7244971,,"5PRF+CQ9, Hazira - Adajan Rd, Hazira Road, Kavas Patiya, Hazira, Surat",0101000020E6100000FFA215295E2E5240AD855968E7303540
Gujarat Gas CNG Station,21.6349633,73.019725,,"Gadkhol Part, Hifazat Nagar, Ankleshwar",0101000020E6100000787AA52C4341524005A96FF48CA23540
CNG Pump Online,21.2045224,72.8446968,,"B-19, Lambe Hanuman Rd, Saify Society, Varachha, Surat",0101000020E61000004BC22A830F365240A74C7B945B343540
Gujarat Gas CNG Station,20.9325027,72.9430485,,"WWMV+265, Sahkar Society, Jamalpore, Navsari, Chhapra Part",0101000020E6100000AE8218E85A3C524084EE377FB8EE3440
HP Petrol CNG Pump - Sri Sai Krishna Petroleum,21.1616499,72.992719,,"HP Petrol Pump, Survey NO. 124/A/P1 NH-6, Kadodra-Bardoli Road Surat - Kadodara, Road, Tantithaiya",0101000020E61000008AC745B5883F5240D4E649E361293540
Mandvi Petrol Pump & CNG Gas,21.2578902,73.3101703,,"78 56+33P, petrol station, near Mandvi, Mandvi",0101000020E610000031AC87D4D95352407AF5961705423540
Gujarat Gas CNG Station,21.6366274,73.0047629,,"J2P3+MW2, Gadkhol Part, Ramnagar, Ankleshwar",0101000020E6100000FCEE0C094E405240CDBC6603FAA23540
Gujarat Gas CNG Station,22.2201665,69.6511234,,"6MC2+3C9, Kachoeiyawadi, Khambhalia, Harshadpur",0101000020E6100000432A7B01AC695140BF2CEDD45C383640
Radheshyam Petroleum BPCL CNG PUMP,22.0679496,69.1497034,,"NH51, Kuranga",0101000020E610000067C691BD94495140BAC61D2565113640
Gujarat Gas CNG,22.206514,69.5572503,,"Survey No 186, Shiruwadi, Hansthal, Khambhalia",0101000020E6100000EB8B29FDA9635140882AFC19DE343640
Cng gas pump,22.2065241,69.5567787,,"6H44+HMQ, Shiruwadi, Hansthal",0101000020E610000000E72043A2635140F9556FC3DE343640
H K Auto Gas (CNG),22.2290726,69.6686624,,"Jamngar, Khambhalia - Lalpur Rd, opp. Dalwadi Hotel, Khambhalia, Harshadpur",0101000020E61000002704615DCB6A5140E1687D80A43A3640
Gokaldas Jamnadas Petroleum (IOCL) CNG,22.1051293,69.2635923,,"SH-25, Bhatiya Village, Kalyanpur D. Dwarka",0101000020E61000008EFE3CB2DE505140F459F9C0E91A3640
Gujarat Gas CNG Station,22.417223,69.884429,,"Survey No-62/Paiki-2, Paiki-3/P-1/P-2, Shapar",0101000020E610000093A8177C9A78514096236420CF6A3640
Ghanshyam cng station,22.529787,70.47326,,"Jayva bus stop Rajkot Jamnagar highway Taluka dhrol, dist, Jayva",0101000020E610000051A04FE4499E514090D8EE1EA0873640
Gujarat Gas CNG Station,22.3356839,69.7859526,,"8QPP+79G, Zankhar",0101000020E6100000324D220C4D725140324B4C61EF553640
Gujarat Gas CNG Pump,22.4745501,70.0934118,,"F3FV+R9F, near MARUTI TOWN SHIP, near HAJRAT ALISHAH PIR DARGAH, Gulabnagar, Jamnagar",0101000020E6100000DF837C75FA85514043D0871D7C793640
Gujarat Gas CNG Station,22.2492993,70.6790026,,6MXH+PJG,0101000020E6100000893952C774AB51406B6A3414D23F3640
Gujarat Gas CNG Station,22.5548458,70.3848925,,"Ground Floor, H93M+XW4, Vankiya, Dhrol",0101000020E610000072FE2614A2985140AD52D55F0A8E3640
Gujarat Gas CNG Station,22.6604673,70.3584409,,"M965+59P, GJ SH 25",0101000020E610000020C319B2F0965140D2938D6214A93640
Gujarat Gas CNG Station,22.446,70.1183395,,"C4W9+98W, Lumbininagar, Morkanda",0101000020E6100000CD94D6DF928751401904560E2D723640
Gujarat Gas CNG Station,22.4343628,70.0662075,,"C3M8+QH2, Jamnagar - Lalpur Rd, Green City, Jamnagar",0101000020E6100000FFCF61BE3C84514057998466326F3640
Gujarat Gas CNG Station,22.6205683,70.522249,,"JGCC+5WJ, Latipur",0101000020E610000099D711876CA151402F6F6990DD9E3640
Vaibhav Petroleum & CNG Station,21.8863067,70.4909192,,"Jasapar jamkandorna, GJ SH 26, NH927D",0101000020E61000009F3E5D386B9F5140C6B9F2FEE4E23540
Gujarat Gas CNG Station,22.4539835,70.5744845,,"NEAR PADADHARI Gujarat State Highway 25, Khijadiya Nana, Vanapari",0101000020E6100000C5E3A25AC4A45140726C3D4338743640
Gujarat Gas CNG Station,22.5064917,70.2156878,,"Gujarat 361120, India",0101000020E61000005BC933D4CD8D51400932A770A9813640
Gujarat Gas CNG Station,22.1882517,69.9564749,,"5XQ4+7HX, Lalpur",0101000020E610000079BC7FE2367D514099EA6E4331303640
Gujarat Gas CNG Station,22.1697678,70.382976,,"599M+W55, Sarvaniya",0101000020E6100000C9C9C4AD82985140F3E90CE7752B3640
Gujarat Gas CNG Station,22.2588024,70.4695151,,7F59+GRC,0101000020E61000009ADE0F890C9E51405620C4DF40423640
Gujarat Gas CNG Station,22.3907929,70.0512463,,"93R2+8F9, Jamnagar - Lalpur Rd, Chela",0101000020E6100000A0A28F9E478351404E02E5000B643640
CNG Pump - Dhrol,22.5619052,70.4191946,,"Jamnagar NH-947, Jamnagar - Rajkot Hwy, Dhrol",0101000020E61000003A6A9615D49A5140CD73E904D98F3640
HP PETROL & CNG PUMP - SHREE MEKRAN PETROLEUM,22.1794756,69.9385379,,"R/S. 577, Lalpur Bhanvad Road, SH NO 27, Lalpur",0101000020E61000009EA34401117C5140136EE81CF22D3640
New Bhanu Petroleum & Online cng Station,22.4343739,70.066206,,"Ranjit Sagar Rd, Opposite, Green City, Jamnagar",0101000020E6100000223317B83C84514069BCBE20336F3640
Bharat Petroleum & CNG Pump,22.6174915,70.5497468,,"JG9X+2V5, Tankara - Latipar Rd, Latipur",0101000020E610000029C5330D2FA35140D80E46EC139E3640
Nilkhandh Petroleum/CNG-Motavadala,22.2588157,70.4695578,,Mota Vadala,0101000020E61000003BA5283C0D9E5140FC30E7BE41423640
Hpcl - Sahara petroleum and cng filling station,22.5063836,70.2157174,,"Survey NO. 511/4 Paiki Vill. Moti Banugar, SH 25, Jamnagar, Gujarat 361120, Jamnagar",0101000020E6100000678B5A50CE8D5140123B095BA2813640
Gujarat Gas CNG Station,22.4622954,70.0364215,,"50 feet Rd, Ketivadi Farmers Colony, Mayur Nagar, Jamnagar",0101000020E6100000C3D7D7BA548251405B17C8FD58763640
Bio-CNG,22.3906333,69.8654012,,"Shop NO.1and2, Gokul Square, opposite to Lords Hotel, Motikhavdi",0101000020E6100000D3FAB6BB62775140833A408B00643640
HP PETROL CNG PUMP - SARTHI PETROLEUM,21.9280144,69.7984339,,R SNO. 3292/1/1 AT Bhawad Town Taluka Bhanwad,0101000020E61000002321808A1973514091370A5A92ED3540
Gujarat Gas CNG Station,21.8172563,70.6734331,,"Porbandar - Veraval Highway, Kagvad",0101000020E6100000CF22258719AB514031F378B537D13540
CNG SAHAKAR PETROLEUM,21.9037678,70.0356124,,"near mini bus stand, Jamjodhpur",0101000020E610000041553B7947825140892D98535DE73540
Essar Petrol & CNG,22.4789887,70.1143208,,"F4H7+JP8, Hapa Industrial Area, Jamnagar",0101000020E61000002A503008518751404FA7E1009F7A3640
RAMESHWAR PETROLEUM & CNG,21.8933863,70.0539955,,"Near Mother Teresa School, Gingani Road, Jamjodhpur",0101000020E610000065A88AA974835140C731EDF6B4E43540
Gujarat CNG pump,22.4207921,71.1998161,,"C5CX+8W8, Rajkot Hwy, Chotila",0101000020E6100000B7AD77C9C9CC514048EAF307B96B3640
Gujarat Gas CNG Station,22.1730713,70.7966753,,"Survey No. 161, B, Nh27 Village, Pardi - Padavala Rd, nr. Dist: Area, Shapar",0101000020E6100000FCC165BAFCB251404F6095664E2C3640
Gujarat Gas CNG PUMP,22.2835892,70.8002233,,"Dhebar Rd, Bhaktinagar Station Plot, Bhakti Nagar, Rajkot",0101000020E6100000D2BFC9DB36B35140B27F434D99483640
Gujarat Gas CNG Station,22.5226151,71.4898107,,GFFQ+2WQ,0101000020E6100000C76EFA0E59DF514051E56A1ACA853640
Gujarat Gas CNG Station,21.9927397,70.796616,,"Survey No. 696/p1/p1 Opp. Khodiyar Hotel Near Ashapura Cross Road, NH 27, Gondal",0101000020E61000001ADEACC1FBB25140DCF0603024FE3540
Gujarat Gas CNG Station,21.9611355,71.5784841,,"XH6H+F94, Gadhada",0101000020E610000062B02CE205E551404D86E3F90CF63540
GUJARAT GAS CNG PUMP,22.4439382,71.2337432,,"CNG Gas NH-8A, near Gujarat, Shangani, Kumbhara",0101000020E610000065EA09A6F5CE5140F37112EFA5713640
Gujarat Gas CNG Station,22.1633215,70.7928204,,"5Q7V+84G, Shapar",0101000020E61000008166C691BDB25140D13B1570CF293640
Gujarat Gas CNG Station,22.306999,70.8300463,,"8R4J+Q2V, Service Road, Shakti Society, Arya Nagar, Rajkot",0101000020E61000009D2A847A1FB551409BE7887C974E3640
Gujarat Gas CNG Station,22.2877591,70.8259909,,"7RQG+39W, Vardhman Industrial Area, Ram Nagar, Aji Industrial Estate, Rajkot",0101000020E6100000CA92EF08DDB451405BA09394AA493640
Gujarat Gas CNG Station,22.600018,70.9630953,,"JX27+265, Bhatiya Society, Wankaner, Chandrapur",0101000020E61000009B1B785AA3BD5140E60297C79A993640
Gujarat Gas CNG Station,22.2795944,70.8109867,,"7RH6+R8X, Ward No 19b, Master Society, Bhakti Nagar, Rajkot",0101000020E61000006C7FC234E7B351400E25A47F93473640
Gujarat Gas CNG station,22.3732398,70.7997771,,9QFX+7WR,0101000020E6100000BE254A8C2FB35140CA90BEA48C5F3640
Gujarat Gas CNG Station,22.3895067,71.2028587,,"96Q3+R45, Dudheli",0101000020E6100000618D0EA3FBCC5140A8120AB6B6633640
Gujarat Gas CNG Station,22.2889212,70.8014584,,"7RQ2+HH8, Dhebar Rd, Millpara, Bhakti Nagar, Rajkot",0101000020E6100000B0462C184BB35140FF1E61BDF6493640
CNG PUMP CHOTILA,22.4324867,71.2099969,,"CNG Chotila Pump, National Highway 8A, Popatpara, Chotila",0101000020E6100000BA70D69670CD51407874C872B76E3640
Gujarat Gas CNG Station,22.4247283,71.0851298,,Thikariyala,0101000020E610000090BA42C472C55140892F6EFEBA6C3640
Gujarat Gas CNG Station,22.6576594,71.1925193,,M55V+328,0101000020E61000005356783C52CC514030E8CE5D5CA83640
GSPC CNG Pump,22.3529674,70.931624,,"Bhagirath Petroleum, BPCL-RO, Rajkot-Ahmedabad NH-8B, Nr. Krishna Water Park, Village Kuvadva, Dist. Rajkot, Rajkot - Ahmedabad Hwy",0101000020E6100000CC0A45BA9FBB5140DD8D4F125C5A3640
MEENRAJ CNG STATION,22.4208106,71.199854,,"National Highway 8A, nr. Hotel Raj Palace, Chotila",0101000020E6100000637E6E68CACC514065CF543EBA6B3640
Gujarat Gas CNG Station,21.9235568,70.8406659,,"WRFR+C7F, Rajkot",0101000020E610000032D75878CDB5514098FFEB376EEC3540
Gujarat Gas CNG Station,22.3011321,70.7615786,,"8Q26+CJW, Rameshvar Park, Indian Park, Rajkot",0101000020E610000058152BB4BDB051409B4649FE164D3640
Gujarat Gas CNG Station,22.2770575,70.8393054,,"7RGQ+VP4, Bharat Nagar, GIDC, Rajkot",0101000020E6100000CC16FF2DB7B551408D9C853DED463640
Gujarat Gas CNG Station,21.9542896,70.8082757,,"XR35+P86, Rah Barkat Nagar, Gondal",0101000020E6100000B26900CABAB35140B5E9BE524CF43540
Gujarat Gas CNG Station,22.6707441,70.7521885,,"MQC2+7VW, Lakhdhirgadh",0101000020E610000059FB3BDB23B05140267CA5E2B5AB3640
Gujarat Gas CNG Station,22.2099531,71.3917046,,"696R+2P8, Vinchhiya",0101000020E610000056AC2BB011D951409E31827CBF353640
Gujarat Gas CNG Station,22.3292244,70.7685443,,"8QH9+M9W, Jamnagar Rd, Manharpura 1, Madhapar, Rajkot",0101000020E6100000BE816ED42FB15140940BDF0C48543640
Gujarat Gas CNG Station,22.3429805,70.7393649,,"8PVQ+6Q2, Rajkot",0101000020E6100000DC5328C151AF51406DAAEE91CD573640
Gujarat Gas CNG Station,21.9609032,70.7688184,,"XQ69+9G4, Gundala, Gondal",0101000020E61000000924175234B151402B9F8AC0FDF53540
Gujarat Gas CNG Station,22.0123051,71.146004,,"246W+WCC, Jasdan, Atkot",0101000020E61000007445292158C95140F212526D26033640
Gujarat Gas CNG Station,21.9488125,71.5646875,,Gadhada,0101000020E6100000713D0AD723E4514037894160E5F23540
Gujarat Gas CNG,22.1590689,70.7924994,,"S No. 214, Plot No. 6 & 7, NH 8B, Nr. Shapar Circle, Rajkot District, Shapar",0101000020E61000006046674FB8B251408A4F4BBDB8283640
Sojitra petroleum Petrol Diesel & CNG Pump,22.0282138,71.1926005,,"GJ SH 1, Shiv Shakti Society, Jasdan",0101000020E61000005E2C0C9153CC5140BF4B040539073640
Gujarat Gas CNG Station,22.2460736,70.885165,,"6VWP+C3M, GJ SH 25, Rajkot",0101000020E610000016A4198BA6B85140B368F0ADFE3E3640
Ajayraj CNG STATION (Gujarat Gas),22.0403798,71.1039297,,"24R3+5H3, Virnagar",0101000020E610000051A5C1C8A6C65140456BA054560A3640
Gujarat Gas CNG Station,22.2828324,70.7668433,,"7QM8+4PP, Nandanavan Society, Ram Park, Rajkot",0101000020E610000008AAEBF513B15140CB3F44B467483640
SONAL KRUPA CNG STATION,22.0042076,71.6026031,,Gadhada,0101000020E6100000F7BD970C91E651400865D0BF13013640
Gujarat Gas CNG Station,22.0324613,70.7872996,,"2QJP+XWQ, NH 27, Biliyala",0101000020E6100000D989DC1D63B25140BAE23D624F083640
Ram Krupa Petroleum (BPCL) and CNG Station ( રામકૃપા પેટ્રોલિયમ બીપીસીએલ સીએનજી ),22.5376122,71.4234917,,"Ram Krupa Petroleum (BPCL, National Highway, 8-A, Vakhatpar, Nava Sudamda",0101000020E61000002868EE7C1ADB51403DEE00F4A0893640
Gulab Petrol and CNG Pump,22.6707569,70.7521465,,"Nr. Tankara, SH 22, Rajkot - Morbi Hwy, Rajkot",0101000020E610000041D3122B23B05140FC1065B9B6AB3640
Gujarat Gas CNG,21.8655584,70.7069899,,"VP84+6R, Virpur",0101000020E61000008CC690523FAD514031C73C3C95DD3540
Gujarat Gas CNG Station,22.1598954,71.3376566,,"585Q+X33, Vinchhiya Rd, Hingolgadh",0101000020E6100000D4916D2A9CD55140E5C7A9E7EE283640
Gujarat Gas Online CNG Station,22.3557516,70.9350187,,"GSPC CNG Pump, Near ICICI Bank, Kuvadva, Rajkot - Ahmedabad Hwy, Rajkot",0101000020E61000008069AC58D7BB5140EB7F6F89125B3640
INDIAN OIL - SHREE DANEV PETROLEUM CNG PUMP BOOSTER STATION,21.8778513,71.0257719,,"SANATHALI - VASAVAD ROAD, AT: SANATHALI, TALUKO:, DIST:, JASDAN, Sanathali",0101000020E6100000F8E92E3FA6C151404740E0DCBAE03540
CHHAIYASAHEB CNG PETROLPUMP,21.9487464,71.5647996,,"Dhasa road, Gadhada",0101000020E6100000CFB238AD25E451409F32480BE1F23540
Tripada petroleum & CNG Pump,22.2537451,70.7998872,,"Gondal Rd, Samrat Industrial Area, Rajkot",0101000020E61000004C1F155A31B351402F055A70F5403640
Shakti Krupa Petroleum & Online CNG,22.1516515,71.658926,,"Gadhada Rd, Mangal Para, Botad",0101000020E6100000FB1EF5D72BEA5140ACE3F8A1D2263640
HP PETROL & CNG PUMP - BALAJI FUEL POINT,22.70632,71.61959,,"Survey NO 143/P Ratanpar, SH-17 Surendranagar BY Pass Road",0101000020E61000006FBBD05CA7E75140BF823463D1B43640
Om Petroleum HP Petrol Pump and CNG,22.3104841,70.7675052,,"Ramapir Chowkdi, 150 Feet Ring Rd, Dharam Nagar, Rajkot",0101000020E6100000A36021CE1EB15140916DCFE27B4F3640
Bharat Petroleum Petrol Pump and CNG SATYASAI PETROLEUM,22.0235024,71.1251968,,"South Atkot, Near, Gondal Road, Gondal Cross roads, Jasdan",0101000020E61000001664703903C85140A560D74004063640
Bharat Petroleum and CNG Gas Station,22.0323607,70.7870763,,"2QJP+WRW, Gondal, Biliyala",0101000020E61000003AFD45755FB25140F92C74CA48083640
Gujarat Gas CNG station Dhandhuka,22.3974959,71.9738995,,Dhandhuka,0101000020E6100000CF85915E54FE514049CB924AC2653640
Gujarat Gas CNG Station GALIYANA,22.4906889,72.4544464,,"FFR3+8QJ, CNG Gas Station, Vataman, GJ SH 8",0101000020E61000003C725AA6151D52409D02AAC99D7D3640
Gujarat Gas CNG Station,22.5928747,72.0773045,,"H3VG+4WV, Ghansyampar,Ahmedabad to Rajkot, Ghanshyampar",0101000020E61000005AD5928EF20452403520E7A2C6973640
Gujarat Gas CNG Station,22.4811536,72.1656168,,"F5J8+F69, Dhandhuka",0101000020E6100000C3EA3477990A5240485AE0E12C7B3640
Adani Gas CNG Station,22.131304,71.8948759,,Barwala,0101000020E6100000A11E91A545F9514080D591239D213640
VISAT CNG Station (ADANI GAS),22.3314673,71.7048387,,"8PJ3+HW, Alampur",0101000020E6100000215DC7131CED514084317D0ADB543640
Gujarat Gas CNG Station,22.6469747,72.2070688,,"J6W4+QRP, NH 8A",0101000020E610000068017F9D400D5240E4D64922A0A53640
Gujarat Gas CNG Station,22.4949983,72.6471229,,"FJWW+2R5, GJ SH 83, Tarapur",0101000020E610000088FF2A766A2952405A136635B87E3640
"Adani Gas CNG Station, AMARDEEP PETROLEUM BPCL",22.158854,71.866601,,"BARWALA, SARANGPUR ROAD, Botad",0101000020E6100000946B0A6476F75140BBD6DEA7AA283640
Gujarat Gas CNG Station,22.5743868,71.8128341,,"Umaiya Park Society, Limbdi",0101000020E6100000B624517905F451400C4169030B933640
Gujarat Gas CNG station,22.6408282,72.3013429,,"1, Koth",0101000020E61000006F18BB3349135240C45A21510DA43640
Gujarat Gas - CNG,22.5994375,72.2559375,,"H7X4+Q9, Arnej",0101000020E61000007B14AE4761105240FA7E6ABC74993640
Gujarat Gas CNG Station,22.5565908,71.8128565,,HR47+J4Q,0101000020E6100000D3F544D705F45140254113BC7C8E3640
Hp Ng Gadhiya CNG Filling station,22.1828789,71.8908214,,"5VMR+584, Dhandhuka - Vallabhipur Hwy, Rojid",0101000020E6100000ECE4C23703F95140E2A0CE26D12E3640
Gujrat Gas CNG Pump,22.5642154,71.7176533,,"HP79+M3J, Rajkot - Ahmedabad Hwy",0101000020E610000074571B08EEED514049E6A26B70903640
Gujarat Gas CNG Station,22.4265637,72.6193147,,CJG9+JPG,0101000020E6100000A79B1FDAA227524027295547336D3640
Nayara Energy Petrol Pump + CNG Gas Station (Gujarat Gas),22.3285316,72.6122743,,"Vijay Petroleum, Khambhat - Vataman Rd, Gayatri Nagar, Khambhat",0101000020E61000009AAB8B802F275240DBB39DA51A543640
Gujarat Gas CNG Station,22.1528672,71.7321989,,"5P3J+4VW, link road, Samadhiyala, Senthali",0101000020E6100000B36AC658DCEE51408FA1084E22273640
Momai cng,22.4914081,72.4534281,,"Vataman-Tarapur Hwy, Galiyana",0101000020E610000098254BF7041D5240507DD6EBCC7D3640
HP PETROL PUMP - R K PETROLEUM CNG,22.64686,72.20707,,"Survey NO.257/2P, NR. Honest Hotel National Highway NO.8A, Bagodara",0101000020E6100000E57E87A2400D52402F17F19D98A53640
GUJARAT GAS ATUL CNG,22.5990524,72.0960111,,"Gujarat 363425, India",0101000020E610000064A3BD0B250652401F97827F5B993640
SHIV SHAKTI CNG PUMP 2,22.644085,72.3034109,,"2114, Chokdi Dholka Rod, Koth, Ahmedabad",0101000020E6100000FF2F8D156B1352401BD82AC1E2A43640
FAKADANATH PETROLIUM AND CNG,22.0951046,71.8085475,,"Lathidad - Botad Rd, Kariyani",0101000020E6100000CE70033EBFF35140FCB26AC658183640
Gujarat Gas,22.4989134,72.6320387,,"Gujarat State Highway 6, Isarwada",0101000020E61000009B937252732852404289E0C9B87F3640
Anthem Gas Station,22.6430444,72.2084704,,"At, Bagodara Rd, Tarapur, Bagodara",0101000020E6100000C78B3B94570D52403EE0CB8E9EA43640
Bhavani Petroleum CNG24*7,22.663906,72.423102,,"MC7F+H6, Nesda",0101000020E6100000D237691A141B5240419E5DBEF5A93640
Rajarshi Petroleum - Online CNG,22.5756496,71.8473818,,"HRGW+7X2, NH 8A",0101000020E6100000708EDF803BF651409AF4ADC55D933640
"Suraj Petroleum , bharat petroleum , petrol and CNG",22.6011198,72.6199078,,"Kheda, Tarapur Rd, near shree ji Arcade, Limbasi",0101000020E610000042E2C391AC27524062FAB9FCE2993640
Adani Gas CNG Station,22.379617,73.155232,,"Survey No-477/P & 487/P Opp.GSFC Nagar, Village, Dashrath, Vadodara",0101000020E6100000BBD23252EF495240710168942E613640
CNG Pump vadodara gas,22.2880258,73.2147299,,"Yamuna Mill Rd, Gajarawadi, Tai Wada, Wadi, Vadodara",0101000020E61000004B7E7A22BE4D52407C670F0FBC493640
Vadodara Gas Limited CNG Station,22.3153439,73.1648559,,"Green Field Station, Plot No. 128/1/2/3 & 129, Race Course Rd, near Adani CNG, St Colony, Subhanpura, Vadodara",0101000020E61000005FC3C2FF8C4A52403B7EB960BA503640
Vadodara Gas Limited CNG Station,22.341157,73.1779921,,"85RH+C6J, Rukshmani Nagar, New Sama, Vadodara",0101000020E6100000911CFA38644B52402DCDAD1056573640
GAIL Gas CNG Station,22.2807044,73.2302653,,"76JJ+74J, Mahesh Nagar, Suryanagar, Vadodara",0101000020E6100000D539ABAABC4E5240E3D7593EDC473640
Adani Gas CNG Station,22.2344363,73.1886305,,"Shree Ram Nagar, Himmat Nagar, Makarpura, Vadodara",0101000020E6100000CD21A985124C5240C87E7104043C3640
Gujarat Gas CNG Station,22.3921073,73.2741435,,"97RF+VM2, Ganeshpura",0101000020E61000004DBA2D918B515240DA05DE2461643640
Vadodara Gas Limited CNG Station,22.3283011,73.2628886,,"87H7+85 Sai Shraddha Duplex, 42, Sayajipura Village, Sayaji Park Society, Vadodara",0101000020E610000070DFB42AD3505240A7BD778A0B543640
gujarat gas CNG pump,22.3401762,73.0300749,,"82RJ+32G, Hathipura",0101000020E61000008DFB45BFEC415240A7E095C915573640
Adani Gas CNG Station,22.3153849,73.1645653,,"Race Course Rd, St Colony, Subhanpura, Vadodara",0101000020E61000009D63E53C884A5240F9269710BD503640
Gujarat Gas CNG Station,22.4414887,72.9943715,,"Navli umeta road nr haldari bus stand khadol haldari Khadol, Haldari",0101000020E6100000C4245CC8A33F5240B60D486705713640
Vadodara gas ltd cng station,22.2684218,73.1662343,,"Mayfair Atrium, Ring Rd, opposite Delhi Public School, Kalali, Vadodara",0101000020E61000004D7E3095A34A52409088844AB7443640
Vadodara Gas Limited CNG Station,22.3863959,73.144635,,"Sursi, Vadodara",0101000020E6100000D8B628B341495240F9CE79D7EA623640
Gujarat Gas CNG Station,22.700187,72.8710672,,"B/h. Atmiya Petroleum, opp. Marida, Bhagol Darwaja, Nadiad",0101000020E61000009227A490BF37524098158A743FB33640
Gujarat Gas CNG Station,22.5092459,72.8558835,,"Petlad - Karamsad Rd, Sihol",0101000020E6100000E86B96CBC6365240411F76F05D823640
Vadodara Gas Limited CNG Station,22.3795901,73.1915346,,95HR+RJM,0101000020E61000005BC3561A424C5240A86219D12C613640
Shivam Petroleum and cng station,22.0750551,73.2520743,,"Survey no 302,Karvan Sadhli Road ,At & PO KAYAVAHRON, Taluka, Dabhoi",0101000020E610000060AA3EFC21505240E4E59FCF36133640
CNG & LNG Gas station,22.1090647,73.1900855,,"455R+J2G, Gujarat State Highway 83, Bamangam, Puniyad",0101000020E6100000677C5F5C2A4C5240E7A507AAEB1B3640
Gujarat Gas CNG Station,22.0478078,72.8145309,,"2RX7+4RM, Jambusar",0101000020E61000003645364621345240647EC9213D0C3640
Charotar Gas CNG Station,22.5385055,73.0038141,,"G2Q3+CGF, Anand",0101000020E6100000E0B07E7D3E4052405437177FDB893640
BPCL CNG Pump,22.3117692,73.2384534,,"866Q+MC9, Sardar Estate, Ajwa Rd, opp. Din dayal upadhyay town hall, Sayaji Park Society, Vadodara",0101000020E6100000AEA70CD2424F52406CE6351BD04F3640
Gujarat gas CNG STATION,22.4191711,72.9739617,,"Ambav, Bus Stop, GJ SH 8, Bodal",0101000020E61000009F437463553E5240A8ED15CC4E6B3640
Gujarat Gas CNG Station - Dabhan Gasoline LLP,22.7094162,72.807889,,"National Highway No. 48 (8, opposite Gujarat Gas, near Tata Motors, Dabhan",0101000020E610000015731074B4335240AA40D24C9CB53640
Gujarat Gas CNG Station,22.705517,72.859261,,"PV45+5PV, Abaad Nagar, Nadiad",0101000020E61000009C6ED921FE365240A4C519C39CB43640
Gujarat Gas CNG Station,22.4934375,73.4689375,,"GJ SH 194, Halol",0101000020E61000008D976E12035E5240B81E85EB517E3640
Gujarat Gas CNG Station,22.6068141,72.8831645,,Vadtal,0101000020E61000003F1F65C4853852406E403A2B589B3640
Gujarat Gas CNG Station,22.6819282,72.8422176,,MRJR+QVG,0101000020E61000006607A6E4E63552405C38B5D892AE3640
Gujarat Gas CNG Station,22.3422811,73.0467232,,"82RW+WM9, Asarma",0101000020E6100000BAFD4D83FD425240F689F2BB9F573640
Gujarat Gas CNG Station,22.3669731,72.8987002,,9V8X+RF2,0101000020E610000027FAD74D843952400103F7F2F15D3640
Gujarat Gas CNG Station,22.6723297,72.861578,,"MVC6+WJQ, Piplag, Nadiad",0101000020E6100000FF3C0D182437524026A199CC1DAC3640
Vadodara Gas Limited CNG Station,22.2990338,73.1393924,,"74XQ+JP9, Saiyed Vasna, Vadodara",0101000020E6100000E7D319CEEB4852400B66A77A8D4C3640
Vadodara Gas limited CNG PUMP,22.3595158,73.2045523,,"9653+VQ7, Vemali Rd, Vemali, Vadodara",0101000020E610000095B48762174D524031653B3A095C3640
Vadodara Gas Limited CNG Station,22.2033298,73.1923028,,"653R+8WP, NH 48, Alamgir",0101000020E6100000783B67B04E4C52405E4DF96B0D343640
GUJARAT gas CNG,22.0794463,73.1594089,,"35H5+QQF, NH 48, Dhanora",0101000020E61000003F0C63C1334A5240C849BC9756143640
Vadodara Gas Limited CNG Station,22.2404071,73.0268493,,"62RG+5P9, Dabhasa",0101000020E6100000E95A20E6B7415240E839D8518B3D3640
Gujarat Gas CNG Station,21.9334077,73.0843733,,"W3MM+9P9, Palej",0101000020E6100000F509455F66455240A75599CEF3EE3540
"CNG Station GUJARAT Gas , Bhadam",21.9129558,73.4907324,,"GJ SH 160, Bhadam, Rajpipla",0101000020E61000009B45DE28685F52408AB1A778B7E93540
SHREE MARUTINANDAN petroleum CNG Station,22.1467149,73.3842411,,"Anguthan, Hansapura",0101000020E6100000DC91FB6797585240FE55911B8F253640
Vadodara Gas Limited CNG Station,22.2776541,73.1613379,,"RS No 632, near Kalali, Phatak, Atladara, Vadodara",0101000020E6100000BE06335C534A5240AE19CF5614473640
CNG Station Online + Petrol Pump,22.609209,73.4619065,,"Jantral, Kalol",0101000020E6100000D4D347E08F5D5240CA6DFB1EF59B3640
Vadodara Gas Limited CNG Station,22.3218769,73.0932561,,83CV+Q82,0101000020E6100000C3E96EE8F74552407ED6468666523640
Online CNG Station,22.6947639,72.8750557,,"84, Dakor - Nadiad Rd, Hari Om Nagar, Nutan Park Society, Nadiad",0101000020E61000006B6B9FE90038524001F1040CDCB13640
SHREE RAM CHAROTAR GAS STATION,22.565839,72.9812185,,"Golden Quadrilateral, Chikhodra, Anand",0101000020E6100000BBEEAD48CC3E524025CD1FD3DA903640
Sanskruti CNG Station,22.4346168,73.0131294,,"Asodar, Tarapur-Vasad Hwy, Haldari",0101000020E61000006EE7B11CD7405240CC4AEE0B436F3640
M K. CNG Gas Station,22.5828304,72.8816612,,"Bakrol-vadtal road, opp. Harivrund society, Jol",0101000020E6100000BC0919236D385240561D835F34953640
Vadodara Gas Limited CNG Station,22.3629954,73.2480054,,"967W+4X4, GJ SH 87, Vadodara",0101000020E6100000CF8E0A52DF4F524033993B44ED5C3640
Vadodara Gas Limited CNG Station,22.2542097,73.2575837,,"7735+M2C, Ratanpur",0101000020E6100000E4DE57407C50524073D30BE313413640
Radha petroleum With CNG Gas Station,22.2774206,73.2410216,,"Kanha Icon, Chokadi, Dabhoi Rd, Jalaram Nagar, Kapurai Village, Vadodara",0101000020E61000004B68DCE56C4F5240983C540905473640
Vadodara Gas Limited CNG Station,22.2465918,73.0060402,,"62W4+J9P, Bridge, Gambhira",0101000020E6100000865D6FF6624052403776E4A3203F3640
Essar CNG Pump,22.4356437,73.0182828,,"C2P9+783, Tarapur-Vasad Hwy, Vasad Chowkadi, Borsad",0101000020E610000013059F8B2B4152405C357458866F3640
Gujarat Gas - CNG Pump,21.8503593,72.9243125,,"VW2F+4PV, Jambusar - Bharuch Rd, Vachhnad",0101000020E61000002DB29DEF273B52407659A725B1D93540
Charotar Cng Gas Station,22.4536217,73.0534773,,"Raymon Patel Geletine Pvt.Ltd., GJ SH 8, Vasad",0101000020E610000004A50D2C6C43524084413E8D20743640
Vadodara Gas Limited CNG Station,21.9884661,73.2969384,,"X7QW+9RV, Vadodara",0101000020E61000004D3BEB090153524065B4441D0CFD3540
Gujarat Gas CNG Station (Online ),22.2900477,72.7595168,,"Khambhat - Dhuvaran Road, At. Dali Ta, Di, Borsad",0101000020E6100000CE305AEC9B305240AFC7E990404A3640
CNG pump,22.3000351,73.4004381,,"Waghodia, Vadodara, SH-158, Road, Vadodara, Waghodia",0101000020E6100000A2E41FC7A0595240EF26AE19CF4C3640
HP CNG PETROL PUMP,22.3796273,73.1916432,,"Survey No. 1000/3, Block No. 731, Dumad, Savli Highway, Vadodara",0101000020E61000000D20D7E1434C5240352B36412F613640
Mahadev Gas Station (CNG Gas Pump),22.5214991,72.9554396,,"District Court Crossing, Borsad Rd, Jitodia, Anand",0101000020E61000006AD322EC253D5240B8640BF780853640
Charotar Gas Sahakari Mandali Ltd CNG Station,22.5399995,72.9288979,,"Anand - Sojitra Rd, Vithal Udyognagar, GIDC, Anand",0101000020E6100000AD742D10733B52403A5B40683D8A3640
Gujarat Gas CNG Station,23.2307672,69.6406988,,"6JJR+878, Uma Nagar, Bhuj, Mirjapar Part",0101000020E610000088258A35016951404FFD288F133B3740
Gujarat Gas CNG Stationonline,23.2073546,69.5518219,,"6H42+WPC, Mankuwa",0101000020E6100000DC6DCD0C51635140D7ACE93015353740
GUJARAT GAS CNG Ofline station,23.5192576,69.0129976,,"G297+J4X Gujarat State Highway 42, GJ SH 42, Rawapar",0101000020E61000004CBBE2F3D44051400F33EA10EE843740
Gujarat Gas CNG Station,22.8548421,69.3053172,,"V834+W4P, Mandvi Rural",0101000020E6100000013A27518A53514074BE8EEED6DA3640
Shiv Shakti CNG Station,23.3739983,69.2252372,,"Survey no. 140/2, state highway 42, between nakhatrana - kotda, Kotada Jadodar",0101000020E6100000EDF549496A4E51407542435ABE5F3740
SUDARSHAN PETROLEUM & CNG station,22.89801,69.44027,,"Hpcl Dealer NH 8 A Extn. SUR. 231 Paiki, Vill. Talwana, TAL, Mandvi Rural",0101000020E61000003CDA38622D5C5140207BBDFBE3E53640
Gujarat Gas CNG Station,22.8982149,69.4403196,,VCXR+747,0101000020E61000006B7242322E5C5140A8476469F1E53640
Gujarat Gas CNG Station,23.5193741,69.0472087,,"G29W+PVP, Rawapar",0101000020E61000008CA5A37705435140B2E375B3F5843740
Gujarat Gas CNG Station,23.3619109,69.2475679,,"966W+QX5, GJ SH 42, Todiya",0101000020E610000086820827D84F5140E1905731A65C3740
Gujarat Gas CNG Station Narayan sarovar,23.6470003,68.8976166,,JVWX+R25,0101000020E61000003156E58C723951408F00C9CFA1A53740
Gujarat Gas CNG Station,23.2576219,69.6633094,,"Sonivad, Bhuj",0101000020E6100000480845A9736A5140BF3B4382F3413740
CNG Pump,23.2524391,69.6767048,,"Dharanagar Kodki, Old Dhatia Falia, Bhuj",0101000020E6100000F542A6214F6B51404FBB4ED99F403740
Shree Jalaram Wood & Petro Products - CNG Pump,23.2303183,69.6405564,,"Unnamed Road, Uma Nagar, Mirjapar Part",0101000020E6100000954F45E0FE6851409A2BDE23F63A3740
BAKA MOTORS CNG,23.2301852,69.6407719,,"Nr. Bhagvati Hotel, opp. jalaram petrol pump, Mirjapar, Bhuj, Mirjapar Part",0101000020E610000088AC246802695140F205D26AED3A3740
Avinash Gas And Petroleum,22.8943989,69.4101876,,Koday,0101000020E610000062CE7D83405A514010148953F7E43640
Shree Guruadesh Bharat Gas,23.348767,69.2661081,,"near G S R T C Bus Station, Nakhatrana",0101000020E6100000D8AC44EA075151408DEC4ACB48593740
Gujarat Gas CNG Station dwarkesh petrolium,23.1904424,69.870153,,"5VRC+53C, Chubdak",0101000020E61000000B613596B077514091C547D5C0303740
Gujarat Gas CNG Station,23.2558095,69.8911794,,"7V4R+8FW, Vadvara",0101000020E61000009C7752150979514091813CBB7C413740
Gujarat Gas CNG Station,23.2302887,69.7536688,,"Uma nagar CNG pump station ke pass, Bhuj",0101000020E6100000FF00101C3C7051406B234333F43A3740
"Mother Station Gujrat Cng Gas , Nagor",23.2754446,69.7094859,,"7PG5+5QH, Nagor Rd",0101000020E6100000485E8C37686D51401CDC8C8983463740
Mahakali Gas (Reliance Gas-Dealer),23.3068108,70.5091573,,"8G45+PMF, Samakhiali",0101000020E61000004201800896A05140420F10278B4E3740
Adani CNG Stations,23.0030729,71.1753093,,Halvad,0101000020E6100000D18B7F4438CB5140FE00B562C9003740
Adani Gas CNG Station,23.0018154,71.3814488,,"NH947, Soladi",0101000020E61000004D463AA869D8514011A15BF976003740
"Gujarat Gas CNG Mother station, Gala",22.978973,70.8252469,,"Gala Shapar Rd, Juna Nagdavas, Gala",0101000020E610000006A85FD8D0B45140C1AA7AF99DFA3640
Gujarat Gas CNG Station,22.8436202,70.8597327,,"RVV5+CVX CNG Gas Station, Mahendranagar, Chokadi, Morbi",0101000020E610000050734DDC05B75140B73E517EF7D73640
Someshwar Petrol Pump and Cng Station,23.5277536,72.9429129,,"Block No. 87, Taluka, Hajipur, Himatnagar",0101000020E61000007F1E59AF583C5240A55824DC1A873740
Om Petroleum And CNG Pump,23.10885,70.7749183,,"near Honest AFM, opposite to Aaram Hotel, Malia, Hanjiyasar",0101000020E61000009AE4EC4298B151406B2BF697DD1B3740
Shree Ram Petroleum & CNG Station,22.9992449,71.4443647,,"Ahmedabad-kutch highway, Dhrangadhra Bypass Rd, Dhrangadhra",0101000020E6100000CC7FA37870DC5140DE318683CEFF3640
Gujarat Gas CNG Station,23.1088806,70.7750553,,"4Q5G+H23, Hanjiyasar",0101000020E6100000DB858B819AB151403A2B5899DF1B3740
Gopinath CNG Station,22.8549444,71.5914444,,"VH3R+XH, Rajsitapur",0101000020E6100000C0D99C39DAE55140FAE5DDA2DDDA3640
SAHJANANDGAS(CNG) STATION,23.0022097,71.3826447,,"947, National Highway, Soladi",0101000020E6100000371F32407DD85140E63B9DD090003740
Gujarat Gas CNG Station,23.0465986,70.7231052,,"2PWF+J6Q, Jasapar",0101000020E61000005364085B47AE5140150AC7E2ED0B3740
Gujarat Gas CNG Station,22.8348119,70.8499601,,"RRMX+WXG, Morbi - 2, Morbi",0101000020E6100000EA190CBF65B65140C6CF903BB6D53640
Patidar CNG,22.8348089,70.8097759,,"RRM5+XJV, GJ SH 24, Madhapar Part, Morbi",0101000020E6100000B2E54B5ED3B35140E4E83B09B6D53640
Nandraj Petroleum cng pump,23.0467281,70.7230901,,Jasapar,0101000020E6100000EDE3B21B47AE5140E14D6D5FF60B3740
CNG SIDDHIVINAYAK PETROLEUM-HP Petrolpump,22.8857817,70.8374465,,"NH 8 A, Village Nava Sadulka Opposite Lakshami Nagar, Taluka Morbi, Rajkot",0101000020E6100000946934B998B5514031E5E896C2E23640
"Bharat Petroleum - CNG Pump, Highway Halvad",23.0113323,71.197542,,"947, National Highway, Halvad",0101000020E610000088653387A4CC514072E371ACE6023740
Adani cng gas station,23.0257278,70.9700405,,"2XGC+72V, Halvad",0101000020E6100000E9D2BF2415BE51401899DB1896063740
Omkar Petrol Pump and CNG Pump,22.812257,70.8719348,,"Real Plaza, NH 8A, Lakhdhirpur, Morbi",0101000020E6100000A38F9EC7CDB7514073F22213F0CF3640
CNG pump,22.9989117,71.4387899,,"XCXQ+G8, Raghuvasi Society, Dhrangadhra",0101000020E61000002B943B2215DC51407E175BADB8FF3640
CNG GAS PUMP ⛽,23.05602,71.0616623,,Juna Devaliya,0101000020E61000005A796E46F2C3514003ECA353570E3740
CNG pump relience,23.025709,70.970152,,"2XGC+62, Rohishala",0101000020E610000089096AF816BE51407E3672DD94063740
SHIV PETROLIUM & CNG,23.0109478,71.240658,,"266R+97F, GJ SH 7",0101000020E610000054E1CFF066CF514091F69A79CD023740
Adani Gas CNG Station,23.0912585,72.5899919,,"3HRQ+FXV, Highway Road, near ONGC Office, Ram Nagar, Sabarmati, Ahmedabad",0101000020E6100000EAD9626DC225524065FB90B75C173740
Adani Gas CNG Station,23.0064588,72.6127876,,"2J47+H4M Khokhra, Road, near Kashi Nasta House, Amraiwadi, Ahmedabad",0101000020E61000003D597BE9372752407BC5AE48A7013740
Adani Gas CNG Station,23.0649443,72.5570645,,"3H74+WRC Pragati Nagar garden Naranpura, 132 Feet Ring Rd, वासना टेलीफोन एक्सचेंज, Pragatinagar, Naranpura, Ahmedabad",0101000020E6100000CE50DCF1A6235240C68F8C30A0103740
Sabarmati Gas CNG Station,23.5685038,72.3547233,,"H993+CVX, Heduva-Rajgar",0101000020E610000045285BC9B3165240D7A60C7789913740
Adani Gas CNG Station,22.9552107,72.6555809,,"XM44+36P, Ahmedabad",0101000020E610000077589709F52952400D4A3DB088F43640
Adani Gas CNG Station,22.9941339,72.497513,,"XFVX+J2R, Sarkhej, SG Hwy Service Rd, nr. Divya Bhasker, Makarba, Ahmedabad",0101000020E61000006E15C440D71F52404E582C8F7FFE3640
Adani Gas CNG Station,22.9745141,72.6390759,,"XJFQ+RJ4, Phase IV, Vatva GIDC, Ahmedabad",0101000020E61000005A8A9A9EE6285240AAFD8CC179F93640
Sabarmati Gas CNG Station,23.1112461,72.6312583,,"Bhat, Ahmedabad",0101000020E61000000775368966285240BB4ED99F7A1C3740
Adani Gas CNG Station,23.0115436,72.5863791,,"2H6P+JH6, Jamalpur St Rd, Jamalpur, Ahmedabad",0101000020E6100000B563343C87255240657A7885F4023740
Adani Gas CNG Station,23.0136055,72.5641078,,"2H77+CJX, Paldi Rd, Behind AMTS Bus Station, Paldi Gaam, Paldi, Ahmedabad",0101000020E6100000C91A9A571A245240B58B69A67B033740
Adani Gas CNG Station,23.0579494,72.6432192,,"11, Sardar Rd, Balkrishna Nagar, Krishnanagar, Ahmedabad",0101000020E6100000320ADD802A295240A4D299C5D50E3740
Adani Gas CNG Station,23.0211095,72.6080948,,"2JC5+C6P, Rakhial Rd, Near Pushp Industrial Park, Saraspur, Ahmedabad",0101000020E610000088B77306EB2652408A22A46E67053740
Adani Gas CNG Station,23.0447022,72.5428101,,"2GVV+V4M, Drive In Rd, near Helmet Cross Road, University Area, Ahmedabad",0101000020E610000010DC9266BD2252402B0F779A710B3740
Sabarmati Gas CNG Station,23.490037,72.5623921,,"Gujarat State Highway 71, Gozaria",0101000020E6100000D7416F3BFE23524078D49810737D3740
Adani Gas CNG Station,23.1139034,72.5042196,,"4G73+GPH, NH147, Ognaj, Ahmedabad",0101000020E6100000240049224520524039E7F1C5281D3740
Gujarat Gas CNG Station,23.2330792,72.6694918,,"908, Rd Number 6, Sector 21, Gandhinagar",0101000020E61000002C7C22F4D82A5240BA601514AB3B3740
Adani Gas CNG Station,23.0975221,72.5309101,,"3GXJ+293, Sarkhej - Gandhinagar Hwy, Vasant Nagar, Ognaj, Ahmedabad",0101000020E61000006E275B6EFA21524022235635F7183740
Sabarmati Gas CNG Station,23.1705432,72.5769815,,"5HCG+5QR, Adalaj Rd, Adalaj",0101000020E61000006939D043ED245240218E1AB8A82B3740
Adani Gas CNG Station,22.9704515,72.5890803,,"XHCQ+5JP, Narolgam, Ahmedabad",0101000020E6100000F2CDDB7DB3255240A9DA6E826FF83640
Bharat Petroleum and CNG Station,23.2290756,72.505592,,"6GH4+J6C, GJ SH 41, Ambika Nagar, Kalol",0101000020E6100000A1478C9E5B205240C44FD2B2A43A3740
Adani Gas CNG Station,22.9982669,72.603528,,"XJX3+8C2, Krishnabaug Cross Road,, Lala Lajpat Rai Marg, Opposite Maninagar Fire Station, Bhagyanagar Society, Maninagar, Ahmedabad",0101000020E6100000198EE733A0265240E72D686B8EFF3640
Adani Gas CNG Station,22.9517451,72.4821512,,"XF2J+MVR, Badrabad",0101000020E61000008AEEB490DB1E5240D5A01E91A5F33640
Adani Gas CNG Station,23.0289033,72.673646,,"Odhav, Ahmedabad",0101000020E610000033C51C041D2B5240193FE83466073740
Gujarat Gas CNG Pump,23.0357439,72.2829928,,"27PM+75Q, Nr. Phoenix PEB, Sanand Highway, SH 17",0101000020E61000003940D58D1C1252401088218326093740
Adani Gas CNG Station,22.9353613,72.5209289,,"WGPC+49V, Bakrol Badrabad, Ahmedabad",0101000020E6100000A4422BE656215240AD7191D673EF3640
Adani Gas CNG Station,23.0397555,72.595591,,"2HQW+V6G, Bardolpura, Madhupura, Ahmedabad",0101000020E6100000AFB2B6291E2652400C569C6A2D0A3740
Adani Gas CNG Station,23.0962009,72.5602048,,"a 302, Chenpur Rd, New Ranip, Ranip",0101000020E6100000FBC33B65DA2352408458479FA0183740
GUJARAT GAS CNG STATION,23.2110188,72.5298071,,"6G6H+CW3, Gujarat State Hwy 71, Saij, Kalol",0101000020E610000012EC095CE821524057D7FC5305363740
Adani Gas CNG Station,23.0327796,72.4788873,,"2FMH+4H6, Ambli, Ahmedabad",0101000020E610000010FEEA16A61E5240D9F96D3E64083740
Sabarmati Gas CNG Station,23.1250988,72.5828121,,"33, GJ SH 41, Chandkheda, Ahmedabad",0101000020E6100000A34D1FCB4C255240D3C4967906203740
Adani Gas CNG Station,23.0305485,72.6141775,,"2JJ7+5MX, Krishna Nagar, Saraspur, Ahmedabad",0101000020E6100000191C25AF4E2752401D71C806D2073740
Adani Gas CNG Station,23.0367887,72.6138947,,"2JP7+PH6, Saraspur, Ahmedabad",0101000020E610000004ECFE0C4A275240C35CF7FB6A093740
GOVATSALAYA PETROLEUM cng pump,23.0830771,72.1597463,,"35M5+7W3, Sanand - Viramgam Hwy, Iyava, Ahmedabad",0101000020E61000000C8A8B48390A5240E98B738A44153740
Sabarmati Gas CNG Station,23.6994629,71.7579311,,"GJ SH 18, Sami, Jalalabad",0101000020E6100000C3C771F181F05140EC43280010B33740
Sabarmati Gas CNG Station,23.4960625,72.0428125,,"Bhavnagar, Becharaji",0101000020E61000000AD7A370BD025240A245B6F3FD7E3740
Adani CNG Gas Pump Station,23.0684262,72.487376,,"Sardar Patel Ring Rd, Thaltej, Ahmedabad",0101000020E6100000BD361B2B311F52408730236184113740
Sabarmati Gas CNG Station,23.4759195,72.5663971,,"FHG8+9H6, Gozaria",0101000020E610000027439FD93F245240570740DCD5793740
Sabarmati Gas CNG Station,23.1054761,72.6309289,,"4J4J+597, Bhat, Ahmedabad",0101000020E61000007BE69B23612852407702507B001B3740
Adani Gas CNG Station,23.048894,72.6047506,,"2JX3+HW2, Patel Society, Asarwa, Ahmedabad",0101000020E6100000214FDC3BB42652407BF83251840C3740
Sabarmati Gas CNG Station,23.4923031,72.0353309,,"Becharaji - Viramgam Hwy, opposite Shivaji Plaza, Becharaji",0101000020E6100000730289DC420252402C387293077E3740
HP Petrol and CNG Pump,22.99099,72.51653,,"Survey NO. 103/P & 221/P AT Village Gyaspur, Vasna Road, Sarkhej, Ahmedabad",0101000020E6100000C959D8D30E215240BDA94885B1FD3640
Sabarmati Gas CNG Station,23.6847944,72.5528766,,"MHM3+W56, GJ SH 218, SPCE Campus, Visnagar",0101000020E610000051EE885462235240E47B90AF4EAF3740
Adani Gas CNG Station,23.0562336,72.5423709,,"3G4R+FWX, Paras Nagar, Memnagar, Ahmedabad",0101000020E610000055736F34B6225240B4EF4053650E3740
Adani Gas CNG Station,23.0523907,72.6320254,,"3J2J+XR2, Lal Bahadur Shastri Rd, Krishna Nagar, Saijpur Bogha, Ahmedabad",0101000020E610000072CFA91A73285240531D177A690D3740
Gujarat Gas CNG Station,23.2826384,71.9164751,,"7WM8+3J2, GJ SH 18",0101000020E61000004B862D87A7FA514001987CFD5A483740
Gujarat Gas CNG Station,23.0973565,72.5890096,,"3HWQ+WJR, Parvati Nagar, Acher, Ahmedabad",0101000020E6100000EC415255B2255240938D075BEC183740
Sabarmati Gas CNG Station,23.2320797,72.6499592,,"Plot No, 449, GH Rd, Sector 16, Gandhinagar",0101000020E6100000FFEE78EE98295240C4904193693B3740
Gujarat Gas CNG Station,23.241839,72.6395395,,"6JRQ+PRM, KH Rd, Sector 24, Gandhinagar",0101000020E610000003401537EE285240B8E52329E93D3740
JOGMAYA CNG STATION,23.5253839,72.2642345,,"Mehsana - Becharaji Hwy, Mehsana, Balol",0101000020E610000065FED137E91052404E582C8F7F863740
Gujarat Gas CNG station,23.2170657,72.6315992,,"Between G-2 & G-3 Circle, G Rd, Sector 5D, Sector 5, Gandhinagar",0101000020E6100000810B0D1F6C2852405695229E91373740
Gujarat Gas CNG Station,23.2347863,72.6516337,,"Ground Floor, GH 5, Gurukul Rd, near Swaminarayan School, Sector 23, Gandhinagar",0101000020E61000002D9ED55DB4295240810C78F41A3C3740
Adani Gas CNG Station,22.9342649,72.5956363,,"WHMW+P73, NH64, Lambha, Ahmedabad, Laxmipura",0101000020E6100000DE33B7E71E265240FB4C07FC2BEF3640
Sabarmati CNG Station,23.5950106,72.3371064,,"H8WP+2R5, Modhera Rd, Dediyasan Part",0101000020E61000006DD1B82693155240F9C55B9D52983740
Sabarmati Gas CNG Station,23.5926869,72.3299413,,"H8VH+3XH, Mehsana",0101000020E610000062461DC21D15524083442454BA973740
Sabarmati Gas CNG Station,23.5366543,72.6397347,,"GJPQ+MQX, GJ SH 55, Umiya Nagar",0101000020E610000073A7CF69F1285240FDC11B2D62893740
Adani Gas CNG Station,23.0165612,72.5913091,,"2H8R+JGF, Gita Mandir, Ahmedabad",0101000020E6100000F1941F02D8255240ED61D45A3D043740
Sabarmati Gas CNG Station,23.1767809,72.5738019,,"5HGF+QG3, Simandhar City, Adalaj",0101000020E61000007EB89A2BB9245240B50E5883412D3740
Ocean HP Petrol CNG Pump,22.8569068,72.5940684,,"Golden Quadrilateral, Bareja",0101000020E6100000926577370526524053B8793E5EDB3640
Sabarmati Gas CNG Station,23.2974668,72.3418071,,"78WR+WMW, Kadi",0101000020E61000009902E32AE015524051A5C1C8264C3740
Sabarmati Gas CNG Pump,23.5276543,72.9430445,,GWHV+367,0101000020E61000000D8B51D75A3C524001182A5A14873740
Adani Gas CNG Station,22.9103656,72.7053423,,"WP64+44W Khodiyar Dham, Nandej",0101000020E610000011BF0754242D524046674FB80DE93640
Sabarmati Gas CNG Station,23.5817236,72.9657693,,"HIGH WAY, BLOCK NO - 142 , POLYTECHNIC CHAR RASTA, Shamlaji Rd, Motipura, Himatnagar",0101000020E6100000C6BE092ACF3D5240B74F7DD6EB943740
Sabarmati Gas CNG Station,23.2504007,72.7423258,,Gandhinagar,0101000020E6100000887E1244822F52404065A1421A403740
Sabarmati Gas CNG Station,23.2705583,72.7562746,,"Near Hotel Anjali,Delhi mumbai, national Highway, opp. Jain temple, near mota, Chiloda",0101000020E6100000E97294CD663052404F290A4F43453740
Sabarmati Gas CNG Station,23.2299768,72.7238624,,"NH147, Chiloda",0101000020E610000076B3F5C2532E5240B7D672C2DF3A3740
Sabarmati Gas CNG Station,23.5620292,72.7645293,,HQ67+RR6,0101000020E61000005D154D0CEE305240A5654925E18F3740
Adani Gas CNG Station,22.8893259,72.9907036,,"Balasinor Rd, Pithai, Kathlal",0101000020E6100000E38112B0673F52405BFCB7DCAAE33640
Vinayak Energy - CNG station,23.2152807,73.1374907,,"648P+4X9, Ramas-Amargarh ,bayad, Naroda - Dehgam Rd, Ramas",0101000020E61000004400CBA5CC485240C2F5CDA21C373740
Sabarmati Gas CNG Station,23.4690685,73.2949055,,"F79V+JXC, Ganeshpur",0101000020E6100000467A51BBDF52524072158BDF14783740
Sabarmati Gas CNG Station,23.4758378,73.2931902,,"GIDC, Ganeshpur",0101000020E61000007E20D4A0C35252405A338D81D0793740
SIDDHI CNG STATION,23.1502422,73.5645735,,"5H27+2W9, GJ SH 2, Bharthajini Muvadi",0101000020E61000000CACE3F821645240A67AD74576263740
Adani CNG Station,22.9319098,73.3365502,,"SH-2, Kheda Road, Balasinor",0101000020E6100000969DD9098A55524068D201A491EE3640
Adani Gas CNG Station,22.9017731,73.0488358,,"W22X+QGP, Indore - Ahamadabad Hwy",0101000020E6100000F0F73020204352409CE9149ADAE63640
Adani CNG Gas Station (Kamla CNG),22.9443274,72.9287961,,"WWVG+WX8, Apruji",0101000020E6100000C0893265713B52407AB7C370BFF13640
H.P petroleum CNG Pump (Delhi Highway automobile),23.2259602,72.7309481,,"Mota Chiloda circal, near, NH 48 Highway, Gandhinagar",0101000020E6100000B2248ADAC72E524097321587D8393740
Adani Gas CNG Station,22.80687,73.3364751,,"R84P+PHX, Pali",0101000020E6100000C69ADBCE885552409F1F46088FCE3640
Adani cng,22.9416983,73.308075,,"W8R5+M6G, NH-47, Vadadala",0101000020E6100000C66D3480B7535240E432C92313F13640
ONLINE CNG STATION M H KHANUSIYA,23.6073639,72.9438359,,"JW4V+WGW, Himmatnagar Bypass Rd, Zahirabad, Savgadh",0101000020E61000009BD2B0CE673C5240614557337C9B3740
Pramukh Petroleum - CNG pump,23.4732842,73.2767936,,"Gujarat 383316, India",0101000020E61000007FEF80FCB6515240A9B6402729793740
SM CNG STATION,23.1443403,73.602899,,"Mota Sonela, Modasa Rd, Lunawada",0101000020E6100000A1F2AFE595665240ADFE637CF3243740
CNG Pump,23.6133698,73.4687905,,"JF79+CF7, Rellavada",0101000020E61000003B8BDEA9005E5240A45A9FCD059D3740
Sabarmati Gas CNG Station,23.1580696,72.8019718,,"191, Ahmedabad - Modasa Hwy, Darshan Society, GIDC, Dahegam",0101000020E61000001D54878153335240E77DD23F77283740
Adani Gas CNG Mother Station,23.0188349,72.7041358,,"NH47, Odhav Industrial Estate, Odhav",0101000020E6100000573C9A8F102D524000862F5DD2043740
Sabarmati Gas Online CNG & LNG Station H K Kumpavat,23.6007417,73.2113739,,"Rajendranagar Chokdi NH-48 (Ahmedabad - Udaipur, Highway, Rajendranagar",0101000020E610000097EE6426874D5240ECD74235CA993740
ASK CNG PUMP,23.3824564,73.2218603,,"96JC+XP, Antisara",0101000020E6100000F8318BF5324E52405925A2A9E8613740
Adani CNG Gas pump,23.144239,73.6028131,,"GJ SH 154, Lunawada, Savarana Muvada",0101000020E61000006D86657D94665240C8CEDBD8EC243740
Umiya Petroleum and CNG Station,23.1921703,73.4707333,,"Dhoravada, Road, Virpur",0101000020E6100000D828907E205E524034C3A11232313740
Ankur Petroleum & CNG Station,23.3414554,73.2073028,,86R4+HWG,0101000020E6100000A197F672444D5240E80A009F69573740
"Bharat Petroleum, Petrol AND CNG PUMP-Bhagawanji Gordhandas & Sons",23.6824925,73.3658517,,"SHAMLAJI ,NH8, SABARKANTHA, SABARKANTHA",0101000020E6100000E7AB3F1D6A575240E94317D4B7AE3740
Keshav CNG station,23.1368933,73.215528,,"kapadwanj, bayad highway, Borol",0101000020E6100000D4D7F335CB4D5240A18A76700B233740
Gujarat Gas CNG Station,22.8209983,72.8648183,,"RVC7+9WW, Sihunj",0101000020E6100000DEDEDA2E593752405492D0F12CD23640
Adani CNG Gas - Mahi Gas Station Lunawada,23.1191878,73.6169832,,"Santrampur Road, near Circuit House, Lunawada",0101000020E61000009D8B1AA77C6752400A157717831E3740
ADANI CNG GAS STATION,22.9148286,72.7020572,,Hirapur,0101000020E6100000F77A5281EE2C52400A72063532EA3640
Gujarat Gas CNG Station,22.8128986,72.9349072,,"RW7M+5XJ, Mahudha",0101000020E6100000E0320285D53B5240D5F6651F1AD03640
Navkar ONLINE CNG Station,23.0290605,73.0877325,,"Online Adani CNG, 1030, Kapadvanj - Modasa Rd, near H M Industries, GIDC, Kapadvanj",0101000020E6100000F792C6689D455240FC1A498270073740
Sabarmati CNG gas,23.4915881,73.303047,,"F8R3+J6M, Gajan",0101000020E6100000A9893E1F65535240509ABCB7D87D3740
CNG PUMP માલેશ એનઁજી સ્ટેશન(Malesh Energy Station),23.0932215,73.2001842,,"36V2+529, Ghauva",0101000020E6100000420B64D1CF4C5240B8C83D5DDD173740
CNG - Swaminarayan Petroleum BPCLonlin cng 24,23.3418513,73.0856865,,"GJ SH 68, Sagpur",0101000020E61000005BCD3AE37B4552405798199183573740
GAIL Gas CNG Station,27.8286845,77.6379098,,"RJHQ+F5F, Dedna Banger",0101000020E61000001133A083D3685340BE33DAAA24D43B40
HP PETROL-CNG PUMP - SAI DARSHAN PETROLEUM,23.0097244,73.0518978,,"SR NO 287/paiki 2 /paiki 1 Vill -mohammodpura SH- 59 TAL Kapadwanj, Baroda",0101000020E6100000006F264B5243524025F95B4C7D023740
"Bharat Petroleum, CNG GAS Station Petrol Pump -Janaki Petroleum",23.2237777,73.2231436,,"BAYAD, SABARKANTHA",0101000020E6100000F31318FC474E5240F812CF7E49393740
"Bharat Petroleum, Petrol and CNG pump-Jamalbhai U. Kadiwala",23.5788641,72.9583001,,"HIMMATNAGAR, NH8, SABARKAN",0101000020E61000003A50F1C9543D524017540A7030943740
"Bharat Petroleum Petrol Pump & CNG Pump , MADHAV PETROLEUM",23.6060779,73.0984926,,"HW SH-143AT, Gambhoi - Bhiloda Rd, SARWANA, POST, Gambhoi",0101000020E610000079F9E7B34D4652400F54D7EB279B3740
Shree Keshav cng,23.0200163,73.0700421,,"Bayad, Kapadvanj - Modasa Rd, near ambaji temple, Borol",0101000020E6100000F635DC917B4452400EE3C9C91F053740
HP PETROL PUMP - HP COMCO ORAN - CNG Pump,23.3959185,72.8195304,,"9RW9+8VP, Oran",0101000020E6100000FB84A22F73345240A26131EA5A653740
CNG Gas Station,23.6079397,72.7395318,,"Ladol-Vijapur, Road, Ladol",0101000020E610000087D62F7D542F5240A770A9EFA19B3740
Gayatri Petrol Pump BPCL & ONLINE ADANI CNG Station,22.9096568,73.1237556,,"Ahmedabad-Balasinore Highway,Ladvel chokdi National Highway 47 Ladvel, Chokdi, Kathlal",0101000020E610000099AC9B9CEB47524082959E44DFE83640
Dev X BPCL Petrol & CNG Pump,23.0443036,73.397497,,"Zalod - Ahmedabad Hwy, Khandivav",0101000020E610000085D04197705952405618117B570B3740
Sabarmati CNG and Vinay Petrol Pump,23.4704687,72.8769371,,"Gujarat 383120, India",0101000020E61000008B49C9BC1F385240A94A00A370783740
Adani CNG Gas Station,23.0005209,73.37141,,"Gadhavada, Dakhariya",0101000020E610000012DA722EC5575240E976402322003740
Essar Karunasagar Petroleum CNG ONLINE PUMP,23.5620129,72.7645815,,"Survey No. 122/2P1, Village Devpura, Dist. Mehsana, Himatnagar - Vijapur Highway, Vijapur",0101000020E61000001B683EE7EE3052401C6ED113E08F3740
"Bharat Petroleum Petrol & CNG Pump, RAJVI PETROLEUM",22.99958,73.088108,,"Dakor - Kapadwanj Rd, KAIRA, GUJAR",0101000020E610000006A1BC8FA345524056BC9179E4FF3640
SP Petroleum BPCL-CNG,23.1344883,72.765481,,"GJ SH 68, Galudan Gam",0101000020E6100000662D05A4FD305240D43142D36D223740
Chirag CNG petroleum,23.0648678,73.6143211,,Viraniya,0101000020E6100000896F7209516752403F90172D9B103740
Nayara Petrol and CNG Pump,23.1050232,72.7212599,,"NH 59, Gandhinagar",0101000020E6100000A49A481F292E52403F52E9CCE21A3740
Adani Cng Refilling Pump (ABS),23.2548279,73.5865024,,"Khanpur, Gangta, Limadiya",0101000020E6100000A2C15C4189655240BD9BB8663C413740
Gujarat Gas CNG Station,23.1504484,72.7905222,,"5Q2R+56C, National Highway 59, Dahegam",0101000020E6100000C4F06CEA973252404BBC4DC983263740
Vinayak Sabarmati cng,23.2153276,73.1376752,,"648Q+43F, Dahegam - Bayad Rd, Amargadh",0101000020E6100000195EA4ABCF48524019EDA7B51F373740
Ahmed CNG Station,24.6555211,68.8228603,,"MR4F+545, Badin - Sujawal Rd, Sujawal",0101000020E6100000506B3FBEA93451408456163BD0A73840
BHAVANI CNG STATION,24.0766454,71.6165002,,"Bhabhar, Bhabhar Juna",0101000020E61000008F3E41BD74E751408B636E089F133840
BHAVANI CNG STATION,24.0770371,71.6163515,,"BHABHAR-DEODAR, HIGHWAY, Bhabhar Juna, Bhabhar",0101000020E6100000CBD58F4D72E75140241411B4B8133840
Bharat Petroleum CNG,23.8316877,71.6242343,,"RJJF+MMH, Vinayak Nagar, Radhanpur",0101000020E6100000A7E26B74F3E7514047FC2F7CE9D43740
Bhavani CNG Filling Station,24.380882,71.6461788,,"9JJW+9F8, GJ SH 54, Malupur",0101000020E6100000965753FE5AE9514094A2957B81613840
CNG STATION -IRM ENERGY tharad,24.3808132,71.6460192,,"Deesa - Tharad Hwy, Vajegadh, Malupur",0101000020E6100000A325EA6058E9514096E24FF97C613840
CNG Pump,24.0617929,71.5908009,,"3H6R+P87, NH 68, Moti Sari",0101000020E6100000A2FC93AECFE5514000A0D4A8D10F3840
Cng Pump Vav,24.3536707,71.5036622,,"TRN RASTA, VAV, DHIMA",0101000020E6100000CF4E61003CE05140AD0DBA298A5A3840
Kailash CNG Pump,24.3952544,71.6367566,,"9JWP+4P2, GJ SH 128, Tharad",0101000020E6100000C720C19EC0E85140A09971642F653840
MANGAL CNG GAS CAR,23.816233,71.6159052,,"RJ88+F9R, highway, Mangal Murti Society, Saraswati Nagar, Radhanpur",0101000020E6100000EDDBA4FD6AE751407DEA58A5F4D03740
Sabarmati Gas CNG Pump,23.82441,71.5836764,,RHFM+QF7,0101000020E61000009C5C42F45AE55140D07EA4880CD33740
RAVI CNG FILLING STETION,24.3694779,71.6300284,,"9J9J+Q2R, GJ SH 54, Vajegadh",0101000020E61000004763A36252E851404218891A965E3840
CNG station,24.3713156,71.630111,,"9JCJ+G2H, Tharad",0101000020E6100000647616BD53E851409F7E068A0E5F3840
Sabarmati Gas CNG Station,23.8936834,72.3696152,,"Khali Char Rasta, Lalpur",0101000020E6100000B00683C6A717524064FA6F6FC8E43740
Sabarmati Gas CNG Station,23.8665045,72.21591,,"V688+J93, GJ SH 10, Kamliwada",0101000020E610000047382D78D10D52403B56293DD3DD3740
Indian Oil CNG Station,23.8524716,72.1381835,,"14, GJ SH 7, Krishnanagar Society, Patan",0101000020E610000032569BFFD7085240D0C42A943BDA3740
Sabarmati Gas CNG Station,23.919307,72.361715,,"35, GJ SH 41, Madhav Nagar, Siddhpur",0101000020E610000040DEAB5626175240DFFB1BB457EB3740
CNG STATION - ARBUDA CNG IRM ENERGY,23.8676781,71.7312653,,"un NHAI, 27, radhanpur highway, Ratanpur, Thara",0101000020E6100000C70CF90CCDEE514096F4E62620DE3740
Ramdev Sabarmati Gas CNG Station,24.1022154,72.1616613,,"Patan - deesa highway At: Bhatsan , Ta:, dist:, Sarsvati",0101000020E6100000D921A3A8580A5240C625D8C92A1A3840
Bhavani cng station nenava,24.657469,71.868307,,"Dhanera, Nenava",0101000020E6100000D3F8855792F7514042226DE34FA83840
Sabarmati Gas CNG Station,23.9717284,72.3503024,,X9C2+M4V,0101000020E610000076EDC15A6B1652402B984231C3F83740
Jaliyan cng station,24.2365052,72.1717352,,"65PC+JM5, Deesa",0101000020E61000009CE4A2B5FD0A52407D55D39A8B3C3840
IRM Energy CNG Station,24.1912499,72.4339833,,"RTO, Bihari Bag, Maheshwari Colony, Palanpur",0101000020E6100000A620E461C61B5240FFDCE1C0F5303840
Sabarmati Gas CNG Station,23.8288999,72.1175506,,"Opp Utsav Party Plot, Patan Chanashma, Highway, Patan",0101000020E610000003A8F3F2850752405D28AAC832D43740
IRM Energy CNG Station,24.0194026,72.3842087,,"299M+QM8, GJ SH 41, Chhapi",0101000020E6100000AD5516E09618524016759C91F7043840
CNG filling Stations,24.3754563,72.5931101,,"9HGV+56H, NH 27, Sarotra",0101000020E6100000599B1084F5255240C19371E71D603840
GIFT Power CNG Station,24.1157153,71.8214679,,"340, Deodar Khimana Highway, near Raiya, Village, Diyodar",0101000020E6100000AF4D19EE92F45140972595849F1D3840
"SHITAL PETROLEUM ,CNG PUMP",23.88594,72.6085835,,"384325, GJ SH 56, Kheralu",0101000020E6100000A7583508F3265240DF37BEF6CCE23740
KRISHNA GREEN POWER CNG STATION,24.1010215,71.9366627,,"4W2P+CM3, Khimana",0101000020E610000084F81B48F2FB514060B1868BDC193840
BPCL CNG,24.173471,72.4172672,,"Palanpur Highway, Palanpur",0101000020E6100000626C7C81B41A5240EECD6F98682C3840
CNG Station IRM Energy Akhol,24.280564,72.1634596,,"75J7+69G, Akhol",0101000020E6100000E70D411F760A5240586FD40AD3473840
Sabarmati Gas CNG Station,23.8860395,72.6086685,,"VJP5+CF7, Kheralu",0101000020E6100000BE66B96CF4265240D576137CD3E23740
IRM Energy CNG Station,24.0346991,72.0232297,,"22MF+V7H, SH 130, Shihori, Deliyathara",0101000020E6100000F0726C987C0152405DB34B0AE2083840
IRM Energy CNG Station,23.9729642,71.832636,,"XRFM+53C, Ram Vadi, Tana",0101000020E6100000395E81E849F55140C62D8B2E14F93740
IRM Energy CNG Station,24.1807664,72.0013816,,"Bhildi - Paldi Rd, Ratanpura",0101000020E61000003CB4D9A2160052403537F0B4462E3840
IRM Energy CNG Station,24.1327887,72.270852,,"47MC+38X, Unnamed Road, Gadh",0101000020E61000009983A0A35511524042C7B370FE213840
Sabarmati Gas CNG Station,23.9930938,72.0634996,,"SH 130, Kalodhi, Melusan",0101000020E6100000C853A0601004524041DC30653BFE3740
IRM Energy CNG Station,24.4959979,72.0416743,,"F2WR+CM4, highway, Deesa, Dhanera",0101000020E61000005BE5AECAAA0252407A62E7B7F97E3840
Akshar CNG Online Station,24.2329502,72.2562077,,"67M4+6RM, Rasana Mota",0101000020E6100000F01EFBB465105240BF98D29FA23B3840
Sabarmati Gas CNG Station,23.8929516,72.1555668,,"V5V4+56P, Patan",0101000020E6100000FA9573CEF40952402FE9DE7998E43740
Kabeer CNG Pump (only CNG),24.3754043,72.5932243,,"9HGV+579, NH 27, Sarotra",0101000020E610000052EC0D63F72552401C47077F1A603840
IRM Energy CNG Station,23.9869144,72.376148,,"X9PG+QCH, GJ SH 41",0101000020E61000002C9D0FCF1218524093F30F6CA6FC3740
IRM Energy CNG Station,24.1376806,72.4535771,,"4FQ3+3CM, Banaskantha",0101000020E6100000BBAD3E68071D52402D4B2A093F233840
IRM Energy CNG Station,24.236539,72.1719012,,"65PC+JQ2, Deesa",0101000020E61000002909E46D000B5240823AE5D18D3C3840
IRM Palanpur Energy CNG Station,24.1273424,72.4092298,,Jagana,0101000020E61000001DE32FD2301A5240E764F38299203840
Balaji CNG Filling Station,24.1423645,72.5775645,,"4HRG+RRC, Ambaji Hwy, Jalotra",0101000020E610000028B517D1F6245240849CF7FF71243840
IRM Cng Pump,24.3084009,71.8410454,,"8R5R+9C7, Lakhani",0101000020E6100000E1DC15B0D3F55140958E835CF34E3840
Shiv laheri CNG Lodpa jorapura,24.3140236,72.3291507,,"887H+JM, Dantiwada",0101000020E610000027FD18CE10155240142CC4D963503840
IRM Energy CNG Station,24.1106655,71.7902913,,"4Q6R+74J, GJ SH 72, Diyodar",0101000020E61000000EF4F52194F25140A54BFF92541C3840
SHREEJI CNG FILLING STATION,24.2401613,72.2172989,,"Deesa - Palanpur Hwy, Jigs Giriraj Society, Deesa",0101000020E61000003C3DA539E80D5240CD4301367B3D3840
IRM Energy CNG Station,23.9976621,72.5146118,,"NH-58, Nagana, Post Pilucha Taluko, Vadgam, Nagana",0101000020E6100000AFC85466EF2052406CF58BC866FF3740
CNG pump,24.3484327,72.5337927,,"8GXM+9GF, Iqbalgadh",0101000020E6100000FD55DBA829225240635BABE232593840
IRM CNG STATION,24.4943486,72.0153889,,Dhanera,0101000020E61000002C8EB921FC005240C9D23DA18D7E3840
IRM CNG / EV charging Station,24.1815471,72.4556446,,"5FJ4+J76, near Indian Oil Petrol Pump, Rampura, Chokadi, Palanpur",0101000020E610000056E6F747291D5240032FE9DE792E3840
Gayatri Petroleum Sabarmati Gas CNG Station,23.8943503,72.6217728,,"GJ SH 56, Kheralu",0101000020E6100000B6622420CB275240F4AA2924F4E43740
CNG Pump Rah IRM,24.4794564,71.8117999,,"Dhanera tharad highway, Rah",0101000020E610000059599187F4F351409FDB95A7BD7A3840
IRM Energy CNG Station,24.2401333,72.2172853,,"66R8+3W6, Jigs Giriraj Society, Deesa",0101000020E6100000B3599A00E80D5240392E3E60793D3840
IRM ENERGY CNG STATION,24.3838125,72.1208125,,"94MC+G8, Pamaru",0101000020E6100000AC1C5A64BB075240C74B378941623840
SHREE ARBUDA CNG STATION,23.9730702,71.8325166,,"Santalpur-Radhanpur, Highway, Ram Vadi, Ratanpura",0101000020E61000002398B4F347F5514051B6ED201BF93740
IRM Energy CNG Station,24.4806269,72.2908782,,F7JR+792,0101000020E6100000A30799BF9D125240EF13515D0A7B3840
IRM Energy CNG Station,24.6571068,71.769662,,"MQ49+RVV, Khoda",0101000020E610000055BE672442F15140AEFAB72638A83840
"Bharat Petroleum Petrol Pump & CNG , MAA SHAKTI PETROLEUM",23.843681,72.187872,,"AT & POST MANDOTRI, Unjha - Patan Hwy, ROADTAL, Patan",0101000020E610000062F54718060C5240AF415F7AFBD73740
I R M C N G Gas Station,24.2618257,72.2068372,,"7664+PPQ, Deesa",0101000020E6100000286618D23C0D524097C0520207433840
IRM Energy CNG Station,24.1584166,72.41177,,"5C56+9MC, Laxmipura, Palanpur",0101000020E610000055DE8E705A1A5240BD2484FD8D283840
Mahi petroleum and CNG,24.0632858,72.4627548,,"road, Magarwada, vadgam",0101000020E61000004A044FC69D1D52401B4D897F33103840
IRM Energy CNG Station,24.662821,71.7650496,,"MQ78+42F, Tharad",0101000020E610000058F49892F6F051401E1A16A3AEA93840
Vahanvati Petroleum BPCL CNG,23.88355,72.5166112,,"VGM8+CJ5, SH 10",0101000020E6100000D42F6C28102152407C61325530E23740
Sabarmati Gas CNG Station,23.8356092,72.755872,,"RQP4+68Q, GJ SH 10, Valasna",0101000020E610000093FDF334603052409A3C0A7CEAD53740
ADANI CNG station,24.5224076,73.674889,,"NH 48, Hiran Magri, Balicha",0101000020E610000087DBA161316B52408E2E2581BC853840
CNG PUMP GUJARAT GAS (BHAWANI),24.53316,72.845786,,"GRMW+78, Kivarali",0101000020E61000008A5A9A5B213652400D897B2C7D883840
"Sabarmati Gas, CNG pump",23.9305018,73.0386976,,"W2JQ+6F4, Unnamed Road, Vadali",0101000020E6100000C29B7F057A4252407FDEAF5D35EE3740
IRM Energy CNG Station,24.3296497,72.8679051,,"Ground Floor, Gam, Kumbhariya, Ambaji",0101000020E61000000622D5C18B375240DFA238EC63543840
Gujarat Gas CNG Station,24.5123859,72.7933288,,"GQ6V+X84, Akrabhatta",0101000020E610000065BE28E6C5325240796EEBB82B833840
Gujarat Gas CNG Station,24.4305796,72.7047918,,"CPJ3+6WM, Mawal",0101000020E61000004BDF104F1B2D52402453F4763A6E3840
Manish hp station & CNG center,23.9367712,73.5712031,,"Village - Bhuwali, post, gardunga",0101000020E6100000ED7772978E645240ADD5C33CD0EF3740
Sabarmati Gas CNG Station,24.005088,72.7770069,,"Gujarat State Highway 56, Saratanpur",0101000020E61000000C11267BBA315240209A79724D013840
IRM Energy CNG Station,24.1844924,72.7575378,,"5QM5+Q2V, Danta",0101000020E6100000F61ED37F7B3052404D5CD8E43A2F3840
Shrimad Petroleum & CNG Gas station,23.8969767,73.1195727,,"Vijaynagar Rd, Chorivad",0101000020E6100000A5FF4014A747524025C6D743A0E53740
Gujarat Gas CNG Station,24.4309966,72.716018,,"CPJ8+CC3, Mawal",0101000020E61000003B56293DD32D5240ECAF0DCB556E3840
CNG SIDDHIVINAYAK PETROLEUM JUNCTION,24.5985406,72.8850744,,"NH - 27 Bhimana, Near Swaroopganj, Dist, Bhimana",0101000020E6100000B7A1180FA53852400654EEF439993840
SARASWATI CNG PUMP,24.065679,73.0101585,,"SARASWATI CNG PUMP, ATPO RADHIWAD AMBAJI HIGHWAY ROAD KHEDBRAHMA, Radhivad",0101000020E6100000B151D66FA6405240B308C556D0103840
SAHARA PETROLEUM & ONLINE SABARMATI CAR CNG GAS STATION,23.8272092,73.0007547,,"R2G2+V8J, Himatnagar - Idar State Highway Rd, Idar",0101000020E61000005FF4705D0C40524048F36CFBC3D33740
Adani Gas CNG Station,24.6678107,73.6602584,,"MM96+338, Thoor",0101000020E610000032BA72AC416A52403B6B5CA4F5AA3840
SHUKAN PETROL & CNG PUMP,23.8240762,73.0661694,,"SHUKAN PETROELUM, Badoli",0101000020E6100000BE3F941E3C445240766968A8F6D23740
NATRAJ CNG GAS STATION,23.9303335,73.0391784,,"Nice Bajuma, Aaradhya Hospital, Ambaji Highway, nearby Eshar petrol pump, Vadali",0101000020E61000006AAD1EE6814252408BDF14562AEE3740
B S Indian Oil Petroleum cng pump,24.5049706,72.793097,,"Abu Road, Santpur",0101000020E61000009163EB19C23252400671D4C045813840
Online CNG station ( Gujarat Gas),24.4933167,72.8148776,,"FRV7+8XC, Abu Road",0101000020E61000008D8F60F4263452401612D5004A7E3840
IRM Energy CNG Station,24.2611332,72.9836451,,"7X6M+FF2, Hadad",0101000020E6100000B9D7930AF43E52405BE619A0D9423840
Shree shanidevay enterprise gas service,24.6660038,73.6651581,,"NH 27, Ratharon Ka Gurha",0101000020E6100000D98A47F3916A524000039C397FAA3840
Sanju CNG FILLING STATION,27.3998052,74.5728752,,"9HXF+W49, Didwana",0101000020E6100000202CBEFCA9A452404FC532A259663B40
Cng pump ing,26.6139639,75.047549,,"J27X+H2M, Bandar Seendri",0101000020E610000048FDF50A0BC35240B46CF7BC2C9D3A40
Torrent Gas CNG Station,26.7088744,75.2709959,,P75C+G9X,0101000020E610000068F62FFF57D15240BCF8ECCA78B53A40
HP Petrol Pump CNG - Navan Filling Station,26.7089235,75.2711254,,"HPC Petrol Pump Ajmer Road, NH 8 Village Gidhani, Jaipur",0101000020E61000005B87591E5AD15240A9DDAF027CB53A40
TORRENT CNG PUMP KALWAR,26.9810306,75.5644007,,"XHJ7+765, RJ SH 2C, Ramla Ka Bas",0101000020E6100000BA151D241FE45240116047D224FB3A40
Indian oil petrol and cng pump,27.3697633,75.495645,,"Khatu, Shyam Ji Road, Mandha",0101000020E6100000425BCEA5B8DF5240D3C2C0CEA85E3B40
Bharat petroleum cng,26.7784916,74.8599106,,"QVH5+9XV, RJ SH 7",0101000020E6100000F61E78C608B75240F135BA394BC73A40
CNG Anand filing station,27.0691715,74.8548615,,"3V93+MW9, Station Rd, Kuchaman City",0101000020E61000000247020DB6B65240B5503239B5113B40
"Bharat Petroleum Petrol Pump with CNG , SHREE KRISHNA FILLING STATION",26.608214,75.002357,,"PEDIBHATA, NEAR 354 KM STONE,JAIPUR - KISHANGARH ROAD",0101000020E6100000AB7AF99D26C0524027F8A6E9B39B3A40
CNG PUMP,27.156875,74.8101967,,"5R46+P3W, Jasrana",0101000020E6100000F0744243DAB352405C8FC2F528283B40
cng pupm,27.1734867,74.839075,,"5RFQ+7WJ, Kuchaman City, Ugarpura",0101000020E610000009F9A067B3B552407DCAD69F692C3B40
"Petrol Pump & CNG, Bharat Petroleum (BPCL)",26.6141536,75.0475214,,"J27X+M26, Bandar Seendri",0101000020E61000000CB732970AC352407EB89A2B399D3A40
Torrent Gas CNG Station,26.8358857,75.7689683,,"6-56, Sector 2, Hans Vihar, Mansarovar Sector 6, Mansarovar, Jaipur",0101000020E6100000490AD1C636F15240AEB1F09AFCD53A40
Torrent Gas CNG station - Tonk Road Service station,26.8659033,75.7966943,,"Tonk Rd, New Light Colony, Bajaj Nagar, Jaipur",0101000020E610000037DA160AFDF252409CFFB2D6ABDD3A40
Cng station,26.8925818,75.8671034,,"2, Agra Rd, near Choolgari Mandir, Chetak Vihar Colony, New Khandelwal Nagar, Jaipur",0101000020E61000000750429F7EF752403B01A83D80E43A40
Torrent Gas CNG Station,26.8541725,75.652516,,"VM32+MX9, Ramchandpura",0101000020E6100000790778D2C2E952407FA4880CABDA3A40
Torrent Gas CNG Station,26.9137099,75.8311462,,"Adarsh Nagar Rd, Sanganeri Gate, Central Jail, Fateh Tibba, Adarsh Nagar, Jaipur",0101000020E610000076CCD47F31F552400C885AE4E8E93A40
Torrent Gas CNG Station,27.0427942,75.7603954,,"2QV6+476 m Corp. part, Jaipur - Jhunjhunu Bypass Rd, Jaipur",0101000020E6100000D8C17751AAF052405F75898FF40A3B40
Torrent cng station (Bhagwati Cng Station),27.2155625,75.9147344,,"6W87+6VH, Beelpur",0101000020E6100000AD2127028BFA524077BE9F1A2F373B40
Indian oil CNG Station,27.2773827,75.9487677,,"7WGX+XG2, Jaipur",0101000020E610000013C0289CB8FC5240E7F9788D02473B40
Shree Raghunath CNG filling station,26.8671255,75.6856644,,"Ajmer Road ,Bhankrota , Jaipur Ajmer, highway, Jaipur",0101000020E61000000382EFECE1EB52401407D0EFFBDD3A40
Torrent Gas CNG Station,26.8306724,75.773659,,"25, Near, New Sanganer Rd, Hans Vihar, RIICO Industrial Area, Mansarovar, Jaipur",0101000020E610000063D009A183F1524099B047F2A6D43A40
Torrent CNG Station,26.8484996,75.7527722,,"RQX3+94R, Patrakar Colony Rd, Mansarovar, Jaipur",0101000020E6100000A115736B2DF0524049AB104537D93A40
Prag Filling Station/ CNG,26.7758456,75.8899098,,"Plot 1&2, Vimalpura, Goner Road, opp. Durlabhji Nursing College, opp. Gaytri Mandir, Jaipur",0101000020E6100000F4D83B48F4F85240D9BE36D19DC63A40
Torrent CNG Station,26.920796,75.6571323,,"WMC4+7QR, RIICO Industrial Area, Bindayaka, Jaipur",0101000020E61000004C69A2740EEA5240A1496249B9EB3A40
Torrent Gas CNG Station - RC Dukya,26.7918815,75.7645817,,"QQR7+MQ3, New Sanganer Rd, near 302029, गोपालपुरा, Sanganer, Jaipur",0101000020E6100000AF2715E8EEF05240B3CEF8BEB8CA3A40
Torrent Gas CNG Station,26.7759375,75.8898125,,"Gayatri mandir, Tuwariyan Ki Dhani, bidani, Vimalpura",0101000020E61000009CC420B0F2F85240713D0AD7A3C63A40
Torrent Gas CNG Station (online pump),26.9341011,75.795403,,"Jhotwara Rd, near pittal factory, Subash Nagar, Shastri Nagar, Jaipur",0101000020E6100000FA08FCE1E7F252405AA8EB3F21EF3A40
Rama Fuels CNG Pump,26.8802569,75.7595857,,"111/1, Gopalpura Bypass Rd, Nakshtra Villa Rail Nagar, Brijlalpura, Jaipur",0101000020E61000009800570D9DF052400E94258458E13A40
Cng pump,27.4871634,76.0509118,,F3P2+V97,0101000020E6100000C0FE902342035340E4CE96BDB67C3B40
Torrent Gas CNG station - Shree Dev Petroleum BPCL,26.6676073,75.9294269,,"MW9J+96C, Chaksu Bypass Rd, opposite BPCL Petrol Pump, Gopirampura",0101000020E610000073E1F6BA7BFB52402412E04FE8AA3A40
Shubham Petroleum CNG,26.8484153,75.7526245,,"4,4A&22, RQX2+MJ Shyam Nagar Shyam Path Chauraha, Patrakar Colony Rd, opposite Raj Marriage Garden, Mansarovar, Jaipur",0101000020E6100000C66AF3FF2AF0524010EDBEBE31D93A40
Torrent Gas CNG Station - Shri Ram FS IOCL,27.0502487,75.9082344,,"3W25+475 पेट्रोल पंप गार्डन, Kookas",0101000020E61000008A462D8320FA5240A12A4B19DD0C3B40
Rajawat Farms HP Center CNG,26.835887,75.7688178,,"Kalyanpura, Sanganer, Jaipur",0101000020E61000004AE5924F34F15240CC26C0B0FCD53A40
Torrent Gas CNG Station - Madan Mohan FS IOCL,26.8974271,75.8110675,,"Dr. Garg Tower, 456, Sawai Ram Singh Rd, near Rbi &, Rambagh, Jaipur",0101000020E61000004DD6A887E8F352404C0B4DC8BDE53A40
Bharat Petroleum CNG & Petrol Pump,27.1304374,75.7305256,,Jaitpura,0101000020E6100000033972EEC0EE5240DF2C6F5864213B40
Torrent CNG Gas Station,26.8803954,75.7596531,,"VQJ7+4P4, Nakshtra Villa Rail Nagar, Devi Nagar, Shyam Nagar, Jaipur",0101000020E6100000853309289EF05240818CCA9761E13A40
CNG GAS STATION KUKAS,27.035175,75.8896729,,"2VPQ+3V7, Unnamed Road, Kukas",0101000020E6100000CC689A66F0F8524005A3923A01093B40
Torrent Gas CNG station - Bhagwati Gauri Shankar IOCL,26.9486556,75.7627961,,"WQX7+F47, Kamani Rd, Jhotwara Industrial Area, Jhotwara, Jaipur",0101000020E61000000CC1BBA6D1F05240D12AE917DBF23A40
HP-CNG PETROL PUMP - DASOT SERVICE CENTRE,26.9070481,75.845828,,"HPC Dealers, Truck Stand RAJ, Agra Rd, Transport Nagar, Jaipur",0101000020E6100000A182C30B22F652402166E54D34E83A40
Torrent Gas CNG station - Pintu filling center IOCL,26.8643852,75.6805764,,"VM7J+Q6, Bhakrota, Jaipur",0101000020E61000007C1B51908EEB52407C25355948DD3A40
"Petrol pump , cng pump",26.8002915,76.3772938,,"R92G+2Q6, Aluda",0101000020E6100000F3FEE494251853404CC45BE7DFCC3A40
"Bharat Petroleum, CNG Petrol Pump -Gopal Petroleums",26.615266,75.9415077,,"NH-12 TEHSIL- CHAKSU CH, JAIPUR",0101000020E6100000A91B83A941FC52403A579412829D3A40
Torrent cng gas,26.869338,76.1932982,,"V59V+P8M, Madanpura",0101000020E61000000BD869FF5E0C5340882B67EF8CDE3A40
Pintu filling center indian oil petrol pump diesel petrol cng dc fast charging,26.8646568,75.6811594,,"Pintu filling center, NH-48, Ajmer Rd, near bhankrota, Bhakrota, choraha",0101000020E61000003B97981D98EB52409643E6255ADD3A40
CNG PUMP/ SANWARIYA FILLING STATION,26.894931,76.264755,,"V7W9+PH, Bhandana",0101000020E6100000F59CF4BEF1105340342DB1321AE53A40
Kartik CNG Filling Station,27.2807262,75.9526766,,"Near NH 48, near Navalpura mode, mode, Navalpura, Nawalpura",0101000020E6100000872A46A7F8FC52405F2118ACDD473B40
CNG station jaipur,26.9124336,75.7872709,,"WQ6P+XWC, Ganpati Nagar, Jaipur",0101000020E6100000EB257CA562F2524084C5973F95E93A40
HP PETROL PUMP And CNG,26.89833,76.32376,,"HPC Dealer Dausa,rajasthan, Manganj, Agarsen Colony, Jaipur",0101000020E610000030F0DC7BB8145340040473F4F8E53A40
"Smt Indra Filling Station ( BPCL pump ) , CNG , EV Charging",27.2237094,75.9312159,,"Plot 1, Sunderpura, Near Chandwaji, Ajmer-Delhi, NH 48, Jaipur",0101000020E6100000F900930A99FB5240CBCEEC0445393B40
Cng pump out side jaipur,27.2774478,75.9488048,,"7WGX+XH2, Chharsa",0101000020E61000006C92C437B9FC5240DF58ABD106473B40
Petrol and CNG pump,26.9613941,76.496933,,"XF6W+HQ3, Delhi - Mumbai Expy, Dhigariya Tappa Koleshwar",0101000020E610000067D311C0CD1F53403E117AEC1DF63A40
HP CNG PETROL PUMP - SRI KRISHAN SERVICE STATION,26.9543296,75.842267,,"OPP. Jalmahal Amber Road Jaipur, Jaipur",0101000020E610000001E0D8B3E7F55240D29AD5F14EF43A40
BP Sanganer COCO CNG pump,26.781549,75.8246719,,"2, Tonk Rd, Shatabdi Nagar, Govardhan Nagar, Jpr, Sanganer, Bambala, Jaipur",0101000020E6100000881BA66CC7F45240B438639813C83A40
Online CNG - BPS Automotives - Bharat Petroleum,26.9517769,75.7612603,,"3(C, Kamani Rd, Jhotwara Industrial Area, Jhotwara, Jaipur",0101000020E6100000900F1F7DB8F052409896A2A6A7F33A40
GAIL Gas CNG Station,27.4885004,77.54348,,"FGQV+99R, Mathura - Deeg Marg, Jachonda",0101000020E6100000ED815660C86253403A15BA5C0E7D3B40
CNG Pump,27.2843642,76.7723731,,"7QJC+5V, Toda Nagar, Jodhpura",0101000020E6100000D933958F6E31534038279B17CC483B40
GAIL Gas CNG Station,27.2347188,77.5200586,,"6GMC+V2M, RIICO Industrial Area, Bharatpur, Barakhur",0101000020E61000003AC0DDA348615340A1C10188163C3B40
cng pump,27.2921169,77.5305199,,Sahanawali,0101000020E61000002418BD09F4615340E11B542CC84A3B40
GAIL Gas CNG Station,27.1961724,77.5236261,,"5GWF+FF6, Jatoli Ghana",0101000020E610000040B50B1783615340B960BA5A38323B40
Cng Pump pipalkhera,26.9984522,76.8399218,,"XRXQ+9XM, Pipalkhera, Peepal Khera",0101000020E6100000A38C5D47C1355340879E39909AFF3A40
GAIL Gas CNG Station,27.2061863,77.4953629,,"6F4W+G53, Swarn Jayanti Nagar, Jawahar Nagar, Bharatpur",0101000020E6100000B6C99706B45F53401C6217A0C8343B40
GAIL Gas CNG Station,27.1903411,77.4735275,,"5FRF+4CJ, Rampura",0101000020E61000006D9049464E5E5340AD95BF31BA303B40
CNG Station,26.9655887,76.7410631,,"XP8R+6CP, Via, Kheda Pahadpur, Manpur",0101000020E61000006FB1EC936D2F53401DE32FD230F73A40
H.P. PETROL & CNG Station - SADHANA H.P.,27.1158877,77.1689385,,"NH 11, Weir, Nayagaon Mafi",0101000020E610000042226DE3CF4A53403782F9D0AA1D3B40
CNG pump of HP,27.2841226,76.7727526,,"7QMF+PV, Jodhpura",0101000020E6100000893952C774315340F30D3B42BC483B40
"Bharat Petroleum, CNG and Petrol Pump -Choudhary Service Station",27.2846779,76.6174334,,"KOTHINARNPR ALWAR, ALWAR",0101000020E6100000511D610784275340DA649EA6E0483B40
Jagan Prasad Filling Station And CNG Station,27.4769275,77.5165513,,"FGG8+QJF, Aring village on, Goverdhan Rd",0101000020E6100000340D2F2D0F6153402310AFEB177A3B40
CNG &PETEOL PUMP HPCL,27.1671499,77.3386121,,"588Q+MMV, Bikaner - Agra Rd, Bansi Khurd",0101000020E6100000EAE115D2AB5553409807FA55CA2A3B40
"Saheed Kumar - CNG and Petrol , Diesel",27.1746224,77.5529957,,"5HF3+R5X National Highway, 21, Ghasaula",0101000020E610000008951348646353402726B90DB42C3B40
PETROL /CNG/ PUMP LHSs,27.2815853,76.7735905,,"7QJF+JCP, Toda Nagar",0101000020E6100000C37FBA8182315340CB8866F915483B40
CNG Pump,27.119277,77.1743983,,"459F+PQ6, Nayagaon Mafi",0101000020E610000097BE7C57294B53403D2AFEEF881E3B40
HP PETROL PUMP and GAIL CNG - SHUBHAM FUEL CENTRE,27.4805418,77.3218448,,"HP Petrol Pump Near Amar Cinema Deeg Kaman Road, Deeg, Kota",0101000020E6100000CF98EE1A99545340695C93C9047B3B40
HP khatana petroleum and CNG,27.0261713,76.9306275,,"Mahwa - Hindaun Rd, Baritki, Mahwa, Bareetki",0101000020E61000008750A5668F3B534004988D29B3063B40
Hp CNG pump ⛽,26.9652955,76.740898,,"XP8R+496 jila Thasil. Sikrai, Kheda phad pur, post, Thikariya, Karori",0101000020E6100000FFEA71DF6A2F5340D9791B9B1DF73A40
HP Petrol Pump+CNG pump Bharatpur,27.2061785,77.4953775,,"Agra Rd, near Kali KI Bagichi, Swarn Jayanti Nagar, Jawahar Nagar, Bharatpur",0101000020E6100000276BD443B45F53406AA33A1DC8343B40
PETROL/CNG PUMP RHS,27.2842301,76.7727375,,"7QMF+PV, Jodhpura",0101000020E610000024B9FC8774315340EF09C84DC3483B40
Royal petro gas,26.7288611,77.0172873,,"Bargman road choraha byepass, Hindaun",0101000020E6100000B708313C1B4153409BD31BA496BA3A40
Bansal Service Station (Petrol/Cng),27.1965409,77.5240357,,"Saras Chauraha, Nh-21, Agra Rd, Jatoli Ghana, Bharatpur",0101000020E6100000EF5B08CD896153408FD3218150323B40
Hp Petrol & CNG,27.2818945,76.7733441,,"7QJF+JCP, Toda Nagar",0101000020E61000007E8340787E3153401A6CEA3C2A483B40
GAIL Gas CNG Station,27.1804024,78.3589216,,"NH 2,Near Raja ka taal,Nawab Chauraha,Firozabad, Firozabad",0101000020E6100000FE744D92F8965340B21E08DA2E2E3B40
Torrent Gas CNG Station,27.4209156,77.6938507,,"CMCV+9G3, LIG-49A, NH2, Kadamb Vihar, Ronchi Bangar, Bad, Mathura",0101000020E6100000A133C40C686C53405060F01FC16B3B40
GAIL GAS HARE KRISHNA CNG STATION,27.1339811,77.775334,,"N.H 11, Agra - Jaipur Rd, Purani Galla Mandi, Kiraoli, Midhakur",0101000020E6100000855E7F129F71534038C8DA954C223B40
GAIL Gas CNG Station,27.3504166,77.7252999,,"9P2G+54H, Mahuan",0101000020E6100000B19245506B6E5340BBF9FCE6B4593B40
Manglam fuels CNG station,27.1213657,78.5383324,,"Infront of ACMT College, NH 19, Rupaspur, Shikohabad",0101000020E61000002418BD0974A253402C5B90D2111F3B40
Hp Green Gas Limited CNG Station,27.1630625,77.9871875,,"Sonu, Govind Kunj, Saraikhwaja, Arjun Nagar, Kahrai, Agra",0101000020E610000048E17A142E7F534039B4C876BE293B40
Green Gas Limited CNG Station,27.2111717,78.0029846,,"6263+C5X, Bypass Rd, near Tulsi Cinema, Kripal Colony, Sanjay Nagar, Pashupati Colony, Khandari, Agra",0101000020E610000011D951E6308053403A5739590F363B40
Green Gas Limited CNG Station,27.2351851,77.8704009,,6VPC+35C,0101000020E61000002DFAF9A5B4775340A9013917353C3B40
Bohra fuel station Torrent Gas CNG Station,26.8581998,77.9239471,,"Vill: Sayapura, KM Stote NO. 37 Agra Mumbai Highway, NH-3, Dholpur",0101000020E6100000FB6E04F3217B53400A6F6AFBB2DB3A40
GAIL Gas CNG Station,27.2032167,78.3151832,,"6838+73M, Usaini",0101000020E6100000EA0F28F62B9453404480780206343B40
Cng Pump Station,27.2312007,78.1672049,,"65J8+FVP, Dharera",0101000020E6100000C84E2E7CB38A5340F34F15F82F3B3B40
Peetambra Filling CNG Station,27.1940289,78.3360906,,Jarauli Kalan,0101000020E61000008EDF25828295534096FAC3E0AB313B40
CNG GREEN GAS LTD,27.2257882,78.0581155,,"B Block Rd, Gulab Nagar, Kalindi Vihar, Agra",0101000020E610000001F9122AB88353409DD26641CD393B40
Green Gas Limited CNG Station,27.2172044,77.9397347,,"Sikandra, Agra, Bainpur Mustkil",0101000020E6100000A6DA029D247C53401C8C22B59A373B40
Green Gas Limited CNG Station,27.2211457,78.2607027,,"67C6+F74, Tundla Rly. Colony",0101000020E6100000A69E605AAF905340AA262D019D383B40
GAIL GAS HARE KRISHNA CNG STATION,27.1338506,77.7749573,,"Galla Mandi, NH-11, Agra - Jaipur Rd, Purani Galla Mandi, Kiraoli, Agra",0101000020E6100000F9D280E698715340CB8C6D0844223B40
Cng pump,27.4400307,78.4838394,,"CFRM+2G8, Firozabad - Awagarh Rd, Churthara, Awagarh",0101000020E61000000AE18739F79E53406ABC19DAA5703B40
CNG Filling Station,27.2064452,77.9779234,,"6X4H+H4W, Transport Colony, Transport Nagar, Agra",0101000020E61000008F3F074C967E53408B6AB697D9343B40
JAL DEVI CNG FILLING STATION,27.1466183,78.4660054,,"Nagla Anurudh ,NH-19, New Byepass Road, Makkhanpur",0101000020E61000009A305008D39D5340C07EE3C688253B40
Torrent Gas CNG Station,27.4786244,77.6412504,,"FJHR+FG2, Manjesh Vihar Colony, Maholi",0101000020E610000001231E3F0A6953405011F120877A3B40
CNG Station,27.2255655,78.123212,,"NH 19, Kuberpur",0101000020E6100000629E95B4E28753401B9B1DA9BE393B40
HP Auto Care Centre Firozabad (PETROL and CNG Station),27.1265723,78.4543504,,Dabrai,0101000020E61000002B3BB313149D53405A14D10A67203B40
Torrent Gas CNG Station,27.4359797,77.7008714,,"Indupuram Colony, Ronchi Bangar, Mathura, Mahaban Khadar",0101000020E6100000E96CB713DB6C53404B38995D9C6F3B40
Manglam Filling CNG Station,27.2144278,78.3861542,,"Jalesar Rd, Pachwan, Firozabad",0101000020E6100000A20D1BC0B69853406D5A84BDE4363B40
Bharat Petroleum CNG Station,27.1724155,78.4016596,,"5CC2+XM8, Dayal Nagar, Sukhmalpur Nizamabad, Firozabad",0101000020E6100000F78777CAB4995340D0D2156C232C3B40
CNG Station,27.2116195,77.9599998,,"Bajrang Nagar, Agra",0101000020E6100000A94A00A3707D534025B20FB22C363B40
Gail Gas cng station,27.2016167,78.3625274,,"6926+QMH, New Bypass Rd, Jarauli Kalan",0101000020E6100000DAB91FA633975340D3D3EC269D333B40
Vyam Petrol And CNG Pump,27.2175386,77.9459683,,"Near, Chennai - Delhi Hwy, Kailash Mode, Mahadev Pur, Sikandra, Agra",0101000020E610000060E39FBE8A7C53401D9E149CB0373B40
Green Gas Limited CNG Station,27.2016158,78.027767,,"Ground Floor, 21/263, Jeoni Mandi, Civil Lines, Agra",0101000020E61000001D3A3DEFC68153405C5BD3179D333B40
GAIL Gas CNG Station,27.3764828,77.6954442,,"9MGW+M69, Baburi Sharqi",0101000020E610000058CC6328826C5340AB81412D61603B40
"T. N. Gautam CNG Filling Station, Goverdhan Road, Satoha, Mathura",27.4982261,77.6226769,,"T. N. Gautam CNG Filling Station Satoha, Goverdhan Rd, Mathura",0101000020E6100000615E36F0D96753407D83E5BE8B7F3B40
"Metro Filling Station(CNG,Petrol Pump)",27.1176219,78.1273594,,"Fatehabad Road, Navameal, Nagla Garey, SH 62, Agra",0101000020E6100000A5750AA8268853401BCB05781C1E3B40
SHAGUN HP PETROL PUMP & CNG STATION,27.2320385,77.886432,,"Artauni, Agra",0101000020E61000002F88484DBB785340B4E908E0663B3B40
Green Gas Limited CNG Station,27.1270151,78.0054497,,"42G4+R54, Sewla Jat, Gopal Pura, Agra",0101000020E610000079D1B249598053402299C40F84203B40
"CNG Pump Dholpur (TORRENT GAS ,GURU FILLING STATION,DHOLPUR),DHOLPUR CNG PUMP",26.6940287,77.8698432,,"Khasra No. 166, Dholpur â€“ Karauli Road (N.H : 11 B, No. 184, Village, near KM Stone, Jhor",0101000020E61000007929D082AB77534043FC68DDABB13A40
CNG pump,27.461664,77.6726686,,"FM6F+M37, Thana highway, Chandrapuri Colony, Mathura, Tartura",0101000020E6100000F38299000D6B534094BDA59C2F763B40
HP PETROL PUMP - GANPATI CNG FILLING STATION,27.1597197,78.3958311,,"Jalesar Road, DIST:, Dakhal, Firozabad",0101000020E6100000574FF74B55995340E506E863E3283B40
Agra Cng,27.1541825,78.0531071,,"5333+M6H, Unnamed Road, Tajganj, Basai",0101000020E6100000DE6B521B66835340931D1B8178273B40
GAIL Gas CNG Station,27.1550554,78.4201134,,"Azad Nagaar, Firozabad, Didamai",0101000020E610000021675023E39A53407511F0B5B1273B40
HP PETROL and CNG PUMP - VIPNESH KUMAR AND COMPANY,27.4404046,78.4840124,,"Agra Rd, near Arihant Gate, Pratham Nagar, Awagarh",0101000020E6100000F136250FFA9E53400A021A5BBE703B40
HP PETROL PUMP and CNG STATION - SURESH FILLING STATION,27.2229818,77.8682869,,"Village - Lohkarera, Runkata Rd, Tehsil, Kiraoli",0101000020E6100000E5C23703927753406C9AD25515393B40
GAIL Gas CNG Station,27.1597241,78.3958021,,"595W+V8M, DIST:, Dakhal, Firozabad",0101000020E61000000ACC54D2549953400EE2B9ADE3283B40
Bharat Petrol CNG Pamp,27.4348263,77.7023831,,"CPM2+WXJ, Gokul Barrage Rd, Narsipuram Colony, Mahaban Khadar, Mathura",0101000020E6100000D7F03ED8F36C5340D1F0C1C6506F3B40
Bharat Petrol Pump and CNG,27.0823412,77.9890921,,Agra,0101000020E6100000D88EF3484D7F5340071D195014153B40
CNG pump torrent,27.4617533,77.672625,,"FM6F+M36, Bharatpur - Mathura Rd, Chandrapuri Colony, Mathura, Tartura",0101000020E6100000355EBA490C6B5340F151DA7635763B40
Bhagwati Filling Cng,27.1808701,78.3555146,,"59J4+86R, Alinagar Kenjra",0101000020E610000009104FC0C09653400253BC804D2E3B40
Dwarkadhish Filling Station (Bharat Petroleum) and CNG Station,27.0036496,77.84131,,"MDR 127W, Cheet",0101000020E61000000EF3E505D8755340BBA4202EEF003B40
ONLINE CNG FILLING STATION,26.6765458,77.8955478,,"Sagarpada, Dholpur",0101000020E61000004E40B8A750795340043F051B32AD3A40
Mishra CNG Filling Station,27.1912362,78.4112672,,"Kutukpur Chanaura,kotla road, Bypass Rd, near New, Firozabad",0101000020E6100000B87AA933529A5340B2CF08DBF4303B40
Gail CNG pump Online,27.1466221,78.466005,,"4FW8+R3, Sandalpur",0101000020E610000070B1A206D39D5340EF5EA40689253B40
BPCL complex/ Petrol & CNG Pump,27.3790817,77.6921438,,"NH 2, Baburi Sharqi",0101000020E6100000444882154C6C53401803907F0B613B40
CNG ROT,27.1540055,78.4181338,,"5C39+J72, Ramgarh Rd, Madina Colony, Firozabad, Didamai",0101000020E61000008B1645B4C29A534075E789E76C273B40
"V. K. Auto Gas, Sujangarh",27.7081125,74.4778906,,"PF5H+65R, Greater Duliya, Sujangarh",0101000020E6100000368474C2959E524088635DDC46B53B40
Ashish Filling Station-BPCL Petrol Pump &cng gas station,28.0881766,73.9989217,,"3XQX+GQ5, Shri dingargarh, Shri Dungargarh",0101000020E6100000F1304855EE7F5240C145DDBD92163C40
Salasar Auto Service CNG pump,27.721951,74.7200993,,"Ward Number 5, Salasar - Sikar Rd, Salasar",0101000020E6100000D7D75F1B16AE52408350DEC7D1B83B40
CNG PUMP,28.1354329,75.3835678,,"State Highway No. 41 Rd, near Bandhe Ka Balaji Temple, Churu Bypass Colony, Jhunjhunu",0101000020E61000001D33F55F8CD852406D4D04BBAB223C40
CNG PUMP Sheshma Indian Oil Filling Station,27.6374474,75.2118967,,"SH 37B, Hardayalpura",0101000020E610000057282DB78FCD524094EBB7C02FA33B40
"CNG , Saheed kharag singh petroleum dorasar",28.0521887,75.4810648,,"3F3J+282, Deorasar",0101000020E61000006FD003C4C9DE524083B8173D5C0D3C40
HP Suraj Shukhi Filling Station (cng),28.0538924,74.6293018,,Ratangarh,0101000020E610000017940E7B46A85240C1806FE4CB0D3C40
GLS Oxygen and gas welding,28.2875816,74.9635863,,"7XQ7+3FG, Churu - Taranagar Rd, Naya Bass, Churu",0101000020E6100000EA57DF65ABBD52406DEE9EF29E493C40
Adani CNG Station,27.8617872,76.1209427,,"Dattal, National Highway, 148B, Kotputli Rd, Nangal Chaudhary",0101000020E6100000284C7386BD075340851C00169EDC3B40
JAI AMBAY CNG STATION,28.0825635,76.1829278,,"Rewari - Narnaul Rd, Narnaul",0101000020E6100000DFA1CD16B50B5340E257ACE122153C40
CNG Pump Neemrana,27.9822403,76.4069102,,"Janaksinghpura, Neemrana",0101000020E61000002A5A14D10A1A53403050AD1974FB3B40
Nalwati Cng Station,27.928361,76.0248354,,"W2HF+8W, Ganwari Jat",0101000020E61000001EB237E796015340C1E10511A9ED3B40
HCG CNG Station,28.4595637,76.3345203,,"Chhuchakwas-Karoli Road, MDR 130, near KM Stone 22, Bahu, Matanhail",0101000020E61000004716D5C768155340C3ED75F7A5753C40
Adani Gas CNG Pump,28.1092991,75.9732845,,"4X5F+P87, Balaha Kalan",0101000020E61000000A4D124B4AFE524074FB9B06FB1B3C40
CNG Pump Narnaul,28.0640582,76.1401181,,"Rewari - Narnaul Rd, Narnaul, Subhash Nagar",0101000020E6100000F844E8B1F7085340670A421E66103C40
Indraprastha Gas Limited CNG Station,28.2048049,76.5750768,,"Rewari - Dahina - Kanina - Mahendargarh Rd, Khargwas, Ladhuwas Ahir",0101000020E61000000E2CEC0ECE245340808F0B186E343C40
Indraprastha Gas Limited (IGL CNG Station),28.0481816,76.5214075,,"2GXC+7HF, Boder, near Shajapur, Anandpur, Chanduwas",0101000020E6100000E71890BD5E215340DA441CA1550C3C40
Indraprastha Gas Limited CNG Station,28.1946497,76.594856,,"Saini Mohalla, Kanmajra, Rewari",0101000020E61000001475E61E122653401CAD0F90D4313C40
Adani cng Nikunj cng filling station,28.328277,76.1315124,,"Dadri Road, Pali",0101000020E61000002F41FCB26A0853406C0723F609543C40
SEERAT ADANI CNG PUMP,28.085057,76.189683,,"35PQ+2VF, Bachhod, Mirzapur",0101000020E6100000DC662AC4230C5340BE4BA94BC6153C40
Torrent Gas CNG Station,27.7658866,76.2247981,,"Q68F+FX, Sangtera",0101000020E6100000FDEC9117630E5340D471EB2411C43B40
Adani cng pump,28.0360812,76.0900704,,"Guru Nanakpura, Narnaul",0101000020E61000009C95A3B6C30553401D00169E3C093C40
CNG Pump,28.0781462,76.567395,,"3HH8+7X2, near Bawal, Bawal, Harchandpur",0101000020E61000007E3A1E3350245340824EAD6301143C40
M/s Saurav Sahni IGL CNG STATION,28.0458855,76.5193543,,Jaisinghpur Khera,0101000020E61000005E62D1193D21534051DCF126BF0B3C40
HP Petrol and CNG Pump,28.368894,75.9665658,,"Mahendergarh- Satnali - Loharu Rd, Satnali",0101000020E6100000A71BCD36DCFD5240CDB051D66F5E3C40
HP PETROL AND CNG PUMP - MANGALDEEP FILLING STATION,28.3236251,76.2722357,,"HPC Petrol Pump Vill. Chelawas Kanina, M, garh Road, Kanina",0101000020E61000006F13494F6C1153402CAA3418D9523C40
Om Cng Filling Station,28.0481764,76.5213733,,"2GXC+7GH, Service Ln, Chanduwas",0101000020E61000007C201E2E5E2153406370DE49550C3C40
Bharat CNG pump shahjhapur Rajasthan,28.0378753,76.5055922,,"2GQ3+2WX, Jaisinghpur Khera",0101000020E61000003607639F5B20534081D31632B2093C40
Adani CNG gas petrol pump,28.1221839,76.2959916,,"47CW+VCP, Kisan Nagar, Ateli, Hasanpur",0101000020E61000000179C086F11253400599AE71471F3C40
CNG pump adani group,28.1126127,75.9697821,,"4X79+2WV, Goad",0101000020E6100000C2EFF0E810FE5240409D972FD41C3C40
Adani cng pump,28.123058,76.300094,,"48F2+62H, SH 26, Hasanpur",0101000020E610000074EE76BD34135340DC82A5BA801F3C40
Last CNG pump before rajasthan,28.0360229,76.5049689,,"NH-8, Delhi - Jaipur Expy, Jaisinghpur Khera",0101000020E6100000D0BF1369512053403668F9CB38093C40
HP PETROL & CNG PUMP - SHD. SB. HOSHIYAR SINGH F STN,28.2048417,76.5750794,,"Vill Kanmajra Mahendergarh Road, Gurgaon",0101000020E61000009DE6D319CE245340675B728170343C40
VISHVENDRA HP PETROL & CNG PUMP,28.4594233,76.3345633,,"HP PETROL & CNG PUMP, Bahu",0101000020E610000047FC2F7C691553403985F0C39C753C40
CNG,27.9283871,76.0248519,,Ganwari Jat,0101000020E6100000956F6C2C970153403D87E8C6AAED3B40
RITESH CNG,28.338707,76.316028,,Kanina,0101000020E6100000B32781CD3914534020ED7F80B5563C40
Cng punm narnaul,28.0941895,76.1080894,,"34V5+M6G, SH 17",0101000020E6100000D582CDEFEA065340682096CD1C183C40
CNG petrollium,28.217365,76.135709,,"648M+VQ, Janjriyawas",0101000020E61000007731CD74AF085340884B8E3BA5373C40
"Bharat Petroleum, Petrol & CNG Pump -Bawal Auto Fuels",28.0761859,76.5849423,,"VILL.BAWAL,DIST.REWARI, Rewari",0101000020E61000000223D4B16F25534094EA4CEB80133C40
Haryana City Gas CNG Station,28.4175917,77.0422036,,"SF-06 State Highway 13 Sector 49, Park Hospital Rd, Block S, Sispal Vihar, Gurugram",0101000020E61000008071BA76B3425340BF94264AE76A3C40
Indraprastha Gas Limited CNG Station,28.3936753,76.9806057,,"Gurgaon - Delhi Expy, Gurugram",0101000020E61000005BF1683EC23E534035BE8AE7C7643C40
Indraprastha Gas Limited CNG Station,28.5029289,77.2808227,,"Mehrauli - Badarpur Rd, Lal Kuan, New Delhi",0101000020E61000005D1EC6FFF851534098B6C9F2BF803C40
Adani Gas CNG Station,28.065713,77.0118551,,"3286+7PQ, Marora",0101000020E61000009DB2E43BC24053400BEC3191D2103C40
The City Greens CNG Station,28.406259,77.0432205,,"NH - 248 A, Main Sohna Gurugram Road",0101000020E61000001381EA1FC4425340A6B4FE9600683C40
Indraprastha Gas Limited CNG Station,28.4996153,77.4121016,,"Near Advant Building, Sector 142, Noida",0101000020E610000046A863DF5F5A5340CB14CEC9E67F3C40
indraprastha gas limited cng station,28.3864511,76.9869531,,"9XPP+MH, Sector 77, Gurugram",0101000020E6100000E4CB553D2A3F5340D3009475EE623C40
Indraprastha Gas Limited CNG Station,28.3974467,76.9842507,,"BEFORE Kherkidaula toll plaza 42 Milestone Delhi - Jaipur Expressway, NH-8, Kherki Daula, Gurugram",0101000020E61000002BE4A5F6FD3E534033672211BF653C40
Adani Gas CNG Station,28.3729399,77.3138804,,"20, NH-19, Sector 11, Pocket A, Sector 11, Faridabad",0101000020E6100000BF36D19D165453409EDF41FD785F3C40
Adani Gas CNG Station,28.2790886,77.2892842,,Sikri,0101000020E6100000F88FE0A183525340BAAFB95972473C40
HCG CNG Station,28.3427026,76.9377273,,"Swagat COCO, Manesar, IOCL, Gurugram",0101000020E610000040845DB9033C534011418B5BBB573C40
CNG pump sector 84,28.4011492,76.9614242,,"2, Sector 84, Gurugram",0101000020E61000004F255EF9873D53400AD1C6B6B1663C40
Adani Gas CNG Station,28.3864731,77.3126078,,"98P7+J29, Krishna Nagar, New Industrial Township, Faridabad",0101000020E61000005E5E25C401545340A348ADE6EF623C40
Indraprastha Gas Limited CNG Station,28.4995519,77.2894564,,"Block B, 57, Suraj Kund Badkhal Rd, Block B, Vishwakarma Colony, Pul Pehladpur, New Delhi",0101000020E61000008CE7227486525340982721A2E27F3C40
Haryana City Gas CNG Station,28.4580185,77.0471338,,"Delhi - Jaipur Expy, Sector 15 Part 2, Sector 15, Gurugram",0101000020E610000051627C3D0443534086764EB340753C40
Haryana City Gas CNG Station,28.4497788,76.9969053,,"near Umang Bhardwaj Chowk, Kadipur Village, Sector 10, Gurugram",0101000020E6100000612DE34BCD3F5340236F14B424733C40
SARFRAZ KHAN CNG PUMP,28.4027983,77.275225,,"MDR137, Badkhal Enclave, Badkhal Village, Faridabad",0101000020E6100000AA8251499D515340686215CA1D673C40
Indraprastha Gas Limited CNG Station,28.3104403,77.0664141,,"8368+5HF, Badshahpur Sohna Rd Hwy, Alipur",0101000020E610000092DFEC204044534045DCF703794F3C40
SURYA PUTHRA PETRO STATION,12.944137,77.529144,8028601770,INDIAN OIL DEALERS SY No 16 PANTHARPALYA RING ROAD KENGERI HOBLI BANGALORE 39,0101000020E6100000FAB7CB7EDD61534019E3C3EC65E32940
ABHIMAANI FUEL STATION,13.023345,77.51020333,9880601023,PLOT No. 460B IVTH PHASE PEENYA INDL. AREA NALAKADARANAHALLI VILLAGE,0101000020E6100000422ADE2BA7605340DD0C37E0F30B2A40
SRI VEERABHADRASWAMY PETROLEUM,12.581781,77.431064,9980774326,AGRAHARA VILLAGE CHATRA NH-209 KANAKAPURA RD RAMNAGARAM DIST. RAMANAGARAM DISTRICT,0101000020E6100000E99E758D965B53404CDE0033DF292940
NISARGA SERVICE STATION,14.34139861,74.88517194,9481869832,IOC DEALERS SY NO116 1 YLHALLI TAVAREKERE PO NANDHAGUDI HOBLI hobli,0101000020E6100000C36835A8A6B8524021B371CCCBAE2C40
SRI LAKSHMIVENKATESHWARA FUELS,13.04158,77.761002,9845625936,INDIANOIL DEALERS GORAVIGERE GATE BANGALORE RURAL DISTRICT,0101000020E6100000338CBB41B4705340DA5548F949152A40
FUEL ZONE,13.14052,77.61795528,9845356717,SY NO.7/1 HUNSAMARANEHALLI VILLAGE JALA HOBLI,0101000020E6100000657F4D948C6753402BDEC83CF2472A40
DVR AND SONS,12.9045,77.74655,9611999975,IOC PETROL PUMP SY NO 73 4 VARTHUR SARJAPUR ROAD VILL. HEGGONDANAHALLI,0101000020E61000000BB5A679C76F5340C976BE9F1ACF2940
SAINATH SERVICE STATION,17.33915,78.5678,9392695999,IOC DEALERS PLOT NO. 2 & 3 NH 9 VANASTHALIPURAM TELANGANA,0101000020E6100000CEAACFD556A453403B70CE88D2563140
SRI SAINARSIMHA FUELS,17.3259,78.4773,9849553344,INDIAN OIL DEALERS SRISAILAM ROAD HYDERABAD TELANGANA,0101000020E61000005F984C158C9E534033C4B12E6E533140
NACHARAM FILLING STATION,17.440968,78.565083,9000725580,SY. NO.51 NACHARAM IDA NACHARAM RANGA REDDY DIST. TELANGANA,0101000020E6100000A321E3512AA4534021956247E3703140
EXPRESS WAY FUEL STATION,17.597209,78.056173,8688001833,INDIAN OIL DEALER SY NO. 210(PART)MALKAPUR(V) TELANGANA,0101000020E6100000C47AA356988353407AE063B0E2983140
SUPERINTENDENT DIST JAILSANGAREDDY,17.552233,78.117443,9494632158,INDIAN OIL DEALER KASIPUR (V) SY NO.114/14DIST JAIL KASIPUR KANDI MANDALSANGA REDDY DIST.,0101000020E61000003909A52F84875340A0C552245F8D3140
BAGGA HIGHWAY SERVICES,23.1768,72.5738,9979151107,ADALAJ AHMEDABAD SH 41 AT ADALAJ DIST. GANDHINAGAR,0101000020E6100000789CA223B9245240CCEEC9C3422D3740
GUJARAT STATE CIVIL SUPPLIES(GSCS),23.2331,72.6695,6359945727,KALPATARU FILLING STATION SECTOR 21 GANDHINAGAR 382021 DIST. GANDHINAGAR,0101000020E6100000022B8716D92A524096B20C71AC3B3740
ISHWAR PETROLEUM,23.0293,72.475,9824049620,BLOCK NO.303 AMLI-BOPAL ROAD AHMEDABAD.,0101000020E610000066666666661E5240D6C56D3480073740
JAYVIR CIVIL PETROL PUMP,23.0489,72.6048,9747640999,INDIAN OIL DEALER 39 KM OPP.NEW CIVIL HOSPITAL AHMEDA DIST.AHMEDABAD. TEL:375078,0101000020E6100000BB270F0BB52652403FC6DCB5840C3740
MANSA PETROLEUM SALES & SERVIC,23.4246,72.6494,9925226588,INDIAN OIL DEALER OPP. MANSA MARKETING YARD DIST. GANDHINAGAR,0101000020E61000006F8104C58F295240B1E1E995B26C3740
MANIAR AUTO CENTRE,22.981,72.5856,9824265935,INDIAN OIL DEALER AHMEDABAD-BOMBAY NH8 DHANILIM AHMEDABAD DIST.AHMEDABAD.,0101000020E610000068226C787A2552404260E5D022FB3640
PRINCE GASOLINE,23.167,72.6371,9925126548,AIRPORT ROAD KUDASAN GANDHINAGAR,0101000020E61000000612143FC6285240986E1283C02A3740
SIDDHACHAKRA PETROLEUM,23.1618,72.5881,9429128489,INDIAN OIL DEALER ADALAJ - AHMEDABAD SH 41 GANDHINAGAR,0101000020E6100000C4B12E6EA3255240287E8CB96B293740
SHARDA PETROLEUM SERVICE,23.1141,72.5838,9824387777,INDIAN OIL DEALER CHANDKHEDA DIST.AHMEDABAD PIN 382 424 TEL: 2329137723296777 23298877,0101000020E6100000E8D9ACFA5C2552403E7958A8351D3740
VISAT AUTOMOBILES MOTERA,23.0973,72.5891,9825036651,INDIAN OIL DEALER MOTERA DISTT. AHMEDABAD,0101000020E6100000B6847CD0B32552409BE61DA7E8183740
AMBICA SERVICE STATION,22.7156,72.4648,9726635999,IOC DEALER DHOLKA KHEDA ROAD DIST. AHMEDABAD (185),0101000020E610000092CB7F48BF1D52408104C58F31B73640
SUN PETROGAS,23.0305,72.6142,8128177516,SARASPUR AHMEDABAD AHMEDABAD,0101000020E6100000014D840D4F2752402B8716D9CE073740
RUPAM PETROLEUM,23.0397,72.5956,9327008803,"""OPP.DARIAPUR GATENR IDGAH CHO"" "" DARIAPUR AHMEDABAD""",0101000020E6100000D95F764F1E265240B5A679C7290A3740
BHAKTI PETROLEUM,23.0251,72.6763,9825069252,E-358/359 GVMMLIMITED ODHAV ROAD NH 59 ODHAV AHMEDABAD,0101000020E61000003A92CB7F482B52402D211FF46C063740
KALASHREE AUTOMOBILES,22.8672,72.4577,9979096655,S.NO. 493 VILLAGE BHATH TALUKA DASCROI DISTRICT AHMEDABAD,0101000020E610000045D8F0F44A1D52405917B7D100DE3640
PUNJAB SERVICE STATION,23.0462,72.6017,9726933777,IBP DEALERBALIA LIMDI NEW CIVIL ROAD DIST:AHMEDABAD,0101000020E61000003480B74082265240401361C3D30B3740
SACHA SAUDA SERVICE STN PVT.LTD,23.022,72.6506,9898010062,PLOT NO 467 GIDC ESTATE ODHAV ROAD AHMEDABAD,0101000020E6100000C4B12E6EA32952401283C0CAA1053740
UNIQUE RETREADS PVT. LIMITED,22.9746,72.639,9870389494,PLOT NO. 635/B GIDC PHASE 4 VATVA AHMEDABAD,0101000020E610000037894160E52852407DAEB6627FF93640
ACCURATE FILLING STATION,23.1251,72.5828,9879526230,SURVEY NO.202/1&23 PARTY CHANDKHEDA S H NO 41 TAL DIST GANDHINAGAR,0101000020E6100000F7065F984C255240C7BAB88D06203740
Haryana City Gas CNG Station,28.4504697,77.0397927,,"Delhi - Jaipur Expy, Sector 15 Part 1, Patel Nagar, Gurugram",0101000020E6100000A747AEF68B425340C45675FB51733C40
"GAIL Gas CNG Station, Kosi, Mathura",27.8328007,77.4170967,,"RCM8+4RH, Mathura",0101000020E610000040715BB6B15A5340FE953A6D32D53B40
SHREE LAXMINARAYAN AUTOMOBILES,22.938,72.4558,9979864104,SARKHEJ-BAVLA ROAD NH 8A CHANGODAR DISTT. AHMEDABAD,0101000020E61000001361C3D32B1D5240E3A59BC420F03640
SHRI SAHAJANAND PETROLEUM,23.3497,72.6435,9859881281,IBP DEALER MANSA GANDHINAGAR ROAD SH 71 DIST.GANDHI NAGARBALWA,0101000020E610000077BE9F1A2F29524044696FF085593740
ASHIRWAD ENTERPRISE,22.8031,73.0502,9879516635,INDIAN OIL PUMP AT&POST. ALINA TAL. MAHUDHA DIST. KHEDA DIST. KHEDA,0101000020E610000097900F7A36435240E86A2BF697CD3640
RATHWA PETROLEUM,23.0785,72.6886,9898257332,SURVEY No. 31 VILLAGE : BILASIYA TALUKA : DASCROI,0101000020E6100000A301BC05122C52406ABC749318143740
RAJ PETROLEUM SERVICES,23.4394,72.3944,9824063527,STATE HIGHWAY NR. NIRMA FACTORY AT & POST : MANDALI DIST. MEHSANA,0101000020E6100000B7627FD93D195240C6DCB5847C703740
KAMESHWAR PETROLEUM,23.0575,72.5563,9998844823,NR. KAMESHWAR TEMPLE ANKUR CHAR RASTA AHMEDABAD -,0101000020E6100000F2B0506B9A2352401F85EB51B80E3740
DEV PETROLEUM,22.3,73.4006,9825122539,NEAR BOPAL JUNCTION S. P. RING ROAD AMBLI AHMEDABAD,0101000020E6100000C4B12E6EA3595240CDCCCCCCCC4C3640
ASHATVINAYAK PETROLEUM,22.9104,72.7054,8735007474,VILL. HIRAPUR TAL. DASCROI HIRAPUR TO HATHIJAN CIRCLE Ahmedabad,0101000020E61000004CA60A46252D5240454772F90FE93640
KRUSHN PETROLEUM,22.8894,72.9908,9879232793,SURVEY NO. 832+836 PAIKI MOUJE & TAL. KATHLAL Dist. Kheda,0101000020E61000001D386744693F5240F90FE9B7AFE33640
CHENPUR PETROLEUM,23.0962,72.5601,9824631680,GST-CHENPUR ROAD AT. CHENPUR NEW RANIP AHMEDABAD,0101000020E6100000569FABADD82352400DE02D90A0183740
AADIT PETROLEUM,23.0475,72.5551,9978788808,NEAR DARPAN SIX CROSS RAOD NARANPURA AHMEDABAD CITY,0101000020E61000009D8026C2862352405C8FC2F5280C3740
VIDITA PETROLEUM,23.0083,72.6149,9909708809,OPP. ASHIMA MILLS BEHIND ANUPAM CINEMA KHOKHRA AHMEDABAD,0101000020E6100000DE9387855A2752408A8EE4F21F023740
DEV GANESH PETROLEUM,23.1615,72.6974,9824098339,SURVEY NO. 2 SHRAM MARG VILLAGE : PHIROZPUR GIFT CITY GANDHINAGAR,0101000020E6100000BF0E9C33A22C5240D34D621058293740
GUJARAT AUTO SHAHWADI,22.9744,72.5624,7925714692,INDIAN OIL DEALER OPP.PIRANA OCTROI NAKA SHAHWADI AHMEDABAD.,0101000020E61000004ED1915CFE235240EF38454772F93640
AKMDS FILLING STATION,26.62113,81.004762,9415022719,VILLAGE KANKAHA MOHANLAL GANJ RAEBAREILLY ROAD DISTT. LUCKNOW,0101000020E6100000DE9046054E40544082902C60029F3A40
211785 SULUR LORRY URIMAIYALARGAL S,11.027596,77.137525,9865233636,SANGAM IOC DLR KANGEYAMPALAYAM SF NO 504/2B1 TRICHY RD CBE 641402 TIN 33396241730 KANGAYMPALAM,0101000020E61000007958A835CD48534037001B10210E2640
24 HOUR FILLING STATION,28.430176,77.036119,7506448629,BETWEEN RAJIV CHOWK & SADAR THANA CHOWK ON SOHNA ROAD Islampur Distt Gurgaon,0101000020E6100000E9F010C64F4253402B86AB03206E3C40
3-STAR FUEL STATION,19.066569,72.866872,9820465458,"3-STAR FUEL STATION ""PLOT NO C-50 G BLOCK BANDRA-"" ""COMPLEXBANDRA EAST MUMBAI""",0101000020E61000005C74B2D47A3752406CED7DAA0A113340
A N G AGENCY,10.958024,76.977917,0422-2672246,NEW SURVEY NO233A/1A2PODHANUR ROAD SUNDARAPURAM SENKOTTAIAN COLONY KURUCHI VILLAGE COIMBATORE,0101000020E6100000F54C2F31963E5340F390291F82EA2540
A.V.RANGASAMY & CO,11.7694,79.6893,9443231513,LK NO 05468 NELLIKUPPAM MAIN ROAD KARAMANIKUPPAM CUDDALORE DIST,0101000020E61000008048BF7D1DEC5340B515FBCBEE892740
AAGMAN FUELS & SERVICES,25.34913446,86.51095381,7870627977,INDIAN OIL RETAIL OUTLET TELIA TALAB DIST MUNGER,0101000020E6100000DDED9B77B3A055404B9B3FE060593940
AARTHI AGENCIES,11.575289,78.040566,9487545968,INDIAN OIL DEALER SF.NO.9/3A1 KADATHUR AGRAHARAM VILLAGE,0101000020E610000017D522A298825340417FA1478C262740
AASHTHA HIGHWAY FUEL CENTER,24.845,77.4516,7869287877,VILLAGE MYANA TEHSIL GUNA NH-3,0101000020E6100000E9B7AF03E75C5340B81E85EB51D83840
AASTHA ENERGY,21.1133,73.4049,9825077737,BLOCK NO. 20/1/2VILL: KANPURA VYARA TAL: VYARA DIST: TAPI,0101000020E6100000A089B0E1E959524005A3923A011D3540
ABADH OIL CORPORATION,25.97707,85.797264,9431415183,INDIAN OIL RETAIL OUTLET KALYANPUR SAMASTIPUR,0101000020E6100000CD91955F0673554019E76F4221FA3940
ABC INDIA LTD,18.71864,73.669727,8805980037,TALEGAON(DABHADE)PUNE MUMBAI ROAD TALUKA MAWAL DIST PUNE,0101000020E6100000E28FA2CEDC6A5240F29881CAF8B73240
GAYATRI AGENCIES,17.393765,82.664275,9866176119,NH-5 NAKKAPALLI MANDAL-LOCK NO.T1 VEMPADU VISAKHA DIST ANDHRA PRADESH,0101000020E61000003A234A7B83AA5440374F75C8CD643140
ABIGA PETRO FILLS,11.314214,77.00419,9994395953,S.F.NO.754/C BALLEPALAYAM VIL METTUPALAYAM TK METTUPALAYAM,0101000020E6100000183E22A64440534004E44BA8E0A02640
ADHITHI AGENCIES,10.858316,76.958902,9791903388,INDIAN OIL RETAIL OUTLET NACHIPALAYAM VILLAGE MADUKARAI TALUK,0101000020E61000006A847EA65E3D53405F44DB3175B72540
ADITYA FUELS,23.47613714,86.20166159,8986820119,DEALER INDIAN OIL CORPORATION LTD MOUZA: CHARGOI THANA NO: 145 PS: Pindrajora PO:Sardah,0101000020E6100000337A0306E88C554002B6A41FE4793740
ADITYA TRADERS IOC DEALERS NH-7,11.628011,78.136253,9443348029,PROPX:U.KANAGAVALLI SFNO.44/4A AMANIKONDALAMPATTI BYPASS ROAD SALEM,0101000020E6100000D7BE805EB8885340780E65A88A412740
AJAY SERVICE STATION,28.67678333,77.32173333,9810300247,SHAHDARA NEW SHAHDARA BORDER G.T. ROAD SHAHDARA DELHI-32,0101000020E61000008698644797545340F6D31CAC41AD3C40
AJIT MOTORS,28.59705,77.1356,9837015258,GOPINATH BAZAR DELHI CANTT. NEW DELHI,0101000020E61000009B559FABAD485340A913D044D8983C40
AKAASH AUTO CENTRE,28.640207,77.285149,9910783500,INDIAN OIL PUMP LAXMI NAGAR NEW DELHI,0101000020E61000002D5F97E13F52534097AB1F9BE4A33C40
AKM AGENCY (KANGALANCHERY),10.800643,79.638864,9363399944,KEEZHAKAVALAGUDIKANGALANCHERY TIRUVARUR DISTRICT MYLADUTHURAI ROAD LHS,0101000020E6100000DFA5D425E3E85340EC8A19E1ED992540
ALAPUR PETROLEUM,26.178867,78.214052,9826314555,KHASRA NO. 95 VILL ALAPUR Tehsil Gwalior Distt Gwalior,0101000020E61000002DE92807B38D534069554B3ACA2D3A40
ALFA PETROLEUM,22.2776,73.1614,9824147796,IOC DEALER R.S. No: 632 Near Kalali Phatak Atladra,0101000020E6100000C364AA60544A52409E5E29CB10473640
ALLIED INDUS. AG.A-SITE,22.4255,71.0853,9627401197,NH 8A BHALGAM Indian Oil Dealer District Rajkot,0101000020E61000005396218E75C55140B0726891ED6C3640
AMAR SHAHID SUDISH FILLING STATION,28.820292,77.101286,9.1972E+11,NEAR FIRE STATION NARELA-ALIPUR ROAD DELHI,0101000020E6100000BB6246787B465340A12B11A8FED13C40
AMARDEEP(*),26.172401,85.338195,9525308625,NH 28 MOTIHARI RDPAHARPUR MUZAFF BIHAR MUZAFFarpur,0101000020E6100000ED2AA4FCA455554036CCD078222C3A40
AMARNATH FILLING STATION,29.617342,76.932767,9813011845,KHEMASULI MEDINIPUR(W) WEST BENGAL,0101000020E61000006FF25B74B23B53407E7214200A9E3D40
AMBEJOGAI PETROLEUM,18.71898,76.370085,9892411943,INDIAN OIL DEALER GUT NO. 552 & 552/5 TAL: AMBEJOGAI DIST. BEED,0101000020E61000005FEFFE78AF175340637AC2120FB83240
AMBICA FILLING STATION,22.2912,73.2105,8690902525,"""PRATAPNAGAR NR GEETA MANDIR"" ""WADI BARODA CITY"" Vadodara City",0101000020E6100000B6F3FDD4784D52405F984C158C4A3640
AMBIKA AUTOMOBILES (LOCK NO.13013),19.295024,72.906226,9702905404,G.N.MOTEL COMPLEX N H 8 NEAR GODHBUNDER BRIDGE VASAI DIST PALGHAR.,0101000020E61000003C32569BFF395240FD885FB1864B3340
AMISH ENTERPRISES,28.756114,77.147799,9811159609,LIBASPUR KHASRA NO.21-25 G.T. KARNAL ROAD LIBASPUR DELHI-42,0101000020E61000006BD8EF8975495340390CE6AF90C13C40
AMRITA FUELS,10.050234,76.294605,4842430969,INDIAN OIL DEALER CHERANALOOR ERNAKULAM DISTRICT,0101000020E61000003D0FEECEDA125340664B5645B8192440
ANAND FUEL CENTRE,28.638787,77.458025,9810866632,B-34/1 SITE-1 INDUSTRIAL AREA,0101000020E610000007F01648505D5340261C7A8B87A33C40
ANAND PETROLEUM,21.5816,70.0375,9731190977,INDIAN OIL DEALER SURVEY NO.119/A+119/B Vill: Utran Dist: Surat,0101000020E61000006666666666825140865AD3BCE3943540
ANIL AUTOMOBILES,27.575377,77.842624,7351951000,SHIVLI RAYA; DISTT. Mathura UP,0101000020E6100000C8B4368DED755340DFDE35E84B933B40
SRI SATYAMAMBA FILLING STATION,17.681131,82.982275,9394431313,INDIAN OIL DEALERS -LOCK NO.T1 21 ANAKAPALLI ANDHRA PRADESH,0101000020E61000006B2BF697DDBE5440B24AE9995EAE3140
ANKIT FILLING STATION,29.389542,76.945674,9992500007,ASSANDH POLICE NAKA JATTAL BYPASS OLD DELHI BRANCH,0101000020E61000005CAB3DEC853C53401E6B4606B9633D40
ANKIT PETROLEUM,20.7811,73.0849,9925140316,SURVEY NO. 16451646 & 1647 VILL: ALIPORE ON SH-15 Dist: Navsari Tal: Chikhli,0101000020E61000008CDB68006F455240D5E76A2BF6C73440
ANKUR FILLING STATION.,26.664654,80.807365,9045714710,BANTHARA DISTRICT : LUCKNOW,0101000020E6100000D8BB3FDEAB335440D427B9C326AA3A40
ANNAI PETRO TRADERS IOC DEALE,11.659301,78.156937,9442227843,TSNO. 9 WARD - B BLOCK 18 BRETTSROADSALEM TOWN,0101000020E610000012A27C410B8A5340B07092E68F512740
ANJANEYA AGENCY,15.489176,80.048139,6303445044,BESIDE RIMS HOSPITAL 37-1-410/A RAM NAGAR 3RD LANE TRUNK ROAD ONG PRAKASAM DISTRICT,0101000020E610000061AA99B514035440E8F9D34675FA2E40
ANURAG ENTERPRISES,13.05262889,74.79674556,9343274793,INDIANOIL DEALER HALEYANGADI MANGALORE TALUK DAKSHINA KANNADA DISTRICT,0101000020E6100000BADB16E1FDB25240E3BF822CF21A2A40
ANURAG PETROLEUM,28.717334,77.462471,9810318665,DHARGAL BETWEEN KM STONE 20-24 GHAZIABAD,0101000020E61000004C16F71F995D5340124F7633A3B73C40
ANUSHREE PETROLEUMS,15.814641,74.491113,9008962621,UDYAMBAG INDIANOIL DEALERS KHANAPUR ROAD NH4A,0101000020E6100000FD6838656E9F524023F609A018A12F40
ARIHANT PETROLEUM,18.815686,75.15654,9423471495,INDIANOIL DEALERS MAIN ROAD ASHTITALUKA ASHTI DISTRICT BEED,0101000020E6100000042159C004CA524018CE35CCD0D03240
ARIHANT SERVICE CENTRE,28.683255,77.509706,9313116481,DASNA NH-24 ADHYATMIK NAGAR GHAZIABAD,0101000020E6100000CC24EA059F60534017D4B7CCE9AE3C40
ARUNA AGENCIES,16.177892,80.33029,9.19014E+11,PRATHIPADU V &M lock T1-313/4 DNO:116 ANDHRA PRADESH,0101000020E6100000890CAB7823155440543882548A2D3040
ASHISH FUEL & LUBE,25.82654,86.848183,9431440375,JIRWA(PASTPAR) NH 106 MADHEPURA-GWALPARA ROAD DIST.SAHARSA,0101000020E61000007C8159A148B65540FAD51C2098D33940
ASHOKA GAYATRI FUEL STATION,26.11725,85.256417,9999026955,MAUZA - MARWAN BHOJ PS - KARJA Dist. Muzaffarpur,0101000020E6100000DC48D92269505540BC749318041E3A40
ASHUTOSH PETROLEUM,26.038172,85.345749,9801169228,PO+PS. TURKI NH-77 MUZAFFARPUR BIHAR DIST MUZAFFARPUR,0101000020E6100000FBE769C020565540779FE3A3C5093A40
ASHWINI PETROLEUM A-SITE,21.7425,72.0693,8128921919,SH 25 Village VARTEJ Indian Oil Dealer VARTEJ District Bhavnagar,0101000020E6100000386744696F045240AE47E17A14BE3540
ASR HI-TECH FUEL,11.462413,77.847681,9842714447,INDIAN OIL DEALER SF.NO.13/2B3 SANKARI TALUK,0101000020E6100000321CCF6740765340917D9065C1EC2640
ASSOCIATED TRADING CO,28.652585,77.155946,9999999090,PATEL NAGAR OPP.SHADIPUR DEPOT NEW DELHI NEW DELHI,0101000020E61000004A7CEE04FB49534033DC80CF0FA73C40
AUTO CARE CENTRE,25.606622,85.070943,9334596414,RUKANPURA (BAILEY ROAD) PATNA-14 PATNA BIHAR,0101000020E6100000543882548A445540BC0853944B9B3940
AUTO YARD,28.53755,77.28466667,9811043394,8/1 MILE STONE ( LOCK 91) MATHURA ROAD DELHI,0101000020E6100000517A8DFA37525340FDF675E09C893C40
AUTOFUEL,28.68852,77.112965,9811156457,ROAD NO.43 GURU HARKISHAN MARG NEAR SARASWATI VIHAR TELEPHONE EXCH PITAMPURA DELHI-34,0101000020E6100000EE258DD13A47534055A4C2D842B03C40
AZHAN FILLING STATION,29.043419,78.827934,9917342410,INDIAN OIL RETAIL OUTLET VILL: JALALPUR KHALSA TEHSIL: THAKURDWARA,0101000020E6100000C64FE3DEFCB453406806F1811D0B3D40
BABA PETROLEUM,25.7182253,85.1382923,6205274871,BAKARPUR (SONEPUR) DIST.SARAN Saran,0101000020E61000007972F2C7D9485540E8A8FE9CDDB73940
BABA SAI FUEL STATION,20.232296,85.742218,9439978950,AT- TAMANDO DIST- KHURDA STATE- ODISHA,0101000020E61000002920ED7F806F5540DBFD2AC0773B3440
BADUS PETRO,28.54315,77.066567,9312272457,VILLAGE BHARTHAL F-28 PUSHPANJALI DWARKA LINK ROAD NEW DELHI.,0101000020E61000008BFF3BA24244534089D2DEE00B8B3C40
BALU MANIYAKAR FUELS,10.989196,76.999901,9.19932E+11,627/2A UPPILIPALAYAM VILLAGE NANJUNDAPURAM ROAD CBE SOUTH TK,0101000020E6100000368FC360FE3F534004ABEAE577FA2540
BANSAL SERVICE STATION,27.1962667,77.523425,9414225743,JATOLI GHANA VILLAGE JATOLI GHANA DISTT. BHARATPUR RAJASTHAN,0101000020E61000002A3A92CB7F61534039CBD1883E323B40
BEE GEE MOTORS,28.836615,77.097169,9818443807,DSIDC Complex NARELADELHI-40 TEL.5693307 DELHI,0101000020E6100000D74B530438465340D15790662CD63C40
BEENA AUTOMOBILES,25.4524911,81.8409187,9415216823,ELGIN ROAD CIVIL LINESELGIN ROAD ALLAHABAD,0101000020E610000012C6AA9CD1755440273BEC74D6733940
BETTEGOWDA SERVICE STATION,13.2152,77.553,6363383591,INDIAN OIL DEALERS SY.NO.91KADATHANAMALE VILLAGE HESSARGHATTA HOBLI BANGALORE,0101000020E610000008AC1C5A64635340CA32C4B12E6E2A40
BHACKYA SINGAR PETROLEUMS,8.270859,77.283304,9486011844,SY.NO.551/3 KALLUVILAI MULAGUMOODU KANNIYAKUMARI DIST.,0101000020E6100000DDB419A7215253408FA7E507AE8A2040
BHADAURIA FILLING STATION,24.4634,77.1698,9811943670,(EARLIER MUNDI ENTERPRISES) A B ROAD KHERIA DISTT. GUNA LOCK NO. 1173/219,0101000020E610000017B7D100DE4A534066F7E461A1763840
BHAGWAN FILLING STATION,27.231339,78.167616,9219610576,NH-2 AGRA FIROZABAD ROAD ETMADPUR AGRA AGRA,0101000020E610000053927538BA8A5340124A5F08393B3B40
BHAGWATI FILLING STATION,27.183497,77.988943,9412255100,GAJANAN NAGAR LOHAMANDI AGRA SHAHGANJ LOHAMANDI ROAD,0101000020E6100000ECA694D74A7F534003EACDA8F92E3B40
BHARAT SERVICE STATION,28.854299,77.124594,9312832339,SINGHU BORDER G.T. KARNAL ROAD DELHI-110040 DELHI,0101000020E6100000C8D11C59F94753406901DA56B3DA3C40
BHARAT TRADERS JHANSI,25.450516,78.599828,9415030048,KANPUR ROAD JHANSI DISTT. JHANSI LOCK NO 12018,0101000020E610000068CEFA9463A6534022533E0455733940
BHASKARA AGENCIES,16.997034,81.800637,9848228320,INDIAN OIL DEALERSMORAMPUDI lock no.22012/ 544 & 11027 / 256 ANDHRA PRADESH,0101000020E6100000ECBDF8A23D7354400400C79E3DFF3040
BHOLA RAY SHANTI DEVI & SONS,25.7277786,85.83488501,7635088951,(INDIAN OIL RETAIL OUTLET) VILL.-MAHISARI PS-Ujiyarpur,0101000020E6100000B87789C16E7555408ABAC5B24FBA3940
BHUMIKA FILLING STATION,26.249396,78.16309,9425115488,KHASRA NO. 558559560/MIN1560/MIN VILL MANPUR Tehsil Gwalior Distt Gwalior,0101000020E61000007F130A11708A5340D3C08F6AD83F3A40
BHUSHAN PETROLEUM SERVICES,18.727541,75.698091,9860019400,INDIAN OIL DEALER SURVEY NO 132NH 211 Dhotra Chausala Taluka Beed,0101000020E610000072A8DF85ADEC5240C77F812040BA3240
BINDESHWAR OIL CENTRE,26.16101602,85.42561423,9709423761,INDIANOIL RETAIL OUTLET BAKHRI CROSSING MUZAFFARPUR,0101000020E6100000FBA377433D5B554037088C5838293A40
BISMEE AGENCIES,11.317476,76.922257,9.19844E+11,Indian Oil DealerNo.2K.U.R. Nagar IInd Bridge Ooty Main Road Mettupalayam,0101000020E610000074603942063B5340A087DA368CA22640
GAIL Gas CNG Station,27.6120013,77.5862809,,"JH6P+QCQ, Ajhai Kalan",0101000020E61000003FF152A085655340079C001EAC9C3B40
BOKARO AUTOMOBILES ( * ),23.62342099,86.18420146,9431127475,JODIDIH MORE CHAS PURULIA ROAD DIST.BOKARO.,0101000020E6100000D4A4EBF4C98B5540A0B09B84989F3740
BON BON SERVICE CENTRE,19.104917,72.8864,9821165625,SAKINAKA ANDHERI (EAST) MUMBAI.,0101000020E610000029CB10C7BA38524060CB2BD7DB1A3340
BRASS CITY INDIANOIL,28.886767,78.734411,9045191119,KANTH ROAD MORADABAD CITY MORADABAD,0101000020E6100000A6B4FE9600AF53400A2C802903E33C40
BUDDHESHWAR FILLING STATION,26.837517,80.844369,9335281700,NEAR RING CROSSING MOHAN ROAD LUCKNOW,0101000020E6100000663046240A36544012D89C8367D63A40
BULLEYYA REDDY'S FILLING STATION,16.958649,82.008733,9581871199,INDIAN OIL DEALERS BALABHADRAPURAM lock 11011 / 37 ANDHRA PRADESH,0101000020E61000005859DB148F805440D65757056AF53040
CAPT AMIT SERVICE STATION,28.62257,77.110507,9310166066,HARI NAGAR Ghantaghar Road DELHI,0101000020E6100000A9BEF38B1247534081785DBF609F3C40
CAR CARE,28.57078333,77.16345,9.19212E+11,SECTOR 8 R.K. PURAM NEW DELHI-22 R.K. PURAM New Delhi,0101000020E6100000FF21FDF6754A5340B57337DB1E923C40
CENTRAL AUTO FILLING STN,20.7801,73.3563,9426801455,INDIANOIL DEALER AT HANUMANBARI TAL HQ.BANSDA NH56 DIST-NAVSARI GUJARAT,0101000020E610000026E4839ECD5652400F9C33A2B4C73440
CH. KESHRAM SHYAMO AUTO FUELS,28.528689,77.456519,9810232544,INDIAN OIL PETROL PUMP HABIBPUR TEHSIL DADRI,0101000020E61000002BC0779B375D534044C18C2958873C40
CH. RAMCHANDRA SINGH BHATI & SONS,28.543677,77.563518,9971596889,IBP PETROL PUMP GAUTAM BUDH NAGAR,0101000020E6100000452DCDAD106453405F96766A2E8B3C40
CHAMPIAN HUB,22.57763872,88.46206695,8820818377,PLOT NO.CF-19 PREMISES NO.05-240 AA-I New Town Kolkata,0101000020E6100000FFB34181921D5640A54D9321E0933640
CHAMUNDI PETROLEUM,19.215787,72.851158,9821140807,SWAMI VIVEKANAND ROAD OPP.POISAR BUS DEPOT BORIVALI MUMBAI 400 092,0101000020E6100000A46E675F79365240E6E61BD13D373340
CHANAKYAPURI SERVICE STATION,28.666963,77.09199,9899123771,OUTER RING ROAD ROAD NO.26 PACHIM VIHAR DELHI,0101000020E6100000C763062AE34553405DA45016BEAA3C40
CHANDAN TRANSPORT CO.,25.2676,74.63,9414372375,GHATILA KA KHEDA NH-48 BHILWARA BY PASS DISTT: BHILWARA ( RAJASTHAN),0101000020E6100000B81E85EB51A85240DC68006F81443940
CHANDRA PRAKASH & SONS,28.353783,77.556587,9719062622,IBP PETROL PUMP NOIDA GAUTAM BHUD NAGAR,0101000020E61000003D98141F9F6353407AE1CE85915A3C40
CHAUDHARY SERVICE STATION,28.730016,77.183393,9911150814,DHEERPUR NEAR MUKUDPUR CHOWK NORTH OF RING ROAD,0101000020E61000002E54FEB5BC4B5340868E1D54E2BA3C40
CHENNIMALAIAPPAN & CO,10.744626,77.023062,9578809081,PROP:K.R.PONNARASI IOC DEALERS SF.NO.265/2A1BMETTUPALAYAM VI KOVILPALAYAMKINATHUKADAVU TK,0101000020E6100000F1F109D979415340AA807B9E3F7D2540
CHETAK FUEL CENTRE,28.631752,77.661633,9313333038,INDIAN OIL PETROL PUMP VILLAGE- DHAULANA MASURI- GULAOTHI ROAD,0101000020E6100000143DF031586A5340BE2EC37FBAA13C40
CITI FUELS,28.622736,77.095593,9811044233,JANAKPURI OPP.-VIRENDER NAGAR NEAR BHARATI COLLEGE NEW DELHI,0101000020E61000007F2E1A321E465340B70A62A06B9F3C40
CITY AUTO,28.71625,77.117604,9810218885,PLOT NO. 1-A-3 DISTT CENTRE-I SECTOR-10 ROHINI DELHI - 110085,0101000020E61000003E78EDD2864753408FC2F5285CB73C40
CITY FUELS,25.57296026,85.23794754,7367026601,NEW BYPASS ROAD KARMALICHAK MAUZA- SIMLIMURARPUR NH 30 Patna,0101000020E6100000AC9D51883A4F55408F9B0A86AD923940
JANATHA FILLING STN (C'PET),16.101259,80.169035,9440264771,CHILAKALURIPET lock T2- 231/2 DNO:189 ANDHRA PRADESH,0101000020E610000047382D78D10A5440F86C1D1CEC193040
COCO GOMTINAGAR,26.866389,80.996389,7088204332,VIBHUTI KHAND GOMTI NAGAR LUCKNOW,0101000020E610000006465ED6C43F5440399D64ABCBDD3A40
GVK Fuel Station,17.636652,82.89715,8857242701,285/1 285/2 285/5 UGGINIPALEM (V KASIMKOTA (M) TALLAPALEM 531048 ANDHRA PRADESH,0101000020E6100000CF66D5E76AB95440D9EE1EA0FBA23140
COCO NEW TOWN - PUJA KUMARI,22.5552255,88.5008211,7739161398,COCO NEW TOWN - PUJA KUMARI Plot AAIIIC/1 Street no. 3333 Action Area III New Town Dist.N.2,0101000020E61000006469F1730D205640BE672442238E3640
COCO-II,28.6076507,77.441432,9810447700,PLOT NO. PP-01SECTOR-16B GREATER NOIDA(WEST) GAUTAM BUDH NAGAR,0101000020E61000001BDA006C405C53403AE40BFF8E9B3C40
COCO-III,28.466044,77.5334885,9560237222,PLOT NO. PP-01SECTOR-PI GREATER NOIDA GAUTAM BUDH NAGAR,0101000020E6100000B212F3AC246253403D7FDAA84E773C40
COSMOS INC.,26.366795,79.867821,8756992214,KUMBHILOCK NO 21008/21023 ON NH-2 KANPUR DEHAT ON NH-2 KANPUR DEHAT,0101000020E61000000D7217618AF753401956F146E65D3A40
D S HIGHWAY SERVICE,26.261925,87.26949,9334293678,INDIAN OIL RETAIL OUTLET DHOLBAJJA ARARIA,0101000020E61000005726FC523FD155403B014D840D433A40
DADA FUEL CENTRE MUDIAKHERA,26.5151,78.026,9827541017,SURVEY NOS. 630 641 PH NO.45 AT VILL.MUDIAKHERA Distt. Morena LOCK NO. 1095/219,0101000020E61000008B6CE7FBA98153406B2BF697DD833A40
DAMODAR FUEL SERVICE STATION,23.770859,85.92762,9771408871,JARIDIH P.S. GHANDINAGAR (BERMO) DISTT BOKARO JHARKAND,0101000020E610000065C746205E7B5540C8D3F20357C53740
DAMODAR SERVICE STATION,26.121762,85.36273,9431238702,MARIPUR MUZAFFARPUR BIHAR MUZAFFARPUR,0101000020E6100000CCD1E3F73657554043E55FCB2B1F3A40
DAS & SONS,26.527411,80.234928,9336107533,NARAMAU LOCK NO 23016 KANPUR NAGAR NH 34,0101000020E61000008A3A730F090F5440F88C446804873A40
DAUJI SERVICE STATION,28.678657,77.485326,9958033002,VILL HARSAON PARGANA DASNA GHAZIABAD,0101000020E61000008179C8940F5F534094331477BCAD3C40
DEEPKIRAN PETROLEUM,19.692903,73.545486,8600620085,GAT NO.383 AT. TALEGAON IGATPURI DISTT. NASIK,0101000020E6100000419B1C3EE9625240E04C4C1762B13340
DELHI DIESELS,28.702695,77.266047,9212582106,B-3 yamuna vihar main wazirabad ro Delhi DELHI-110053,0101000020E6100000BB0CFFE9065153400E10CCD1E3B33C40
RAVI HIGHWAY CENTRE,17.803185,83.140608,9866106925,INDIAN OIL DEALERS -LOCK NO.T1 28 ADIREDDYPALEM ANDHRA PRADESH,0101000020E61000009563B2B8FFC8544044A33B889DCD3140
DEV FUEL CENTRE,28.714,77.6805,9927062255,INDIAN OIL RETAIL OUTLET VILLAGE DOOHRI PILKHUWA TESHIL HAPU UTTAR PRADESH,0101000020E6100000643BDF4F8D6B5340105839B4C8B63C40
DEVANG PETROLEUM,22.4458,70.1183,9909100097,KALAWAD-JAMNAGAR HIGHWAY ROAD Indian Oil Dealer THEBA JAMNAGAR,0101000020E61000007AC7293A928751408A8EE4F21F723640
DEVENDRA MEMORIAL PETROLEUM,25.77701,84.77951,9470062126,ROUZA CHAPPRA SARAN,0101000020E6100000EB39E97DE33155403BAA9A20EAC63940
DHANSUKHLAL C.SHAH,21.2579,73.3102,9925155000,At & Post Mandvi Mandvi MANDVI DIST.SURAT,0101000020E610000007CE1951DA5352406EA301BC05423540
DOABA AUTOMOBILES,25.450433,81.726179,9450581348,BAMRAULI KANPUR ROADBAMRAULLI DISTT.:ALLAHABAD,0101000020E6100000B0027CB7796E5440070ABC934F733940
DOLLY FUEL CENTRE,26.05423494,87.48816358,9470238484,INDIAN OIL RETAIL OUTLET AZAMNAGAR ARARIA,0101000020E6100000B1CC74123EDF5540BC994D57E20D3A40
DRIVEWELL SERVICE STATION,28.676517,77.31425,9811027361,G.T ROAD SHAHDARA DELHI-95,0101000020E6100000273108AC1C5453402330D63730AD3C40
DRONA FILLING STATION,28.394109,77.860945,8958961111,IOC PETROL PUMP SHIKARPUR BYE PASS ROAD BULANDSHAHR,0101000020E6100000E7A90EB9197753402C0FD253E4643C40
DRONAGIRI SERVICE CENTRE,18.892375,72.975831,9819211502,DRONAGIRI NOD URAN DIST. RAIGAD,0101000020E610000012DBDD03743E52409CC420B072E43240
DUBEY AND SONS FILLING STATION,24.4014,77.4062,9425759024,INDIAN OIL DEALER ARONGUNA ROAD DISTT. GUNA LOCK NO. 1240/219,0101000020E6100000A7E8482EFF595340499D8026C2663840
DUDHANE PETROLEUM,18.468675,73.785349,9764210100,GAT NO 93 VILLAGE SHIVANE TALUKA HAVELI DIST PUNE,0101000020E610000090BC732843725240EB73B515FB773240
DURGA FILLING STAION,16.343069,80.627474,9.19442E+11,DUGGIRALA lock T1-327/8 DNO:122 ANDHRA PRADESH,0101000020E6100000C845B588282854407C45B75ED3573040
DURGA FILLING STATION,28.103608,77.456741,9212040903,CHANDHUT ON PALWAL-ALIGARH ROAD CHANDHUT ON PALWAL-ALIGARH ROAD DISTT PALWAL,0101000020E6100000826F9A3E3B5D53409E9ACB0D861A3C40
KDLOMACS (NDMNR),16.51661,80.641551,8106352502,INDIAN OIL DELEARS NIDAMANUR lock T1-50/1/2/3/4 D.NO:18 ANDHRA PRADESH,0101000020E6100000D5EDEC2B0F2954405CC98E8D40843040
EHSAAS FILLING STATION,28.960171,77.1019,9910401222,VILLAGE-BAHALGARH ON KHEWRA ROAD SONEPAT,0101000020E610000098DD9387854653404F9143C4CDF53C40
ELVEE AUTO ENTERPRISES,10.998311,77.021037,9.19895E+11,S F NO 414/2 SINGANALLUR TRICHY COIMBATORE COMBATORE 641 005,0101000020E610000062C092AB584153405F79909E22FF2540
ENGINEER SERVICE STATION,28.586921,77.212117,9654262692,NEAR SAFDARJUNG AIRPORT AURBINDO MARG NEW DELHI,0101000020E61000003E7B2E53934D5340EB55647440963C40
ESS ESS FILLING STATION,31.06492,76.270817,9041435435,INDIAN OIL PETROL PUMP BALACHAUR TO NAWANSHEHAR ROAD TEHSIL - BALACHAUR,0101000020E6100000DA8CD3105511534038DBDC989E103F40
SRI GANAPATHY AGENCY,17.687486,83.255574,9866377272,INDIAN OIL DEALERS- LOCK NO.T1 31 MALKAPURAM VIZAG CITY ANDHRA PRADESH,0101000020E61000004EED0C535BD0544036751E15FFAF3140
F PATEL & CO.,22.2465,73.0838,9824010955,IOC DEALER PADRA DISTT. BARODA,0101000020E6100000E8D9ACFA5C455240C976BE9F1A3F3640
FALCON INFRASTRUCTURES LTD.,10.06838,76.32124,9496016555,INDIAN OIL DEALER KALAMASSERY TRUCK TERMINAL ERNAKULAM DIST.,0101000020E6100000B18A37328F145340A5660FB402232440
FARIDABAD SERVICE STATION,28.389194,77.312431,9899912291,18/4 Mathura Road Faridabad 18/4 Mathura Road Faridabad DISTT FARIDABAD,0101000020E61000006CD097DEFE535340A7CCCD37A2633C40
FIRST CHOICE(IOCL PETROL PUMP),22.7055,72.8593,9898851111,CITY SURVEY NO 1245 NUTAN TILE NADIAD -KAPDWANJ ROAD NADIAD DIST. KHEDA,0101000020E6100000FB5C6DC5FE365240F853E3A59BB43640
FORT MOTOR EQUIPMENT CO,19.160061,72.858471,022-22661814,INDIAN OIL DEALERS SURVEY NO: 589(A) VILLAGE PAHADI GOREGAON(W),0101000020E61000001F645930F1365240745DF8C1F9283340
FORTUNE SERVICE STATION - ROHINI,28.727378,77.142789,9811314040,SEC 19 ROHINI NEW DELHI. LOCK CODE - I - 374,0101000020E6100000A04E79742349534074D4D17135BA3C40
FRIENDS FILLING STATION,28.207694,76.880465,9813440928,OCTROI CHECK POST BARSAT ROAD PANIPAT DISTT - PANIPAT,0101000020E61000007311DF89593853404F93196F2B353C40
RAVI RAYS [STEEL PLANT],17.660633,83.167729,9248045678,INDIAN OIL DEALERS-LOCK NO.T1 22 VIZAG ANDHRA PRADESH,0101000020E6100000CF656A12BCCA54408BA8893E1FA93140
G.M.R.FILLING STATION,17.314849,78.459056,9.19391E+11,SY. NO.83 MYLARDEVPALLY VILLAGE RAJENDRANAGAR MANDAL RR DIST. TELANGANA,0101000020E610000016C26A2C619D5340A52DAEF199503140
G.S.R.FILLING STATION,16.797456,81.595662,9441554665,INDIAN OIL DEALERS ALAMPURAM LOCK NO. 22031 / 544 ANDHRA PRADESH,0101000020E6100000145E82531F665440BDFF8F1326CC3040
GANAPATI SERVICE(*),24.36302719,85.30570066,9608170230,GANPATI SERVICES CHAUPARN NH-02 HAZARIBAGH,0101000020E61000003344809990535540D99B9459EF5C3840
GANDEVI TALUKA K.S.SANGH LTD,20.8182,72.996,9879758003,IOC DEALERS GANDEVI GANDEVI DIST. NAVSARI,0101000020E610000039B4C876BE3F52405396218E75D13440
GANGA FUEL STATION,25.221557,85.163585,9631908074,MAUJA- BARKI AKAUNA PS- GHOSI Jehanabad,0101000020E61000006F47382D784A55402B33A5F5B7383940
GANGA PETRO,28.57917,77.055404,9810440007,SECTOR 10 DWARKA NEW DELHI DELHI,0101000020E6100000530438BD8B43534007D3307C44943C40
GARIB NAWAZ KISAN SEWA KENDRA,28.709607,78.70238,9639684546,NASEERPUR KUNDARKI DINGARPUR SAMBHAL ROAD TEHSIL BILARI,0101000020E610000054573ECBF3AC53403E03EACDA8B53C40
GARUDA AUTO SERVICE,19.205426,72.828019,9820046930,IOC DEALERS CHARKOP KANDIVALI (W) MUMBAI 400 067.,0101000020E6100000DD5D6743FE34524083BF5FCC96343340
GAURAV PRATAP SINGH PETROLEUM,23.327508,76.173097,8719922445,VILLAGE - ROJAWAS SURVEY NO.182/2 PH NO. 78 TEHSIL - TARANA DIST-UJJAIN,0101000020E610000049827005140B5340AA2D7590D7533740
GAY SERVICE STATION,28.703433,77.181085,9810154076,GT KARNAL ROAD INDL.AREA AZADPURDELHI TELE.7139349 Opp. Hans Cinema,0101000020E6100000F4328AE5964B53405BED612F14B43C40
GAYATHRI FUELS,12.708649,77.81688,9443222224,Indian Oil Dealers 714/3A Rudrappa Colony. Hosur-Denkanikottai Road NO:13018,0101000020E61000006A300DC347745340ABAFAE0AD46A2940
PALURI VENKATARAMANA,17.358621,82.540871,9848190362,INDIAN OIL DEALERS VELAMKOTHURU ANDHRA PRADESH,0101000020E6100000B51666A19DA25440A8A8FA95CE5B3140
GHAGHRA SERVICE STATION,25.810394,84.609711,8651412628,INDIAN OIL PETROL PUMP PO MANJHI-841313 DIST SARAN BIHAR,0101000020E6100000BC40498105275540E7DF2EFB75CF3940
GHANSHYAM & CO.-A-SITE,22.0123,71.146,9979875757,Vill Atkot SH 25 Indian Oil Dealer District Rajkot,0101000020E6100000D34D621058C95140A5BDC11726033640
GIRDHARILAL RAMSARUP,28.267987,76.140848,9416063648,NARNAUAL ROAD MAHENDERGARH MAHENDERGARH,0101000020E6100000406D54A703095340CFC0C8CB9A443C40
GLOBAL PETRO,28.570168,77.186387,9810930007,BHIKAJI CAMA PLACE RING ROAD NEW DELHI,0101000020E61000009259BDC3ED4B5340C939B187F6913C40
GNAN SHAURYA FILLING STATION,16.239856,80.600044,9.19001E+11,D.NO.229/2A1 MAIN ROAD ANGALAKUDURU VILLAGE & TENALI MANDA GUNTUR DISTRICT,0101000020E61000004E0AF31E67265440D7BFEB33673D3040
GOLDER SERVICE STATION,22.676529,88.790611,8250532691,MATIAHAT MOUZA - JOYPUR GOPEMAHAL Dist. 24 Paraganas(North),0101000020E6100000E736E15E99325640ABCB290131AD3640
GOMATI FILLING CENTRE,25.70970377,85.49070807,9431667883,ASHARFI CHOWK SILAUTHAR JANDAHA VAISHALI BIHAR,0101000020E61000002122D2C2675F554077FF7125AFB53940
GOPINATH & BROTHERS(CHAKARPUR),26.436716,80.179337,9415201657,INDIAN OIL PETROL PUMP KANPUR NAGAR LOCK NO 13027/23011,0101000020E61000009E7DE5417A0B5440D3A3A99ECC6F3A40
GOPINATH & BROTHERS(KANPUR),26.421339,80.374199,9161091610,KRISHNA NAGAR GT ROAD LK NO 23004 NH-91 KANPUR NAGAR KANPUR NAGAR,0101000020E61000008ACC5CE0F2175440838769DFDC6B3A40
GOREGAON AUTO CENTRE,19.156906,72.856613,9821087119,IOC DEALERS GOREGAON MUMBAI.,0101000020E6100000051555BFD2365240D28BDAFD2A283340
GSN FUELS,12.747125,77.83356,9443141688,GSN FUELS KRISHNAGIRI DISTRICT NGO COLONY BAGALUR ROAD HOSUR,0101000020E61000003ED00A0C597553404A0C022B877E2940
GUJARAT SERVICE CENTRE,18.985243,72.830836,9322505410,IOC DEALERSNEXT TO KASTURBA HOSP. ARTHUR ROADSANE GURUJI MARG MUMBAI 400 011.,0101000020E6100000BA15C26A2C355240E99C9FE238FC3240
GUPTA SALUJA & COMPANY,26.40617,80.354442,9.19415E+11,KM-15NH-2 BY PASS KANPUR NAGAR DISTT. KANPUR NAGAR LOCK NO 12056,0101000020E61000000C957F2DAF165440C79DD2C1FA673A40
GUPTA SALUJA & COMPANY(KANPUR),26.441509,80.322759,9415127108,INDIAN OIL DEALER LOCK NO 12055 127/435 RAKHI MANDI VINOBA NAGAR NEAR BARA DEVI KANPUR NAGAR,0101000020E6100000575F5D15A8145440C1E3DBBB06713A40
GUPTA SERVICE STATION-MOTI BAGH,28.57766667,77.1749,9.1991E+11,Moti Bagh South MOTI BAGH NEW PALAM ROAD lok no 329,0101000020E61000008104C58F314B5340A4A37FF6E1933C40
GURGAON FUEL CENTRE,28.4648,77.037383,7838222319,BETWEEN MAHAVIR CHOWK & MAHARANA PR CHOWK ON MG ROAD GURGAON(LHS) District Gurgaon,0101000020E61000004A9BAA7B64425340492EFF21FD763C40
GURJEET AUTO FUELS,26.2647,78.2172,9826086875,VILLAGE MAHARAJPURA RAMANNA DISTT. GWALIOR Gwalior,0101000020E61000003D2CD49AE68D53404F401361C3433A40
GURU GOBIND SINGH SERVICE STN,29.2362337,77.7236943,9761582200,KHASRA NO 142 VILLAGE BHAYANGI Block Khatauli,0101000020E61000004EB3E501516E53408CB6CFCF793C3D40
GURU SERVICE STATION,28.591123,77.037605,9811057170,SECTOR 12 DWARKA NEW DELHI NEW DELHI,0101000020E6100000A14ACD1E68425340D5E940D653973C40
GURUASHISH PETROLEUM,21.2708,72.8465,9879382228,INDIAN OIL DEALER SURVEY NO.978-979B. NO 926 Variav- Surat City,0101000020E61000001904560E2D365240BEC1172653453540
GURUPRASAD SERVICES,19.182011,72.846715,9833331777,S V ROAD MALAD EAST MUMBAI,0101000020E610000017821C94303652402383DC45982E3340
SRI SIVARAMA AGENCIES,17.688787,83.027465,9.19247E+11,INDIAN OIL DEALERS -LOCK NO.T1 33 1627/3 Part ANAKAPALLI ANDHRA PRADESH,0101000020E610000038328FFCC1C15440F3E8465854B03140
H.F. BHURANI & CO.A-SITE,21.354,72.0292,9825206611,NEAR PATHIKASHRAM Talaja Indian Oil Dealer District Bhavnagar,0101000020E6100000C442AD69DE015240B4C876BE9F5A3540
HANSIKAA SERVICE STATION,23.57791,86.35416,9.19163E+11,PLOT NO 1262 1346 VILL- CHANDANKYARI PO+PS Chandankyari,0101000020E61000004963B48EAA9655400708E6E8F1933740
HANUMAN PETROLEUMS,17.68395585,83.19008374,9989881731,NH.5 CHINNAGANTYADA-LOCK NO.T1 78 GAJUWAKA ANDHRA PRADESH,0101000020E61000004AB3FD542ACC54406BA807BB17AF3140
HARI JANANI & CO,11.204316,76.966349,9.19843E+11,SF.No.379/B ESTATE THOTTAM METTUPALAYAM ROAD BILICH PO,0101000020E61000006DE179A9D83D53405D19541B9C682640
HARI OM FUEL,23.71866481,85.49817416,9153219875,TOPA NAYA MORE TO TOPA BLOCK RAMGARH,0101000020E6100000633ADF15E25F55406EBCBF6AFAB73740
HARIHAR SERVICES,25.456451,85.498753,7783863510,MAUZA-GHOSWARITALUKA-BAKHTIARPUR DIST-PATNA Bihar,0101000020E61000000AF2B391EB5F5540FC3905F9D9743940
HARSH INDIAN OIL,27.435902,77.700829,9639862631,AURANGABAD NEAR GOKUL BAIRAJ MATHURA,0101000020E6100000A8C5E061DA6C5340D0420246976F3B40
HAZARI LAL BAIDYANATH PRASAD,25.745,85.00119,9431259182,INDIAN OIL PETROL PUMP PO DIGHWARA-841207 DIST SARAN BIHAR,0101000020E610000043C5387F134055401F85EB51B8BE3940
HEERA ASSOCIATES,19.174222,73.114645,9819335445,SURVEY NO. 158 HISSA NO. 1 KHONI TALUKA: KALYAN District Thane,0101000020E61000009869FB5756475240643E20D0992C3340
HEERA PETROLEUM,18.8276,73.294377,9.19005E+11,s.no.54/2b mumbai pune road KHALAPUR RAIGAD(LOCK NO.11013),0101000020E610000074ECA012D75252406B2BF697DDD33240
HIGHWAY FUEL,30.262692,76.09977,9872982888,INDIAN OIL PETROL PUMP PO:BALAD KALANHARDITPURA Sangrur - Patiala Road,0101000020E6100000CEC7B5A162065340BCEB6CC83F433E40
AKSHAY FILLING STATION,29.939403,76.543487,,HP PETROL PUMP HISSAR AMBALA ROAD VILLAGE GHUMTHALA 136128,0101000020E610000046B3B27DC8225340A8C30AB77CF03D40
HIGHWAY INDIAN OIL FILLING STATION,27.520493,74.651812,9672206672,INDIAN OIL PETROL PUMP KHASRA NO. 281/278 SH-60 VILL. INDERPURA,0101000020E6100000FCC8AD49B7A9524003CC7C073F853B40
HIGHWAY PETROLEUM,10.141196,76.352776,9447819745,INDIAN OIL DEALER NH-47 CHENGAMANAD ERNAKULAM DIST.,0101000020E610000014B4C9E193165340ECA694D74A482440
HIGHWAY PETROLEUM AGENCY,10.760971,75.927561,9061530009,INDIAN OIL DEALER PONNANI-CHAVAKKAD RDPUTHUPONNANI MALAPPURAM DIST.,0101000020E6100000E202D0285DFB5240A968ACFD9D852540
HILL VIEW FILLING STATION,23.785408,86.401022,9304315588,GODHAR P.S.-KENDUADIH P.O.- KUSUNDA,0101000020E61000007FBE2D58AA9955404B04AA7F10C93740
HIRA SERVICE STATION,26.052881,85.35746,9430974303,SAKRI SARAIYA NH-77 DIST-.MUZAFFARPUR BIHAR,0101000020E61000003468E89FE05655406C94F59B890D3A40
HRISHIKESH PETROLEUM,22.1313,71.8948,9825954221,BARWALA-BHAVAGAR ROAD BARWALA. AHMEDABAD,0101000020E61000007E1D386744F95140FDF675E09C213640
HUNDRED PERCENT,28.578699,77.059527,8826886999,SECTOR-9 OPP. NHAI OFFICE DWARKA NEW DELHI. LOCK NO 330,0101000020E6100000A88E554ACF435340583A1F9E25943C40
I CARPORT,19.102837,72.873855,9821054977,IOC DEALERS SAHAR MUMBAI.,0101000020E61000008D9C853DED3752409AD18F86531A3340
INDERJEET SERVICE STATION,28.404791,79.424539,9917155002,IZZATNAGER BAREILLY DISTRICT : BAREILLY UTTAR PRADESH,0101000020E61000001938A0A52BDB534013B70A62A0673C40
INDIA FUELS,30.560448,77.061842,9417110271,VILLAGE DHANDRALO RAIPUR RANI DISTT. PANCHKULA HARYANA,0101000020E61000003BE12538F5435340CE1B2785798F3E40
INDIAN OIL HIGHWAY POINT,22.2589,70.7047,9909019900,VAJDI (VIRDA) Kalawad Road SH 23 Indian Oil Dealer District Rajkot,0101000020E6100000705F07CE19AD514035EF384547423640
INDRA AUTOMOBILES,27.876553,78.075668,9872260043,ASHIANA COLONYNEAR POLICE STATION BANGLA BAZAR LUCKNOW,0101000020E6100000A35698BED7845340F03504C765E03B40
INDRAPRASTH AUTO SERVICE,19.815349,72.735787,9820069873,"""OPP.MSEB COLONYBOISAR TARAPUR"" VILL.PASTHAL TAL:PALGHAR DISTT. PALGHAR",0101000020E61000009B745B22172F524089D349B6BAD03340
INDRAPURAM AUTO FUELS & SERVICES,28.632889,77.351129,9818580181,INDRAPURAM DISTRICT GHAZIABAD Indrapuram Ghaziabad,0101000020E610000057EBC4E57856534086FF740305A23C40
INDU FILLING STATION,26.172916,78.149518,9958188040,INDIAN OIL DEALER GUDI Tehsil Gwalior,0101000020E6100000740AF2B39189534084F41439442C3A40
INTERSTATE AUTOMOBILES,18.976545,72.843971,9820433060,123 REAY ROAD OPP.REAY RD STATION. P.D'MELLO RD MUMBAI 400 010.,0101000020E61000006FF1F09E03365240841266DAFEF93240
IOC COCO JUNGPURA,28.587063,77.241387,9.19599E+11,JUNG PURA NEW DELHI LINK ROAD NEW DELHI,0101000020E61000007EAB75E2724F534010B1C1C249963C40
IOC COCO SECTOR 19 DWARKA,28.577338,77.053401,9.19812E+11,SECTOR 19 DWARKA DELHI,0101000020E6100000B72407EC6A435340F1BC546CCC933C40
ISHWAR FILLING STATION,28.530438,77.454106,9990135373,OPP HOLLAND TRACTOR FACTORY GREATER NOIDA GAUTAM BUDH NAGAR,0101000020E6100000B6BA9C12105D53403F8EE6C8CA873C40
ISPATNAGAR PETROL SUPPLY,23.66386802,86.06756131,9431128233,BALIDIH BOKARO JHARKHAND,0101000020E6100000323BACEC52845540A1C22A41F3A93740
J B D FUEL & SERVICE,21.1096,73.1341,9427151298,"INDIAN OIL DEALER ""S. NO.1/PAIKI 1 BLK NO.1 TAJPORE KHURDTLK.BARDOLIDIST. SURAT",0101000020E610000031992A189548524040A4DFBE0E1C3540
J B PETROLEUM,22.3397,70.7993,9408919989,SURVEY NO. 67/1/2P-1/P-1 VILL-RONKI TAL-RAJKOT,0101000020E610000057EC2FBB27B3514082734694F6563640
J K & SONS PETROLEUM,22.8592,70.954,9998724445,INDIAN OIL DEALER NICHI MANDAL Morbi-Halvad Road Taluka MorbiDistt.Rajkot,0101000020E6100000931804560EBD514024B9FC87F4DB3640
J. J. AUTOMOBILES,10.010278,78.291161,9843312609,INDIANOIL DEALERS MADURAI TO MELUR LHS ON NH-45B MADURAI DISTRICT,0101000020E6100000B937BF61A292534090BC732843052440
J. J. EF. AGENCIES (LOCK NO. 80 ),8.82404,78.147964,9941496365,9/1-28 ANNAI VELANKANNI NAGAR AROCKIAPURAM TUTICORIN TUTICORIN DISTRICT,0101000020E6100000103FFF3D7889534012312592E8A52140
JAGAN PRASAD FILLING STATION,27.488482,77.54362,9411441100,MATHURA GOVERDHAN ROAD ARING DISTT. MATHURA,0101000020E6100000E65C8AABCA62534047AF06280D7D3B40
JAGDAMBA PETROLEUM,25.8774767,86.6189846,9431021446,INDIAN OIL PETROL PUMP BISHAMBHARPUR ALLOTH SARAIRANJAN MUSHRIGHARARI,0101000020E6100000926E95719DA7554083802150A2E03940
JAGDAMBEY FILLING STN-299,31.336046,75.349179,9814028865,INDIAN OIL PETROL PUMP DODIANWALASULTANPUR ROAD DISTT. KAPURTHALA,0101000020E6100000CD5CE0F258D652409DF3531C07563F40
JAI AMBE PETROLEUM,20.5113,72.9625,9825603847,"""SURVEY NO. 129/2/P VILL: BALD"" ""TALUKA: PARDI DIST: VALSAD"" Dist: Valsad",0101000020E61000009A999999993D5240DE718A8EE4823440
JAI AUTOMOBILES,28.63673584,77.44326928,9810133850,NEAR VIJAYNAGAR CROSSING NH-24 GHAZIABAD UP,0101000020E6100000F93A1D865E5C5340B8FDB81E01A33C40
JAI BABA GARIBNATH FUEL CENTRE,26.257044,85.186795,9931623672,INDIAN OIL RETAIL OUTLET AT: RATANPURA PO+PS:MOTIPUR DIST: MUZAFFARPUR,0101000020E61000009B030473F44B55400EA2B5A2CD413A40
JAI BANGLAMUKHI ECO FUEL STN.,28.688945,77.104278,9810858371,NO.43SERVICE CENTRE S-18 OF H4&H5 ZONE PITAMPURA,0101000020E61000004EECA17DAC46534023BE13B35EB03C40
JAI HIND FUEL CENTRE,25.801058,87.576206,9708254888,SRI BIJOY KUMAR ROY BARSONI HULABAGH PURNEA,0101000020E61000009370218FE0E45540FD32182312CD3940
JAI MA AMBE PETROLEUM,25.748207,84.955269,9835010561,BODHACHAPRA SARAN BIHAR,0101000020E61000007D789620233D554066A3737E8ABF3940
JAI MAA PETROLEUM,25.872673,85.033501,9631614312,VILL.: SAIDPUR PARSA PO : PARSA PS : DARIYAPUR PIN 841219,0101000020E610000088D860E1244255402A1A6B7F67DF3940
JAI MATA DI PETRO MART,25.58594,84.73152,9334025820,NH30 KAYAMNAGAR ARA DISTT: BHOJPUR,0101000020E6100000AD174339D12E5540126BF12900963940
JAI NARAYAN FILLING STATION,28.242024,77.074394,9812410419,SOHNA PALWAL ROAD SOHNA DIST. GURGAONHARYANA,0101000020E610000031410DDFC2445340DCD8EC48F53D3C40
JAI PETROLEUM,20.9329,72.9141,9824156968,IOC DEALER DANDI ROAD VIJALPORE TAL : VIJALPORE DIST :NAVSARI GUJARAT.,0101000020E61000008351499D803A52403B70CE88D2EE3440
JAINSONS FILLING STATION,28.235882,77.069072,9215667015,SONEPAT NEAR SECTOR 14-15 CROSSING DISTT SONEPAT 131001,0101000020E61000007044F7AC6B4453400FB743C3623C3C40
JAMUNA PAR FILLING STATION,27.519827,77.724395,9412281368,ANAND VIHAR DISTT. MATHURA U.P. ANAND VIHAR DISTT. MATHURA,0101000020E6100000B398D87C5C6E5340EA93DC6113853B40
ANNAPOORNA AGENCIES,17.741761,83.263995,9346331000,INDIAN OIL DEALERS- LOCK NO.T1 6 KAPPARADA MURALI NAGAR VIZAG CITY ANDHRA PRADESH,0101000020E6100000AED3484BE5D05440C172840CE4BD3140
JANTA FUEL CENTER,23.59363,86.31212,9.18789E+11,PLOT NO 6165 VILL- CHANDRA PO+PS- Chandra,0101000020E61000005C1B2AC6F9935540ABECBB22F8973740
JAY BABRIK KISAN SEVA KENDRA,21.2128,72.9391,9427709142,INDIAN OIL DEALER SURVEY NO.62+80 BLOCK NO.79 Vill: Kosmada Tal: Kamrej,0101000020E61000001CEBE2361A3C5240BC96900F7A363540
JAY SOMNATH PETROLEUM,22.3294,70.7684,9638215082,MADHAPAR RAJKOT JAMNAGAR SH -25 Indian Oil Dealer DIST RAJKOT,0101000020E6100000C58F31772DB151406A4DF38E53543640
JAYANTI FILLING STATION,23.513712,91.556411,8877714077,MAHARANI UDAIPUR AMARPUR ROAD DIST-GOMATI TRIPURA,0101000020E61000009E08E23C9CE3564011902FA182833740
JAYESH PETRO SERVICES,18.760851,73.471296,9923222223,GAT NO. 490 NH4 MTDC RESORT KARLA TAL MAVAL DISTRICT PUNE,0101000020E610000014AFB2B6295E5240FF209221C7C23240
JHALAK KISHORI FILLING STATION,27.095916,78.075241,7351777789,LODHAI AGRA SHAMSABAD ROAD DISTT. AGRA,0101000020E61000006094A0BFD0845340C32973F38D183B40
JINDAL SERVICE STATION,28.5623,77.2663,9810121271,MATHURA ROAD NEAR TELEPHONE EXCHANGE NEW DELHI.,0101000020E610000030BB270F0B515340728A8EE4F28F3C40
JOAQUIM PETROLEUM,19.044839,72.916371,9821052147,SION TROMBAY ROAD OPP. TELECOM FACTORY DEONAR MUMBAI.,0101000020E61000002E008DD2A53A5240D99596917A0B3340
JRO,28.49642,77.4865981,9999940582,PLOT NO. 41 SURAJPUR KASNA ROAD UDYOG VIHAR OPP. MOSER BAER GREATER NOIDA,0101000020E6100000ED725B6C245F534090149161157F3C40
JSR FILLING STATION,28.192066,76.613205,708229451,REWARI CITY (WITHIN MUNICIPAL LIMITS) TEHSIL REWARI District Rewari,0101000020E6100000982F2FC03E2753406DACC43C2B313C40
JUHI FUEL STATION,23.623245,85.437512,8084384212,INDIAN OIL RETAIL OUTLET VILLAGE : HEHAL Ramgarh - Patratu Road,0101000020E6100000E2E65432005C55404165FCFB8C9F3740
JYOTI PETROLEUM,18.492411,73.83407,9960736119,PLOT NO 545/2 PARVATI SINHAGARH ROAD TALUKA HAVELI DIST PUNE,0101000020E6100000C824236761755240CF30B5A50E7E3240
K B S MOTORS,28.49784,77.628434,9412859814,DELAER INDIAN OIL VILLAGE LUHARLI BETWEEN KM STONE 43-47 NH-91,0101000020E6100000726C3D433868534001A43671727F3C40
K D PATEL & SONS,22.1284,73.4112,9426503939,IOC DEALER OPP. GOVT. REST HOUSE DABHOI DIST. BARODA (123),0101000020E61000005F07CE19515A524070CE88D2DE203640
K.G.N PETROLEUM SERVICE,26.073175,85.349335,9905643786,INDIANOIL KSK LADAURA MUZAFFARPUR,0101000020E6100000481630815B56554082E2C798BB123A40
K.L.BHASIN & CO. ( * ),23.654247,86.133814,9308011937,NAYA MORE B.S.CITY BOKARO-827001 JHARKHAND,0101000020E6100000CE6F98689088554091813CBB7CA73740
K.M.B. FUELS AND OILS,11.652495,78.131729,9843052252,INDIANOIL DEALER NO.449 NARASHIMMAN STREET SHEVAPET,0101000020E6100000D4BB783F6E885340679B1BD3134E2740
K.R.FUEL SERVICE (LOCK NO.102),8.714488,77.779778,9443389533,INDIAN OIL DEALERS 30/1A2 VM CHATRAM PALAYAMKOTTA TIRUNELVELI DISTRICT,0101000020E6100000FA08FCE1E7715340D6C4025FD16D2140
KAILASH FILLING STATION,17.367484,78.557522,9666643934,INDIAN OIL DELEARS SY. NO.102/3/B NAGOLE UPPAL (M) TELANGANA,0101000020E61000003C33C170AEA35340A3CD716E135E3140
KAILASH SERVICE STATION,28.55863333,77.24063333,9810007495,EAST OF KAILASH NEW DELHI-65 LOck NO 335 NEW DELHI-65,0101000020E61000005DAB5689664F53403ACE0A98028F3C40
KAJALE & SONS (HSD),18.658625,73.849503,9822067927,NEAR OLD MOSHI OCTROI POST VILL MOSHIPUNE-NASHIK RD DIST PUNE,0101000020E6100000A6B6D4415E765240F853E3A59BA83240
KALAMASSERY FILLING STATION,10.07004,76.330566,9747353184,INDIAN OIL DEALER MUTTOM KALAMASSERY ERNAKULAM DISTRICT,0101000020E6100000DACA4BFE27155340DDD26A48DC232440
KALAWATI FILLING STATION,26.798986,81.009026,9415046485,AHIMA MAULUCKNOW-SULTANPUR ROAD LUCKNOW UP,0101000020E610000014B4C9E1934054403CF6B3588ACC3A40
KALPANA AGENCIES,11.042754,76.939369,9.19842E+11,S.F.NO.89/1 & 89/2 KAVUNDAMPALAYAM VILLAGE KAVUNDAMPALAYAM POST COIMBATORE,0101000020E61000001478279F1E3C5340DF8B2FDAE3152640
KALYAN FILLING STATION,29.694419,76.998351,9896050000,"KASHIPUR ""US NAGAR UTTARANCHAL"" uttarakhand",0101000020E610000073BB97FBE43F534095B88E71C5B13D40
KALYAN FILLING STN.-KOHAND (HSD),29.496566,76.971677,9416300008,INDIAN OIL RETAIL OUTLET NH1 G.T. Road DIST: KARNAL,0101000020E6100000A051BAF42F3E5340384E0AF31E7F3D40
KAMALA SERVICE STATION ODR,23.566603,87.284988,9333708879,AKBAR ROAD BENACHITY DURGAPURDIST:BARDDHAMAN. WB RTKM-38)LOCK NO.12016,0101000020E610000028F04E3E3DD25540C4D0EAE40C913740
KAMALNATH FUEL STATION,12.492564,78.282379,9944874593,SF.NO.133/2 SENDARAPALLI VILLAGE KRISHNAGIRI TALUK,0101000020E6100000F1845E7F12925340B75F3E5931FC2840
KANPUR DELHI GOODS CARRIER LTD,28.701626,77.290256,9891238833,LONI BORER LOCK ID 805 LONI ROAD DELHI DELHI.,0101000020E6100000F0DDE68D93525340F705F4C29DB33C40
KANT AUTO,27.220945,78.260547,9027138623,BET KM STONE 223-225 NH-2 JAJPUR FIROZABAD,0101000020E61000008A0453CDAC905340F836FDD98F383B40
KANTH FILLING STATION,29.054822,78.622568,9756521561,IOC DEALER KANTH MORADABAD DISTRICT : MORADABAD UTTAR PRADESH,0101000020E610000050E27327D8A75340F01989D0080E3D40
KAPIL DEV AUTOMOBILES,24.79678,85.53927,9.18825E+11,INDIAN OIL RETAIL OUTLET AT-MAKHAR ANCHAL- AKBARPUR DIST-NAWADA,0101000020E6100000B16D5166836255405C1B2AC6F9CB3840
KAPUR AUTO SERVICE STATION,28.62495,77.30533333,9212155886,EAST OF VINOD NAGAR lok no 336 PATPARGANJSOCIETY AREA DELHI- LOCK ID NO. I 336,0101000020E6100000A4AECE948A5353409CA223B9FC9F3C40
KARAH DHAAM FILLING CENTER,26.4200671,78.0537884,9713043111,INDIAN OIL PETROL PUMP S.NO. 526/2823/2 BETWEEN MILESTONE 90 TO 92,0101000020E6100000DEB9E6447183534025A07884896B3A40
KARGIL HERO HAJI BASHA MEMORIAL IND,15.471852,80.048689,9440242730,OIL PETROL BUNK SY.NO.131/1 NEAR SANGHAMITRA HOSPITAL ON NH PELLURU VILLAGE & MANDAL PRAKASAM D,0101000020E610000032AB77B81D035440B91AD99596F12E40
KARGIL SHAHEED RIYASAT F/STN,29.264669,77.004192,9.19813E+11,DEALER INDIAN OIL CORPN LTD G T ROAD KARHANS PANIPAT,0101000020E6100000E9B985AE44405340D943FB58C1433D40
KARPAGA SHASTHAA FUELS,11.037098,76.950716,9.19443E+11,INDIAN OIL DEALER 139-B. SETC SITE SANGANOOR MTP ROAD COIMBATORE,0101000020E61000002CF2EB87D83C5340787E5182FE122640
KASANA MOTORS,28.436741,77.556577,9818945427,PLOT NO. P-01 SECTOR ECOTECH(I) EXTENSION GREATER NOIDA,0101000020E61000002C2D23F59E63534085D21742CE6F3C40
KAVIE AGENCY,10.757567,79.81372,9.19865E+11,PORAVACHERRY NAGAI-THANJAVUR MAIN ROAD NAGAPATTINAM DISTRICT,0101000020E610000079060DFD13F45340C30E63D2DF832540
KDCMPU LTD.,12.505128,78.223618,8105707110,INDIAN OIL DEALER S.F NOS 453/1B AND 453/2B AGASIPALLI VILLAGE,0101000020E61000000133DFC14F8E534078962023A0022940
TIRUMALA AGENCIES,17.081022,82.12863,9246228666,INDIAN OIL DEALERS PEDDAPURAM BYE PASS ANDHRA PRADESH,0101000020E610000035D252793B885440AB4198DBBD143140
CNG Pump,28.1822625,77.3156923,,"58M8+5J, Aghwanpur, Alapur",0101000020E610000056067A4D3454534086C954C1A82E3C40
KDLOW ACCO (CH.KAKANI),16.405855,80.553437,8106352503,CHINAKAKANI l lock T1-360/1/2/3 DNO:135 ANDHRA PRADESH,0101000020E61000005ED905836B23544007EBFF1CE6673040
KESHAV MOTORS,28.398112,77.311482,9811663374,18/1 MATHURA ROAD FARIDABAD OPP. CROWN PLAZA DISTT FRIDABAD,0101000020E6100000BBD23252EF535340292504ABEA653C40
KESHRI FILLING STATION,25.369315,82.924507,9792537908,NH-56SHIVPUR TARNA VARANASI (UP),0101000020E6100000147B681F2BBB544018EC866D8B5E3940
KHAJURI HIGHWAY SER.STN.,23.2426,77.2451,9.19426E+11,INDIAN OIL DEALER VILLAGE KHAJURI BHOPAL INDORE RD BHOPAL (RTD-FDZ),0101000020E6100000F90FE9B7AF4F534075029A081B3E3740
KINNERA F/S,18.776645,79.517837,7331162626,INDIAN OIL DELEARS GODHAVARIKHANI LNO T3-273/C-3-4 ANDHRA PRADESH,0101000020E610000029EACC3D24E15340179AEB34D2C63240
KIRON PETROLEUM AGENCY (MELAGHAR),23.499449,91.339464,9436133836,P.O.- MELAGHAR WEST TRIPURA SIPAHIJALA,0101000020E6100000D78A36C7B9D556401805C1E3DB7F3740
KIRTI PRIYA FUEL STATION,24.89631833,85.52884019,9431227228,NH - 31 VILL BUDHAUL NAWADA BYE PASS DISTT NAWADA,0101000020E610000011378684D8615540C4273A1E75E53840
KISHOR BROTHERS SEWLA,27.126714,78.005363,9319108715,NH-3 SEWLA AGRA GWALIOR ROAD DISTT.AGRA,0101000020E6100000F1660DDE5780534002F2255470203B40
KISHORE & COMPANY,28.50128333,77.28888333,9811154298,LOCK ID NO.I338 IOC DEALERMB ROAD NEW DELHI,0101000020E61000006AAD81107D5253404661B41A54803C40
KRANTI FILLING STATION,28.409698,77.88456,9906033004,BULANDSHAHAR(WML) SIYANA ADDA-ANOOPSHAHAR ROAD ON RHS,0101000020E610000062D68BA19C785340923CD7F7E1683C40
KRISHNA PETROLEUM,21.1796,72.8334,9925151000,IOC DEALERS UDHNA SURAT UDHNA,0101000020E6100000211FF46C56355240925CFE43FA2D3540
KRISHNA SERVICE STATION,26.2372,78.1459,9826215410,TRANSPORT NAGAR GWALIOR S.LOCK-1177/219 TRANSPORT NAGAR,0101000020E6100000211FF46C56895340789CA223B93C3A40
KRISHNA-AVDHUT PETROLEUM,19.788051,72.753357,9890679674,PLOT NO. X-1 TARAPUR INDUSTRIAL AREA TARAPUR BOISAR DIST. PALGHAR,0101000020E61000009C4D4700373052408194D8B5BDC93340
KSS ENTERPRISES,11.56748974,77.90079449,9965594911,INDIAN OIL DEALER SANKARI MAIN RD KONGANAPURAM SALEM DIST. 637102,0101000020E6100000E3BDEE9DA6795340283BE4038E222740
KULDEEP FILLING STATION,27.173827,74.839549,9414117109,DIDWANA ROAD KUCHAMAN CITY DIST. NAGAUR,0101000020E6100000EE98BA2BBBB552406B2920ED7F2C3B40
KUMARAPPA ENTERPRISES,10.770879,79.843763,9965904404,I O C DEALER LOCK NO. 22017 HOSPITAL ROAD NAGAPATTINAM RTD 108 KM,0101000020E6100000CAA4863600F65340AC58FCA6B08A2540
Kunwar Petro World 584,31.229668,75.516884,9815108666,INDIAN OIL PETROL PUMP Jalandhar Nakodar Road (RHS) Vill. Singha,0101000020E6100000D8F4A0A014E152400FF0A485CB3A3F40
L. M. SAHA PETROLEUM AGENCY,23.678395,91.281951,9856348462,AOC AGENTS NH-44 BISHALGARHTRIPURA(W) TRIPURA,0101000020E6100000C504357C0BD2564019C5724BABAD3740
LAKSHMI AGENCIYES,11.765436,78.053238,9791458729,S.F.NO.82/3B 82/4D 93/1 NH 7 BANGALORE ROAD KAMALAPURAM VILLAGE,0101000020E6100000E2395B4068835340B35C363AE7872740
LAKSHMI FUELS,10.869384,76.886166,9.19894E+11,PARTNR:CD.SRINATH & G.MURALI SF.NO.568/2ETTIMADAIVILAGEPGT RD KG.CHAVADI PO COIMBATORE-641105,0101000020E6100000F03499F1B6385340D2544FE61FBD2540
LAKSHYA INDIAN OIL STATION,27.2919817,77.530255,9983448800,INDIAN OIL PETROL PUMP MATHURA ROAD DHORMUI DISTT. BHARATPUR,0101000020E610000097E2AAB2EF615340CE870C50BF4A3B40
LAXMI NATH INDIAN OIL FILLING STATI,28.008383,74.935209,9818032802,NH-11 SIKAR-BIKANER ROAD FATEHPUR DISTT. SIKAR,0101000020E6100000317BD976DABB5240A5D7666325023C40
LAXMI SRINIVASA ENTERPRISES,18.101755,83.137273,8857242701,INDIAN OIL DEALERS S.NO.504/23 ANDHRA PRADESH,0101000020E6100000EC67B114C9C8544059349D9D0C1A3240
LILA SERVICE STATION (I-449),22.502616,88.331257,9433112460,62BURO SHIBTALA MAIN ROAD KOLKATA-700038 KOLKATA,0101000020E61000008C648F503315564043723271AB803640
LINGARAJ FILLING STATION,20.222876,85.844398,9437014451,NUAGAON CHOWK (BHUBANESWAR) KHURDA ORISSA,0101000020E6100000B3B3E89D0A7655403410CB660E393440
LIONSTARR,12.231502,78.194675,9865167011,INDAIN OIL DEALER SY. NO. 225/3ANH - 44 Baisuhalli (V),0101000020E61000005396218E758C5340CDEA1D6E87762840
LOTUS AUTOMOBILES,28.50426667,77.17168333,9910311899,ANDHERIA MOR MEHRAULI GURGAON ROAD ANDHERIA MEHRAULI N.DELHI,0101000020E610000093E713DCFC4A5340E21CD89E17813C40
LUCKY AUTO,19.031519,72.860161,9820421550,292 KOMMRADE HARBANSLAL SION EAST KOLIWADA MARG MUMBAI,0101000020E6100000DC12B9E00C375240DF3312A111083340
M R PETROLEUM-668,31.345043,75.50885,9815322226,IBP PETROL PUMP WARYANA KAPURTHALA ROAD DISTT. JALANDHAR,0101000020E6100000742497FF90E05240B7B6F0BC54583F40
M.A.MOOPAN AND BROTHERS,10.091487,76.345389,9447498230,INDIAN OIL DEALER N.H-47 ALWAYE ERNAKULAM DISTRICT,0101000020E61000007BD976DA1A165340B0045262D72E2440
M.M. AGENCIES,12.649813,78.035268,9566901354,INDIAN OIL DEALERS NH-7 GOLLAPALLI VILLAGE SOOLAGIRI KRISHNAGIRI DISTRICT,0101000020E61000001AA6B6D44182534003081F4AB44C2940
M/S SHRI SAI SERVO CARE,19.30219,77.26578,9890062630,GUT NO 19 VILLAGE MALEGAON TALUKA ARDHAPUR Distrcit Nanded,0101000020E610000094FB1D8A02515340A12DE7525C4D3340
M/S VARDHMAN PETROLEUM,28.715619,77.461485,8010567272,DEALER- INDIAN OIL CORPN DELHI- MEERUT ROAD VILLAGE MORTA,0101000020E61000000DA661F8885D53406F6589CE32B73C40
M/S YYC PETROLEUM,25.78649543,85.03523976,9576639739,MAUZA SHEETALPUR THANA DIGHWARA Thana no 01,0101000020E6100000022E445E41425540AF4DB6C357C93940
MA JANAKI TRANSPORT SERVICE,25.884357,85.289432,9525413510,"AT: ASADAPUR SATPURA ""PO: BHAGAWANPUR VAISHALI"" DISTT-VAISHALI",0101000020E61000009E9ACB0D865255401AFD683865E23940
MAA AHILYA PETROLEUM,25.871905,84.754686,9199032392,INDIAN OIL PETROL PUMP AT:AFFAUR P.S:KHAIRA,0101000020E6100000F12F82C64C3055400938842A35DF3940
MAA ARANYA DEVI SERVICE STN,25.56084,84.63835,9431847455,CHANDWA ARRAH NH-30 BIHAR,0101000020E6100000B459F5B9DA285540E449D235938F3940
MAA BHAWANI FUELS,25.929745,85.766853,9934051025,BIRSINGHPUR DIST. SAMASTIPUR BIHAR,0101000020E6100000BAF59A1E14715540999EB0C403EE3940
MAA CHANDESHWARI DEVI SERVICE STN,25.53140129,84.6190151,9407016829,ARA- JAGSISHPUR ROAD NH30 MALTHAR,0101000020E6100000BB8E82F19D2755402B9A39EA09883940
MAA KRUPA PETROLEUM,22.4047,72.9054,9409402424,INDIAN OIL DEALER SURVEY NO.2615 VILL: KUKERI Tal: Chikhli Dist: Navsari,0101000020E61000001973D712F2395240F2B0506B9A673640
MAA MUNDESHWARI SERVICES,25.22302729,83.48865898,8969696006,VILLAGE:KHAMIDAURA NH-2 PS: DURGAWATI DIST: KAIMUR 821105,0101000020E6100000CA7F503046DF54405FAA045118393940
MAA PETROLEUM,25.847561,84.642014,8877714077,KOPA NH-85 SARAN BIHAR,0101000020E6100000BF64E3C116295540745DF8C1F9D83940
MAA VINDHYAVASINI FUELS,23.73828,86.0456,9.1957E+11,PLOT NO 88 KHATA NO 04 MOUZA- TANTRI PS- Jarisih,0101000020E6100000A52C431CEB825540774A07EBFFBC3740
MADHAV FUELS,28.608684,76.953295,9917091626,DHANSA ROAD MITRAON NEW DELHI NEW DELHI,0101000020E61000002E1C08C9023D53403599F1B6D29B3C40
MADURAI MEENAKSHI AGENCIES(LOCK NO.,10.002606,77.632076,95242 40666,MADURAI ROAD,0101000020E61000008925E5EE73685340F88BD99255012440
MAGNUM FILLING STATION,29.197,78.8922,9412143382,MAORADBAD ROAD KASHIPUR DIST U S NAGAR KASHIPUR,0101000020E6100000705F07CE19B95340DF4F8D976E323D40
MAHADEVI PETROL DEPOT,18.758936,73.828704,9822064488,Survey No.251/1(part) SH No.55 KharabwadiChakan TAL KHED DIST-PUNE,0101000020E61000001F84807C09755240CEC133A149C23240
MAHANAM OIL CITY (R BAZAR),23.830909,91.373172,9436128815,NH-44RANIRBAZAR TRIPURA WEST RANIRBAZAAR,0101000020E61000001BF2CF0CE2D75640BAF3C473B6D43740
MAHAVIR SERVICE STATION,25.24202084,85.00028508,9973145414,DEALER INDIAN OIL CORPORATION LTD VILL- LODHIPUR TOLA- MUTHER NH-83 (Between KM Stone 41-43),0101000020E6100000B651B6AB044055401DC0E813F53D3940
MAHENDRA,28.6618,77.30036667,9899940004,CBD SHAHDARA NEAR SURAJMAL PARK CBD SHANDRA NEAR SURAJ MALL PARK DELHI.,0101000020E6100000571D203539535340287E8CB96BA93C40
MAHENDRA AUTO SERVICE(*),26.090499,85.391979,9431238447,N.H.28 KACHI PAKI CHOWK MUZAFFARPUR BIHAR,0101000020E6100000016E162F165955401A5245F12A173A40
MALIK LAL CHAND & SONS,29.376517,76.974723,9896429299,PANIPAT G.T. ROAD NH-1 DISTT. PANIPATHARYANA,0101000020E61000002DEA93DC613E53405663096B63603D40
MALIK PETROLEUM,26.45516,80.276688,9335444449,51-A/1&2 DADAN NAGAR KANPUR LK NO 21048/22030/21001DIST: KANPUR dada nagar,0101000020E610000085CC9541B51154408672A25D85743A40
MALSI FILLING STATION,30.3857,78.0741,9719055111,MALSI DEHRADUN-MUSSORIE ROAD MUSSORIE ROAD,0101000020E61000008D28ED0DBE8453403411363CBD623E40
MANGAI FUELS,11.70794,77.984156,9443256560,INDIANOIL DEALER SY.NO.31/12B3 SIKKAMPATTI VILLAGE,0101000020E6100000618A7269FC7E53407C0F971C776A2740
MANGAL PETRO,28.688727,77.104723,9212728729,SITE NO. 2 SERVICE CENTRE ROAD S-18 ROAD NO. 43 PITAMPURA NEW DELHI,0101000020E6100000E60819C8B346534048DFA46950B03C40
MANOJ SERVICE STATION,25.2251,84.990944,9334029589,NH 83 JEHANABAD-804408 DIST GAYA BIHAR,0101000020E6100000B70A62A06B3F554061545227A0393940
MANORANJAN SALES & SERVICES,21.5721,71.8433,9427753707,MALPARA Palitana Road Indian Oil Dealer District Bhavnagar,0101000020E6100000E02D90A0F8F55140A60A462575923540
MANSAA,28.659632,77.296829,9810212101,PLOT NO 25A lok no 340 CBD SHAHADRA DELHI PH.2438318,0101000020E610000048E00F3FFF52534023658BA4DDA83C40
MARAN FUEL POINT,23.1648,77.4144,9926673057,INDIAN OIL DEALER VILLAGE NAYAPURA Tehsil Huzur,0101000020E610000098DD9387855A53407C613255302A3740
MARUDHAR FILLING STATION,27.610919,74.792832,9982066905,INDIAN OIL PETROL PUMP VILLAGE KUMASJAGIR State Highway 20,0101000020E61000003ACE6DC2BDB2524049810530659C3B40
MARUTI KISAN SEVA KENDRA,22.6897,73.5568,9979210001,INDIAN OIL DEALER SURVEY NO.606606 P1 & 604 P1 Vill: Vejalpur Tal: Kalol,0101000020E61000006B9A779CA26352401B0DE02D90B03640
MAULI PETROLEUM KSK,18.613064,73.941317,9763414444,VILL - LOHEGAON LOHEGAON-VADGAON SHINDE ROAD TALUKA - HAVELI DISTT PUNE,0101000020E6100000CE8AA8893E7C5240DE5A26C3F19C3240
VEERANJANEYA ROADWAYS,17.447805,82.757155,9849128666,GOKULAPADU (V) LOCK NO.T1 210 THIMMAPUR S.RAYAVARAM MANDAL ANDHRA PRADESH,0101000020E61000002FC03E3A75B054403BFC3559A3723140
MEHTA BROTHERS RAJKOT A SITE,22.2854,70.801,9228069757,DHEBAR ROAD RAJKOT Indian Oil Dealer District Rajkot,0101000020E61000002506819543B35140454772F90F493640
METRO FILLING STATION,27.117766,78.127375,9719040055,VILLAGE NAGLA GARHE ON SH-62 AGRA-FATEHABAD ROAD DISTT. AGRA,0101000020E6100000FED478E926885340AB949EE9251E3B40
METTUR TALUK LORRY OWNERS ASSOC,11.746061,77.785233,9448659868,S.NO.118/5-A NAVAPATTI VILLAGE METTUR TALUK SALEM DIST.636401,0101000020E61000005CAFE9414172534061A417B5FB7D2740
MISHRA MODERN FILLING STN.,25.331623,81.906105,9415634720,INDIAN OIL DEALERNH-76E NAINI IND AREASAMOGAR DISTT : ALLAHABAD,0101000020E61000007E6FD39FFD795440F699B33EE5543940
MISHRA SERVICE STATION ( * ),23.713311,86.198827,9431736153,TELMUCHOO BRIDGE N.H - 32 PUPUNKI (CHAS) BOKARO-827013,0101000020E6100000F4A3E194B98C554087E0B88C9BB63740
MITTAL AGENCIES,26.3561,77.8262,9893160780,JOURA MORENA S.LOCK-1170/219 Morena,0101000020E610000022FDF675E0745340091B9E5E295B3A40
MKR HIGHWAY FILLING STATION,28.841044,77.263999,9319854166,INDIAN OIL DEALER VILLAGE- KHEKHRA DELHI- SAHARANPUR ROAD,0101000020E61000004FCB0F5CE55053403D7FDAA84ED73C40
MM FILLING STATION,28.952192,77.094599,9416778888,INDIAN OIL PETROL PUMP VILL: ASAWARPUR ON NH-1 DIST: SONEPAT,0101000020E6100000FFCEF6E80D4653404983DBDAC2F33C40
MOHAN FILLING STATION KSK,28.292283,77.419811,9718450506/99991,VILLAGE ATELI OML BLOCK BALLABHGARH District Faridabad,0101000020E610000011E0F42EDE5A5340412D060FD34A3C40
MOHINDERA FUEL JUNCTION,29.88985,76.917805,9991027617,VILLAGE & POST OFFICE SAMANA BAHU KARNAL,0101000020E6100000BDC62E51BD3A53407958A835CDE33D40
MOTOR ADES,28.639385,77.173933,8800798989,DR K.S KRISHNAN ROAD NEAR NPL PUSA INSTITUTE PUSA ROAD NEW DELHI,0101000020E61000007EACE0B7214B53408F8D40BCAEA33C40
MOTOR CENTRE,28.702972,77.192553,9810054387,MALL ROAD OPP ALPANACINEMA MALL ROAD DELHI DELHI.,0101000020E6100000CA6FD1C9524C5340F30016F9F5B33C40
MUNEER PETROLEUM,16.230502,80.509817,8985298243,INDIAN OIL PETROL PUMP 4-124 GUNTUR PONNUR ROAD NARAKODURU VIL GUNTUR DISTRICT,0101000020E6100000787C7BD7A0205440A0A9D72D023B3040
MUSAFIR OIL CENTRE,26.182655,85.397789,9837322910,"""PS.AHIYAPUR NH-77 UMANAGAR"" MUZAFFARPUR",0101000020E6100000596DFE5F755955406D73637AC22E3A40
MUSSADI LAL RAM KUMAR,28.774827,78.087846,9837727415,GAJROLA ROAD GARHHMUKTESHWAR DISTT.PANCHSHEEL NAGAR,0101000020E61000006745D4449F855340CB0EF10F5BC63C40
N. G. SAHA,23.802019,91.272901,9436503298,NH-44 BADHARGHAT TRIPURA (WEST) BADARGHAT,0101000020E6100000ED82C13577D1564048C5FF1D51CD3740
N.L.GANDHI - PALSE (HSD) IOC,19.92531,73.878171,9324064170,N.L.GANDHI & CO AT & POST PALSE DISTT.NASHIK NH-60,0101000020E6100000EB5223F43378524069A9BC1DE1EC3340
SRI VIVEKANANDA AGENCIES,16.994254,82.242841,9440177755,S.NO.80/2 SARPAVARAM JUNCTION KAKINADA EAST GODAVARI DIST ANDHRA PRADESH,0101000020E61000003048FAB48A8F5440CDEA1D6E87FE3040
NAKODA FILLING STATION (NIMBAHERA),24.639165,74.676226,9414419936,IOC DEALER NIMBAHERA CITY ROAD PO KAILASH NAGAR TEHSIL- NIMBHAREA DISTT- CHITTORGARH (RAJ.),0101000020E61000001DAD6A4947AB524072BF4351A0A33840
NAMAN ENTERPRISES,28.786206,77.040606,9810499933,KH. NO: 178/14 SAMAYPUR BADLI TO BAWANA ROAD VIA POOTHKHURD,0101000020E61000005E81E8499942534042EBE1CB44C93C40
NANDANI FUEL CENTRE,25.84353415,87.53382446,9852125421,INDIAN OIL RETAIL OUTLET KASBA TOWN SH-60 PURNEA,0101000020E61000005060112E2AE25540254FA3DAF1D73940
NARAYAN FUEL STATION,19.032544,72.87774,9969198930,SURVEY NO.8PHASE I 120 FT ROADD P ROAD WADALA TT MUMBAI.,0101000020E6100000079964E42C38524058AEB7CD54083340
NATIONAL AUTO SERVICE,25.685952,85.2312404,9844026247,MG SETU ROAD HAJIPUR PO HAJIPUR DIST VAISHALI-844101 BIHAR,0101000020E6100000E5E088A4CC4E554034A0DE8C9AAF3940
NATIONAL SERVICE STATIONHOSUR,12.748159,77.807951,9443377750,INDIAN OIL DEALERS BANGALORE ROAD SIPCOT HOSUR. LOCK NOS 1101222008,0101000020E610000050711C78B5735340876A4AB20E7F2940
NATRAJ PETROLEUM,22.2797,70.8109,7359572808,KOTHARIA MAIN ROAD NEAR SORATHIAWADI CIRCLE RAJKOT CITY GUJARAT,0101000020E6100000E4141DC9E5B35140F2B0506B9A473640
NCR FILLING STATION,28.699083,77.6025,7533905884,INDIANOIL DEALER VILLAGE LAKHAN BETWEEN KM STONE 36 & 38 NH-24,0101000020E6100000C3F5285C8F66534088307E1AF7B23C40
NEELAM PETROLEUM,23.3455,73.0766,7096588930,INDIAN OIL DEALER CITY SURVEY NO. 4574TPS NO.3 FP NO. 144 KATARGAM,0101000020E6100000E9B7AF03E74452409CC420B072583740
NEEV PETROLEUM,19.739367,74.118389,9320103758,INDIAN OIL DEALERS S.NO.452(P) VILL:DODI(BUDRUK) Tal: Sinnar Dist: Nashik,0101000020E610000031CD74AF93875240DCBDDC2747BD3340
NETHRAVATHI SERVICE STATION,12.867579,74.918179,8971561639,INDIAN OIL DEALERS NH 75 ADYAR KANNUR DAKSHINA KANNADA DISTRICT,0101000020E6100000EF37DA71C3BA52408C648F5033BC2940
NEW AGRA SERVICE STATION,27.2111815,78.0030202,9760048161,NEAR TULSI CINEMA AGRA AGRA - 282 002 (U.P.),0101000020E61000008D0EA37B318053402D05A4FD0F363B40
NEW ROYAL AGENCY,8.979991,77.247177,9489561489,SHENCOTTAH NH-208 KOLLAM ROAD THIRUNELVELI DISTRICT,0101000020E6100000B2D47ABFD14F5340A9BF5E61C1F52140
NGP ESTATE MOTORS AGENCIES,11.063326,77.036758,9.19944E+11,Indian Oil Dealers S.F.No.287/3-A Kalapatti Road Kalapatti Coimbatore,0101000020E610000073F7393E5A42534016F9F5436C202640
NIRAJ AUTO,20.6546,73.1687,9825097290,INDIAN OIL DEALER IOC DEALER PANIKHADAK LOCK NO. 12005,0101000020E610000074B515FBCB4A52402BF697DD93A73440
NIRMAN PETROLEUM,22.4635,73.442,9824167585,IOC DEALER BASKA TALUKA HALOL DISTRICT: PANCHMAHALS,0101000020E61000003F355EBA495C52402DB29DEFA7763640
SREE DEVI PRASAD SERVICES,17.373876,82.586522,9848026734,NAMAVARAM VILLAGE PLOT NO.120 PAYAKARAOPET MANDAL LOCK NO.T1 42 ANDHRA PRADESH,0101000020E61000009C18929389A5544061C26856B65F3140
NITYAKRUPA SERVICE STATION,20.9602,73.172,9426884229,MAHUVA ANAVAL ROAD PO KARCHELIA TAL MAHUVA DIST. SURAT,0101000020E61000005EBA490C024B5240849ECDAACFF53440
NOIDA AUTOMOBILES,28.585752,77.309298,9810633790,POLT NO B -567 SECTOR - 14 NOIDA-201 301 GAUTAM BUDH NAGAR,0101000020E6100000F7ADD689CB5353400C91D3D7F3953C40
Nuh F/Stn,28.09484,77.006603,9899426644,Nuh on Alwar Road Nuh Distt Mewat,0101000020E61000008D43FD2E6C405340475A2A6F47183C40
OM FUEL CENTRE,25.6956,86.95918,8051682327,GORPAR PS-BIHARIGANJ DIST-MADHEPURA,0101000020E61000008CBE823463BD5540FC1873D712B23940
OM PETROLEUM SERVICES,18.731852,76.409004,9423714505,GAT NO. 93 (B) VILLAGE AMBEJOGAI KAIJ-AMBEJOGAI-AHMEDPUR ROAD SH-156 TAL : AMBEJOGAI DIST : BEED,0101000020E6100000B9FB1C1F2D1A53401F8315A75ABB3240
OM SAI AUTOMOBILES,24.86254246,85.5011859,9572618244,MAHANANDPUR TALUKA- AKBARPUR Nawada,0101000020E6100000D86D066E13605540841C2995CFDC3840
OM SAI FILLING STATION,26.815455,83.871672,9415213319,PLOT NO. PP-01 GH-03 SECTOR-16C GREATER NOIDA(WEST) NOIDA EXTENSION,0101000020E6100000B1355B79C9F75440145CACA8C1D03A40
ONKAR FILLING STATION,29.100329,77.281251,9837577406,INDIAN OIL DEALER VILL- PATTI BAZIDPUR TEHSIL- BARAUT,0101000020E6100000E8BD31040052534023D74D29AF193D40
OXYGEN FUELS,11.039922,77.000752,9.18904E+11,IOC DEALERSSF.NO.49&50 GANDHIMA NAGARFIER SERVICE STN RD PEELAMEDU (PO) GANAPATHY,0101000020E610000006DA1D520C40534026C808A870142640
PADAM PETROLEUM,28.624502,77.374954,8860088743,PLOT NO - PP 1 SECTOR - 63 NOIDA-201 307 GAUTAM BUDH NAGAR,0101000020E610000048E00F3FFF5753405E49F25CDF9F3C40
SIVAJYOTHI ENTERPRISES,17.732397,83.317739,9848503187,Indian Oil Dealers-LOCK NO.T1 71 Resapuvanipalem ANDHRA PRADESH,0101000020E61000007B6AF5D555D4544042B0AA5E7EBB3140
PANIMALAR QUALITY FUELS,10.09922999,77.95974063,9.19994E+11,INDIANOIL DEALERS KULASEKARANKOTTAI VILLAGE VADIPATTI TALUK T.ANDIPATTI -,0101000020E6100000849FF6636C7D534031AAF345CE322440
PANKAJ SERVICE STATION,26.874046,80.86448,9415002503,LUCKNOW- HARDOI ROAD NEAR DUBAGGA NEAR DUBAGGA LUCKNOW,0101000020E6100000F302ECA3533754401A33897AC1DF3A40
PARAS AUTOMOBILES,28.531431,77.062644,9891050302,"""VILLAGE BIJWASAN"" KAPASHERA - BIJWASAN ROAD ND DELHI",0101000020E61000009AD2FA5B02445340A114ADDC0B883C40
PARASHURAM PETROLEUM SERVICES,25.2376,86.853854,9431213437,HARIO AKBARNAGAR HARIO AKBARNAGARBHAGALPUR BIHAR,0101000020E6100000C3633F8BA5B655409487855AD33C3940
PATCO AUTO SERVICE,19.101038,72.839253,9819902727,398SWAMI VIVEKANAND ROAD VILE PARLE(W) INDIAN OIL DEALER,0101000020E610000079043752B63552403BA759A0DD193340
PAUL FILLING STATION-683,31.35839,75.592985,9357203615,IBP PETROL PUMP JALANDHAR JALANDHAR PATHANKOT ROAD JALANDHAR,0101000020E610000030815B77F3E55240A4367172BF5B3F40
PIMPLE PETROLEUM,18.632769,73.799956,9822064640,C S NO. 4695 GAT NO.29 NH4PIMPRI TAL- HAVELI DIST : PUNE,0101000020E61000004B8FA67A3273524031EC3026FDA13240
PINDESHWAR PETROLEUM,21.2589,72.6687,9879241121,INDIAN OIL DEALER BLOCK NO.442VILL: PINJRAT Tal: Olpad Dist: Surat,0101000020E610000074B515FBCB2A524035EF384547423540
POLICE WELFARE FILLING STN(BHOPAL),23.2118,77.3891,8839184399,INDIAN OIL DEALER POLICE LINE NEHRU NAGAR BHOPAL (RTD-FDZ),0101000020E6100000E9B7AF03E7585340F54A598638363740
POLICE WELFARE FILLING STN(KAMPOO),26.1879,78.1491,755,SAF 2ND BATTALION KAMPOO S.LOCK-1185 & 1186/219 KAMPOO,0101000020E61000005AF5B9DA8A8953401CEBE2361A303A40
POLICE WELFARE FILLING STN.(GWL),26.2188,78.1531,9826279129,SUP. OF POLICE DRP LINE LASHKAR GWALIOR-474008 LOCK NO. 1143/219,0101000020E61000002041F163CC895340645DDC4603383A40
POOJA PETROLEUM,20.9454,72.9668,9586255999,INDIAN OIL DEALER SURVEY NO. 188 VILL:KABILPORE Dist: Navsari,0101000020E610000076711B0DE03D52406EA301BC05F23440
POONAM AUTO SERVICE,19.053312,72.88616,9769997209,SION TROMBAY ROAD SUMAN NAGAR CHEMBUR MUMBAI.,0101000020E61000007FC16ED8B6385240FE7BF0DAA50D3340
POORNIMA ENTERPRISES,8.777286,78.09054,9443361951,INDIAN OIL DEALER KORAMPALLAM TUTICORIN.,0101000020E6100000B6BE4868CB855340FE463B6EF88D2140
POPULAR FUEL SERVICE,12.725991,77.854292,9442265061,MORNAPALLIMARUTI NAGAR NH-7KRISHNAGIRI MAIN RD HOSUR HOSUR,0101000020E6100000014F5AB8AC7653407461A417B5732940
PRAGATI,28.641304,77.229068,9711144917,JAWAHAR LAL NEHRU MARG OPP RAMLILA GROUND LOCK ID NO. I 344,0101000020E6100000D923D40CA94E534043CBBA7F2CA43C40
PRAGATI PETROLEUM,21.9716,73.6486,9979166478,INDIAN OIL DEALER SURVEY NO.20/P VILL: DEVALIYA Tal: Tilakwada Dist: Narmada,0101000020E6100000E10B93A98269524029CB10C7BAF83540
PRAKASH EXPRESSWAY FILLING STATION,18.790611,73.299609,9820954554,MUMBAI-PUNE EXPRESSWAY SANJGAON TALUKA KHALAPUR DISTT.RAIGAD.,0101000020E610000096253ACB2C5352409CDB847B65CA3240
PRASAD FUELS,26.01261671,85.57973094,8905346118,MAUZA - MIRAPUR PS - SAKRA Dist. Muzaffarpur,0101000020E6100000E1F1CC4F1A65554047D544D93A033A40
PRASHANSHA PETROLEUM,20.99184,73.02494,9724160006,SURVEY NO.465 VILL: SUPA ON NAVSARI BARDOLI ROAD TAL: NAVSARI DIST: NAVSARI,0101000020E61000002F17F19D9841524059DDEA39E9FD3440
PRITI AND GEETA AUTOMOBILE,23.6676,86.2038,9065466818,PLOT NO-523518 KHATA NO-26 NH 32 Dist-Bokaro,0101000020E610000030BB270F0B8D554042CF66D5E7AA3740
PRIYANKA SERVICE STATION,28.725063,77.125704,9811112311,DISTRICT CENTRE II SECTOR 13 NEW DELHI,0101000020E61000007D3ECA880B485340268A90BA9DB93C40
PUJASHRI FI/S,26.38288754,73.06692942,9314640114,(INDIAN OIL DEALER) MANDORE IND AREA NAGAUR ROAD JODHPUR,0101000020E610000093825592484452408C58F6EA04623A40
PUNAM SUPER PETROLEUM,25.92756701,85.60066727,7070226001,INDIANOIL PETROL PUMP AT:DIHULI ISHAQUE BLOCK+P.S:SAKRA,0101000020E61000005E1B2255716655406BCC140875ED3940
PURNA PETROLEUM AGENCY,23.610679,91.340954,9436122098,NH-44 BISRAMGANJ BISRAMGANJ DIST : WEST TRIPURA,0101000020E61000002FDCB930D2D556409F5A7D75559C3740
PUSHPAK AUTO & GAS STATION,19.13944,72.864881,8268618546,OPP MAJAS BUS DEPOT JOGESHWARI VIKHROLI LINK ROAD JAGESHWARI (E) MUMBAI 60,0101000020E6100000A27BD6355A37524016C1FF56B2233340
QUALITY PETROLEUM PRODUCTS,11.1272978,77.030586,9.19943E+11,SF NO 231/2A1 231/2B SATHY ROAD SARKARSAMAKULAM COIMBATORE TIN 33922208615,0101000020E6100000CA6DFB1EF54153409BB45F2D2D412640
QUEENS ROAD SERVICE STATION,28.56006667,77.1699,9.19959E+11,VASANT VIHAR OUTER RING ROAD VASANT VIHAR N DELHI LOCK ID NO. I 346,0101000020E6100000C9E53FA4DF4A5340C93A7F87608F3C40
QUTAB SERVICE STATION,28.53461667,77.19628333,9811021862,OPP STC & MMTC HOUSING COLONY MEHRAULI RD N DELHI MEHRAULI N.DELHI,0101000020E610000066C6F4E78F4C5340E28B59A3DC883C40
R K SERVICE STATION,28.583255,77.191744,9811080862,OPP. CHANAKYA CINEME YASHWANT PLACE NEW DELHI,0101000020E6100000124DA088454C53407E3A1E3350953C40
R R AUTO,28.27874,77.85741,9719627588,INDIAN OIL DEALER ON NH-91 B/W KM STONE 84&86 KHURJA,0101000020E6100000DB5031CEDF765340481630815B473C40
R. C. AUTO FUELS,28.194594,76.594945,9812109999,QUTUBPUR ON REWARI-NARNAUAL ROAD REWARI DISTT REWARI,0101000020E6100000CC7A31941326534071FF91E9D0313C40
R.K. FUELS,25.08930608,84.46925582,9471242366,ON NH-98 SHAMSHERNAGAR Distt: Aurangabad,0101000020E6100000E4169049081E554018EF64C3DC163940
Think Gas CNG Station,31.4716375,75.6290781,,"FJCH+MJ4, Nizamudinpur",0101000020E61000004F88CAD042E852403411363CBD783F40
R.K.AMAR SAHEED SERVICE STATION,28.711555,77.110142,9213731531,DDA COMMUNITY CENTRE SECTOR-6 ROHINI NEW DELHI,0101000020E6100000A0FA07910C475340274EEE7728B63C40
R.N. PETRO CARE,28.778597,77.045111,9810275485,VILLAGE-POOTH KHURD DELHI BAWANA ROAD DELHI-110039,0101000020E6100000276C3F19E342534083C30B2252C73C40
RADHEY PETROLEUM,22.7352,70.9329,9824228750,SURVEY NO:107/P1/P2 LOCATION:VILLAGE-MAKANSAR Taluka:Morbi Dist:Morbi,0101000020E61000000F9C33A2B4BB5140EA04341136BC3640
RAFFID DREAMS FUEL SERVICE,12.570341,78.173894,9443225303,INDAIN OIL DEALER S. NO. 215/2 NH - 7 KRISHNAGIRI,0101000020E61000001FBE4C14218B5340C9224DBC03242940
RAJ AUTO SERVICE,19.097016,72.839367,9821453175,18S.V.ROAD VILE PARLE ( WEST ) S V ROAD,0101000020E6100000DD955D30B83552405130630AD6183340
RAJ AUTOMOBILE,26.16905,85.3601,8877774610,INDIAN OIL RETIAL OUTLET AT:KOLHUA PAIGAMBARPUR P.S:AHIYAPURBLOCK:KANTI,0101000020E610000089D2DEE00B57554088635DDC462B3A40
RAJ FUELS,26.24562044,85.23622598,8811024311,INDIAN OIL RETIAL OUTLET AT:PANAPUR P.S:MINAPUR,0101000020E610000032A492531E4F554075072DFBE03E3A40
Adani Gas CNG Station,28.4862324,77.3101492,,"E-1-3131, Tajpur Rd, Block D, Molar band Extension, New Delhi",0101000020E61000005BB8077CD95353406E4100BA797C3C40
RAJASTHAN HIGHWAY SERVICE STATION,28.518014,77.081336,9811038654,GURGAON ROAD KAPASHERA BORDER DELHI. TEL.LOCK NO 348,0101000020E610000032FFE89B34455340C2DEC4909C843C40
RAJASTHAN RAJPATH FILLING STATION,28.52475,77.101001,9599414443,NATIONAL HIGHWAY NO.8SAMALKHA N DELHI. LOCK NO 349,0101000020E610000040F7E5CC764653407593180456863C40
RAJIV FILL & DRIVE,28.587311,77.351475,9873077777,SECTOR-33 OPP NTPC BUILDING NOIDA-201301 GAUTAM BHUDHA NAGAR,0101000020E61000002497FF907E565340C09481035A963C40
RAJLAXMI PETROHUB,18.594634,73.729386,9822887505,SURVEY NO.257/1/C VILLAGE HINJAWADI TALUKA MULSHI DISTRICT PUNE,0101000020E6100000420A9E42AE6E5240F4160FEF39983240
RAJU SERVICE STATION,22.693049,88.744349,9732924344,VILL-PASCHIM BIBIPUR PO-BEGAMPUR PS-BASIRHAT Dist. North 24 Parganas,0101000020E6100000DCF3FC69A32F56408786C5A86BB13640
RAKHI FUELING POINT,15.2458,80.024,9346514299,PRAKASAM (DIST) LOCK NO - D1-4950 OLD SINGARAYAKONDA PRAKASAM (DIST) ANDHRA PRADESH,0101000020E6100000A8C64B3789015440AEB6627FD97D2E40
RAM MURTEE FUELS,28.541034,77.153783,9818369369,VASANT KUNJ OPP GRAND HYATT NEW DELHI,0101000020E610000092EBA694D749534029064834818A3C40
RAM PRAKASH SINGH FUEL CENTRE,25.492269,86.473275,9431231154,"""NH-31 RAHIMPUR MUFFASIL"" ""KHAGARIA BIHAR"" KHAGARIA",0101000020E6100000ECC039234A9E5540AAD55757057E3940
RAM SHIV HOSPITAL SANSTHA,26.428303,80.306862,8934810004,LOCK NO IG-3608 JUHI PARAG DAIRY LOCK NO.IG-3608 Bye pass,0101000020E6100000A69883A0A313544058C7F143A56D3A40
RAMA SERVICE STATION,28.71056667,77.45623333,9999445893,INDIAN OIL DEALER 23.7MEERUT ROAD.MORTA DISTT.GHAZIABAD.,0101000020E61000007EEC47ED325D5340124781B2E7B53C40
RAMAMANI MOTORS,20.265007,85.792442,9437025358,IOC DEALER BARAMUNDA NH-5 BHUBANESWAR,0101000020E6100000847EA65EB77255400936AE7FD7433440
RAMDAYAL & SONS,26.5341,72.88441,7568449150,INDIAN OIL DEALER JODHPUR ROAD TINWARI TEH.-OSIAN DISTRICT - JODHPUR RURAL(RAJASTHAN),0101000020E61000005890662C9A38524029CB10C7BA883A40
RANJITH SERVICE STATION,12.7135,77.7052,8792216876,INDIAN OIL DEALERS SY.NO.72/6HALDENAHALI VILLAGE ANENKAL TALUK BANGALORE,0101000020E6100000E9482EFF216D53405A643BDF4F6D2940
SRI V. NAGA SATYANARAYANA AGENCIES,17.689571,83.103928,9866323799,NH-5 ROAD PADAVADALANKELAPALEM ROAD ANDHRA PRADESH,0101000020E6100000E048A0C1A6C6544020459DB987B03140
REGAL PETROLEUM,18.682075,73.82599,8999669247,GAT NO 63 CHIKHALI MOSHI ROAD PIMPRI CHINCHWAD TALUKA HAVELI DIST PUNE,0101000020E6100000AD342905DD745240516B9A779CAE3240
KRISHNA SAI FILLING STATION,18.293449,83.862577,9848023738,NEAR NAVBHARAT JUNCTION OPP. INDUSTRIAL AREA ANDHRA PRADESH,0101000020E61000000952297634F754403D0B42791F4B3240
RGK FUELS,10.663213,79.446924,9095639123,IOC DEALERS 38-A RUKUMANIPALYAM ROAD MANNARGU,0101000020E61000000AF31E679ADC5340699082A790532540
RISAL PETRO,28.732709,77.198521,9899249866,VILLAGE JHARODA MAJRA OPP STA TPT AUTHORITYBURARI ROADNEW DELHI DELHI,0101000020E61000006EA46C91B44C5340207C28D192BB3C40
RKBK - BAKSHI KA TALAB,26.975874,80.923596,8756402018,LUCKNOW SITAPUR ROAD BAKSHI KA TALAB LUCKNOW,0101000020E6100000DAAD65321C3B54404704E3E0D2F93A40
ROHIT SERVICE STATION,28.856947,77.124211,9810517863,22/4SINGHU BORDER G T KARNAL ROAD DELHI LOCK CODE - I-565,0101000020E61000006CB3B112F3475340C367EBE060DB3C40
ROOP FILLING STATION,28.698278,77.313533,9814027207,WAZIRABAD WAZIRABAD ROAD U.P.BORDER NEAR GAGAN CINEMA DELHI,0101000020E6100000E04DB7EC105453402B84D558C2B23C40
ROSE FILLING STATION-153,31.244791,75.743507,9814045193,INDIAN OIL PETROL PUMP G.T. ROAD MEHATA PHAGWARA-144001PUNJAB A SITE,0101000020E61000003656629E95EF5240EA5A7B9FAA3E3F40
ROYAL SERVICE,19.109868,72.874031,9004214665,IOC DEALERS MAROL ANDHERI (E) MUMBAI.,0101000020E61000002C2CB81FF03752407EE02A4F201C3340
ROYALE KISAN SEWA KENDRA,28.247171,77.888855,7520963310,VILLAGE BAGRAI KALAN POST BAGRAI KALAN TEHSIL KHURJA,0101000020E6100000B6F81400E378534006854199463F3C40
RUCHIKA SERVICE STATION,28.60358333,77.3358,9810234471,KUNDLI GHAROLI KONDLI GHARAOLI NEAR MAYUR VIHAR PH-III NEW DELHI-96,0101000020E6100000CC7F48BF7D555340C2C2E66F849A3C40
RUDRAPUR PAC FUELS,28.9887655,79.399566,8865988336,INDIAN OIL PETROL PUMP 31ST BN PAC CAMPUS VILL: JAGATPURA RUDRAPUR U S NAGAR,0101000020E6100000FCA5457D92D95340C0E95DBC1FFD3C40
RUKMANI SERVICE STATION 18038507,28.666482,77.481548,9.19872E+11,INDIAN OIL RETAIL OUTLET NH-24 MEHRAULI HAPUR BY PASS ROAD GHAZIABAD UTTAR PRADESH,0101000020E610000012DDB3AED15E5340675F79909EAA3C40
RUMA FUEL CENTER,25.402689,86.959973,8521516312,AT+PO-DAYALPUR PS-JHANDAPUR OP BLOCK-BIHPUR DIST. - BHAGALPUR BI,0101000020E6100000C102983270BD55407D7555A016673940
RV CLASSIC FUELS,12.601585,78.124455,8148876077,INDIAN OIL DEALER NH-7 KURUBARAPALLI VILLAGE KURUBARAPALLII POST,0101000020E6100000B7B41A12F78753404087F9F202342940
S. K. PETROLEUM AGENCY,23.844911,91.28373,9415025541,ABHOYNAGAR NEAR KUNJABAN DEPOT PO ABHOYNAGAR AGARTALA DISTRICT WEST TRIPURA,0101000020E610000039B9DFA128D25640D90759164CD83740
S.S.FILLING STATION,26.706533,80.837448,9451954656,ON LUCKNOW - KANPUR ROAD NH25 BANTHRA TEHSIL:SIKANDERPUR LUCKNOW,0101000020E610000070067FBF98355440768BC058DFB43A40
SABARWAL SERVICE STATION,28.56495,77.1776,9718393560,R K PURAM NEW DELHI SECTOR V,0101000020E610000041F163CC5D4B53400DE02D90A0903C40
SADBHAVANA FILLING STATION,30.618114,76.94045,9872095076,INDIAN OIL RETAIL OUTLET NH73 BILLA PANCHKULA-BARWALA ROAD DIST: PANCHKULA,0101000020E61000007C613255303C5340223317B83C9E3E40
SAHA SERVICE STATION (ADHOC),22.4368,87.8572,9.19812E+11,COCO KOLAGHAT KHARISHA KOLAGHAT (NH- 6) PURBA MEDINIPUR,0101000020E61000006688635DDCF655408FE4F21FD26F3640
SAHAJANAND PETROLEUM,21.34,70.2477,9428836761,INDIAN OIL DEALER SURVEY NO.74 VILL:NADOD Tal:Jalalpore Dist: Navsari,0101000020E610000007CE1951DA8F5140D7A3703D0A573540
SAHEED RAMBACHAN SERVICES,25.660555,85.297141,9931943289,AT:MAILEPO & PS: BIDUPUR BAZAR AT:MAILEPO & PS: BIDUPUR BAZAR DISTRICT VAISHALI,0101000020E61000003F53AF5B045355409335EA211AA93940
SAHIL SERVICE CENTRE,18.80027,73.294168,9764869171,"""OPP.BHUSHAN STEELVILLAGE NIFAN ""KHOPOLI-PEN ROAD DISTT. RAIGAD""",0101000020E6100000E7E104A6D35252404DF8A57EDECC3240
SAHYOG PETROLEUM,21.0753,72.8884,9726133366,"""BLOCK NO.243/2/P VIL. LAJPORE"" NAVSARI ROAD DIST. SURAT NAVSARI ROAD DIST. SURAT",0101000020E61000000D71AC8BDB38524088635DDC46133540
CNG Station,11.4450087,75.8727794,,"Sivapuram, Ekarool",0101000020E6100000D7E7209EDBF75240F7DE292ED8E32640
SAI GANESH PETROLEUM,18.747353,74.233375,9922061061,GAT NO.1101(P) SH-60 VILLAGE RANJANGAON GANPATI Pune - Ahmednagar Road,0101000020E61000000E2DB29DEF8E52404791B58652BF3240
SAI LEELA A/S. KUNDANPALLY,18.748339,79.435964,8341439268,INDIAN OIL DEALERS KUNDANPALLY LOCK NO T3-208 A-5-4 RAMAGUNDAM TELANGANA,0101000020E6100000EF8E8CD5E6DB534044520B2593BF3240
SAI PETROLEUM,21.0974,72.8714,9825141441,BLOCK NO. 381SURVEY NO. 415 VILLAGE SACHIN TAL. CHORYASI SURAT,0101000020E6100000006F8104C537524062A1D634EF183540
SAI RAM SERVICE STATION,28.721112,77.109498,9810629786,3/B-4 DISTICT CENTRE 1 NEAR RITHALA METRO STN ROHININEW DELHI-85,0101000020E61000008E3EE60302475340CFC0C8CB9AB83C40
SAI SAMARTHA PETROLEUM,18.569735,73.817155,9960001515,S.NO. 13\1 1+2 PLOT NO. 3 SPICER COLLEGE ROAD SHITOLE NAGAR SANGVI DIST PUNE,0101000020E6100000D3307C444C745240F6622827DA913240
SAII VENKATESWARA FUELS,12.024528,78.098427,9500422900,. 130/8130/3130/4130/7 PAGALAHALL PALAYAMPUDUR,0101000020E6100000C782C2A04C8653402EAC1BEF8E0C2840
M/S VKR.PETRO POINT,17.727589,83.044865,9949967289,INDIAN OIL DEALERS S.NO. 241/14P 16P 17P ANDHRA PRADESH,0101000020E61000000BEF7211DFC25440E9EDCF4543BA3140
SAINI FILLING STATION,30.413418,76.407341,9876138476,INDIAN OIL PETROL PUMP SIRHIND RD SH-31 Vill. Akalimajri,0101000020E61000007A54FCDF111A5340E69315C3D5693E40
SAKTHIVEL FUEL STATION,10.908044,77.008995,9003955330,SF NO 395 MALUMICHAMPATTI VILLAGE MADUKKARAI,0101000020E6100000F6B4C35F9340534076A8A624EBD02540
SALEM DISTRICT LORRY OWNERS,11.636291,78.122116,9894335577,ASSOCIATIONREGD.NO.5/1948 IOC DEALERS SF NO.131/2A1/2A2 BANGALORE BYE PASS ROADSALEM.,0101000020E61000006094A0BFD0875340707A17EFC7452740
SWAMY AUTO CARE,16.916935,82.20771,8857242701,INDIAN OIL DEALERS S.NO.92/2 92/3 ANDHRA PRADESH,0101000020E61000005743E21E4B8D5440C98E8D40BCEA3040
SANGAM MILK PRODUCER CO. LTD.,16.23829,80.560753,7680987201,SANGAM DAIRY VADLAMUDI lock T1-349/50/1 DNO:131 ANDHRA PRADESH,0101000020E610000092088D60E3235440BEF6CC92003D3040
SANJAY SURYA AGENCIES,10.959785,77.10746,9.196E+11,INDIAN OIL DEALER SF NO 25 2B2 AND 2C PAPPAMPATTI PALLADAM ROAD TK CBE 641016,0101000020E61000003468E89FE0465340FA6184F068EB2540
SANJU INDIAN OIL,27.4214459,74.5658676,9982167875,INDIAN OIL PETROL PUMP KHASRA NO. 215PATHANO KA BADH TEHSIL DIDWANA DIST. NAGAUR,0101000020E61000006DF7BC2C37A452408588E5E0E36B3B40
SANKAGIRI LORRY OWENER'S ASSOCIAATI,11.47982,77.881706,9965538955,INDIANOIL DEALERS S.NO.555/12 VAIKUNTHAM VIL. SANKARI TALUK SALEM DIST.,0101000020E6100000F7AB00DF6D785340F6EE8FF7AAF52640
SANTOSH LUBRICANT OILS,27.23138,78.161233,9837098373,DHERERA NH-2 AGRA-FIROZABAD ROAD AGRA,0101000020E61000004D8237A4518A5340D0F23CB83B3B3B40
SARADHA AGENCIES,11.606636,78.146238,9791280911,INDIAN OIL DEALER SF.NO.68/1A22A2 NILAVARAPATTI VILLAGE,0101000020E6100000ADDBA0F65B8953400B2769FE98362740
SARAIYA SERVICE STATION,26.034682,85.147564,9496463804,REWAGHAT ROAD SARAIYYA MUZAFFARPUR BIHAR,0101000020E6100000498446B07149554087C267EBE0083A40
SARAVANA ENTERPRISES,9.084823,77.803146,8056809433,INDIAN OIL DEALERS EDAISEVAL VILLAGE(ON NH7) KOVILPATTI-KATATHAR LEFT SIDE,0101000020E610000072FA7ABE66735340B0E595EB6D2B2240
SARDA AUTO FUEL,26.2433,78.2096,9425112121,"""PINTOPARK JADERUAKALA GWALIOR"" ""TEHSIL-GWALIOR DIST-GWALIOR (MP)"" LOCK NO. 1015 & 1016/219",0101000020E6100000764F1E166A8D5340E71DA7E8483E3A40
SARDHAR JVKSM LTD. A-SITE,22.1385,70.9841,9687924800,SH 25 Rajkot-Atkot Road SARDHAR Indian Oil Dealer District Rajkot,0101000020E610000097FF907EFBBE5140FA7E6ABC74233640
SARHAAN PETROLEUM,18.627504,73.852653,9130989989,S.NO.198 HISSA NO.1. PUNE NASIK ROAD BHOSARI TAL HAVELI DIST PUNE.,0101000020E61000008675E3DD91765240F31B261AA4A03240
SARIKA FUELS,25.84618487,84.87235897,9431407152,AT-MAIKI PO & PS GARKHA Saran Bihar,0101000020E61000006CA1B7BAD43755401F0557929FD83940
SATBIR FILLING STATION,28.533834,77.107049,9811066601,IGI AIRPORT NH-8 DELHI JAIPUR ROAD RANGPURI N.DELHI,0101000020E610000073840CE4D94653402C7E5358A9883C40
SATYAM SERVICE STATION,22.254438,84.852747,9437221620,SECTOR -17 RSP TOWNSHIP ROURKELA DIST-SUNDERGARH,0101000020E6100000C63027689336554012DC48D922413640
SATYASHANTI AUTO SERVICE - DAHISAR,19.253891,72.866239,9930553552,IOC DEALERS DAHISAR MUMBAI 400 093.,0101000020E610000043E1B37570375240ADBF2500FF403340
SAVITA FILLING STATION,28.586105,77.260671,9873479677,BEHLOLPUR OUTER RING ROAD SARAI KALE KHAN BUS TRMNL. N.DELHI,0101000020E610000000016BD5AE505340A7052FFA0A963C40
SAVITRI FILLING STATION,28.123115,76.300062,9968821363,VILL BOCHARIYA 85-87 KM STONE Distt M.Garh-PH no. 9891108227 ON SH-26 ON REWARI-NARNAUL,0101000020E61000006E313F3734135340A4A5F276841F3C40
SAVITRI FUELS,23.76657325,86.01135294,9835584403,NEAR PHUSRO RAILWAY STATION P.S.- BERMO P.O.-PHUSRO DISTT.-BOKARO,0101000020E6100000DC80AE01BA8055400ABDFE243EC43740
SD.KUMAR SINGH(VC)F/STN-6688,27.17480833,77.55320833,9571410017,BET. MILE STONE 48-49 AGRA ROAD NH-11 BHARATPUR (RAJ.),0101000020E6100000634EE9C3676353401B6B1C3DC02C3B40
SDCMPU LTD.,11.670288,78.085531,7373704828,S.NO. 31/3A&4A THALAVAIPATTY SALEM,0101000020E6100000D4F203577985534070CD1DFD2F572740
SETHI AUTO S/STN,28.544977,77.121947,9.1981E+11,NH8 MAHIPALPUR DELHI NH8 MAHIPALPUR DELHI DELHI,0101000020E61000001A36CAFACD4753407B12D89C838B3C40
SETHI AUTO S/STN-MANGOLPURI,28.697023,77.112654,9810125134,NEAR JAIPUR GOLDEN HOSPITALROHINI OUTER RING ROAD MANGOL PURI. NEW DELHI,0101000020E6100000DF701FB935475340508F6D1970B23C40
SHAHEED HARINDER SINGH FILLING STN,27.161015,77.936302,9760604358,NH-11VILLAGE PATHOLI AGRA-FATEHPUR SIKRI ROAD DISTT. AGRA,0101000020E61000007B4B395FEC7B53405A2A6F4738293B40
SHAHEED KHADAG SINGH PETROLEUM,28.051987,75.481,8290815129,IOC PETROL PUMP BADAGAON Distt JHUNJHUNU,0101000020E6100000105839B4C8DE524031D120054F0D3C40
SHAHEED MOHAMMAD JAKAR FILLING,28.135492,75.383227,9460541686,CHURU BYEPASSWARD NO.1 JHUNJHUNU-DISTT JHUNJHUNU BHANDHE KA BALAJI KE SAMNE,0101000020E61000006EFC89CA86D85240A0DE8C9AAF223C40
SHAHEED RAJ FILLING STATION,28.063755,76.140079,9416418918,ON REWARI-NARNAUL ROAD DISTT MAHENDERGARH DISTT MAHENDERGARH,0101000020E6100000CFF6E80DF7085340DCF4673F52103C40
SHAHID EKNATH KHAIRNAR SER.STN,20.044482,73.874731,0253-5619025,ADGAON TRUCK TERMINUS MUMBAI AGRA ROAD NASHIK.,0101000020E61000000873BB97FB775240BB421F2C630B3440
SHAHID LT.COL.PRAKASH PATIL PET,18.457827,73.829102,9028001606,S.NO.6/16 AT AMBEGAON BUDRUK DEHU-KATRAJ BYEPASS ROAD PUNE- PIN CODE 411 046,0101000020E610000016C3D50110755240CE39782634753240
SHAHID YOGESH PATIL AUTOMOBILE,19.04646,73.074917,9892218387,PLOT NO: 8 SECTOR: 14 KHARGHAR DISTT.RAIGAD,0101000020E6100000863AAC70CB445240799274CDE40B3340
SHAILESH GASOLINE,20.6048,72.93,9825710437,IOC DEALER DIST VALSADGUJARAT. 1100512013,0101000020E6100000EC51B81E853B5240ED9E3C2CD49A3440
SHAKTI GANAPATHI FUEL STATION,13.11909167,77.63312472,9880752629,INDIAN OIL DEALERS SY NO.6/3(6/2) KATTIGENAHALLI VILLAGE JALA HOBLI BANGALORE,0101000020E61000001BAC8B1D8568534086C05795F93C2A40
Shakti Petroleum,23.5551,70.6451,9825365344,Survey No.13/B & 114 Pandesara Unn Jakatnaka Nr. Daksheshwar Mahadev Mandir,0101000020E610000093A9825149A9514075029A081B8E3740
SHAKTI SERVICE CENTRE,25.815275,85.722069,9472019128,LAT BASAIPURA (GANGAPUR) DIST. SAMASTIPUR BIHAR,0101000020E6100000261DE560366E5540143FC6DCB5D03940
SHAKTIMAN POLICE FILLING STATION,30.305656,78.040495,0135-2716226,POLICE LINES RACE COURSE DEHRADUN.,0101000020E6100000B32957789782534080D3BB783F4E3E40
SHAMSABAD FILLING STATION,27.026357,78.119585,9837469101,SHAMSABAD AGRA-SHAMSABAD ROAD AGRA,0101000020E6100000E605D847A78753404B051555BF063B40
SHANKAR AUTOMOBILES,28.631023,77.205624,9871184354,GOLE MARKET lock no 359 NEW DELHI,0101000020E610000074D190F1284D534018062CB98AA13C40
SHANTABA PETROLEUM,21.2737,72.964,9719012008,INDIAN OIL DEALER SURVEY NO.503 BLOCK NO.486 Vill: Kamrej Tal: Kamrej,0101000020E610000004560E2DB23D52404BEA043411463540
SHANTI HIGHWAY SERVICE,25.710977,87.449225,9708918668,VILL+PO. HARDA THANA.K.HAT DIST.PURNEA BIHAR,0101000020E6100000EBE2361AC0DC55404C35B39602B63940
SHANTILAL & SONS,21.1936,72.8539,9925411777,SURVEY NO.58-P & 66-P UMARWADA SURAT CITY SURAT,0101000020E61000007B832F4CA63652406F8104C58F313540
SHARDA FUEL CENTRE,25.200194,85.543153,9304803369,VILL:GANGANAGARBIHAR-BARBIGHA PO:MUROWRA BIHARSARIF,0101000020E61000005BEECC04C3625540FDDAFAE93F333940
SHARDA PETROLEUM,20.97,72.9318,9825114835,INDIAN OIL DEALER SR/B NO.482 HISSA NO 1 TO 4 15 Bhaktinagar Vijalpore,0101000020E61000006B9A779CA23B5240B81E85EB51F83440
SHARMA & SONS FUELS,23.6592,86.2327,9304093848,KHATA NO-55 PLOT NO-827 MOUZA-BODRO PS- Chas (M),0101000020E6100000DE718A8EE48E5540F085C954C1A83740
SHEETAL AUTOMOBILE S/STN,28.561199,77.339063,9911911239,PLOT NO - PP 1 SECTOR - 44 DSC ROAD NOIDA - 201 301,0101000020E610000027124C35B3555340438CD7BCAA8F3C40
SHIV KRISHNA FUELS,26.125199,85.614583,9835890055,PO+PS-BOCHAHAN NH-57 DARBHANGA ROAD MUZAFFARPUR BIHAR,0101000020E61000005D6BEF5355675540ED7DAA0A0D203A40
SHIV KRUPA PETROLEUM,21.3254,72.9437,9909206908,INDIAN OIL DEALER BLOCK NO.2/A VILL: ANTROLI Tal: Kamrej Dist: Surat,0101000020E61000000E4FAF94653C52404F1E166A4D533540
SHIV SERVICE STATION,28.70485566,77.63974382,9312200313,INDIAN OIL DEALER NEAR SHRIRAM HOSPITAL41KM DELHI HAPUR RDPILKHUWA-GHAZIABAD,0101000020E6100000F62D1090F1685340BA19A86B71B43C40
SHIVA MOHAN SERVICE STATION,28.425495,77.604355,9810868734,GANGOLA SURAJPUR KASNA ROAD GANGOLA 203207 UTTAR PRADESH,0101000020E6100000240B98C0AD6653408D9C853DED6C3C40
SHIVALIK SERVICE CENTRE,28.5979,77.065,9873100006,DWARKA SECTOR-2 PHASE-I NEW DELHI LOCK ID NO. I 554,0101000020E61000005C8FC2F528445340454772F90F993C40
SHIVAM ARYAN FUEL SERVICES,25.21805,86.99783,8877745111,VILL-KOHRAPO-MIRJANHAT PS-LODIPUR DIST-BHAGALPUR,0101000020E6100000EE3D5C72DCBF55408FE4F21FD2373940
SHIVAM FILLING STATION,24.745804,76.394608,9829108347,IOC PETROL PUMP BAGGAR. JHUNJHUNU,0101000020E61000005CAFE94141195340DA39CD02EDBE3840
SHIVAM JEMIN PETROLEUM,22.2464,70.8854,9426819839,S NO 73/P VILL: KALIPAT Ta: Rajkot,0101000020E610000038F8C264AAB8514002BC0512143F3640
SHIVAM PETROLEUM,25.791368,84.769783,9431283247,MEHIAN NAWAJI TOLA CHAPRA SARAN,0101000020E61000001381EA1F44315540D619DF1797CA3940
SHIVAN AUTO CENTRE,28.6217,77.30148333,9999900304,MAYUR VIHAR PHASE II DELHI,0101000020E6100000E8A8BC804B53534057EC2FBB279F3C40
SHREE ASHOK OIL MILLS PPD,22.220175,69.65115,9726619199,Station Road. KHAMBALIYA Indian Oil Dealer District Jamnagar,0101000020E610000096B20C71AC695140956588635D383640
SHREE BALAJI ENERGY & FUELS,24.653577,77.50721,7000642677,EARLIER SIKARWAR FUELS Pilighata Tehsil Sadora,0101000020E6100000118DEE2076605340F46A80D250A73840
SHREE GIRIRAJ PETROLEUM,23.2572,73.2134,9426342510,KALAWAD ROAD RAJKOT Indian Oil Dealer District Rajkot 360005,0101000020E6100000D93D7958A84D5240FD87F4DBD7413740
SHREE JI FILLING STATION,27.5447278,77.5384971,7900971362,INDIAN OIL DEALER VILLAGE JULHAIDI RADHA KUND- CHATIKARA ROAD,0101000020E61000006A5F8ABC76625340D738F647738B3B40
SHREE KEDARNATH PETROLEUM,19.109346,73.065599,9215766070,"""PLOT NO.42/1 VILL-KIRAVALI"" ""TAL-PANVELDIST.RAIGADMAHARASHTRA",0101000020E61000009FE925C632445240CBF27519FE1B3340
SHREE LALITHA OIL COMPANY,10.645614,76.972145,9.19842E+11,SF.NO.193/1B2ZAMIN UTHUKULI MEENKARAI ROAD SH-18 POLLACHI TK COIMBATORE DIST,0101000020E6100000137EA99F373E5340F3AD0FEB8D4A2540
SHREE LAXMI PETROLEUM,21.8694,71.8523,9512788808,VILLAGE: VALLBHIPUR SURVEY NO 1573 PAIKI2/PAIKI3 Taluka: Vallbhipur,0101000020E61000005F984C158CF65140742497FF90DE3540
SHREE PETROLEUM AGENCY,12.066068,78.109762,9884598999,SF.NO.51/1B NH-7 ADHIYAMANKOTTAI VILLAGE & POST NEW BYE PASS ROAD,0101000020E6100000FD15325706875340CF9F36AAD3212840
SHREE PRAMUKH SWAMI KSK,22.5711,73.6336,9537919199,SURVEY NO.229/P/4 VILL&TAL: GHOGHAMBA Dist: Panchmahal,0101000020E6100000B8AF03E78C685240E0BE0E9C33923640
SHREE SHYAM PETRO CARE,28.418935,76.997956,9350819030,NARSINGHPUR NH-8 GURGOAN NARSINGHPUR NH-8 GURGOAN DISTT GURGAON,0101000020E610000035B6D782DE3F53405726FC523F6B3C40
SHREY PETROLEUM,21.1345,72.8894,9428869099,INDIAN OIL DEALER B NO.48/A VILL: SANIYA KHANDE Tal: Choriyasi Dist: Surat,0101000020E6100000FE43FAEDEB385240DF4F8D976E223540
SHRI ASHTALAKSHMI FUELS,11.82624,77.9289,8838926839,SY. NO. 100/2A M.KALIPATTI (V) Mettur (Tk.),0101000020E61000004850FC18737B5340494BE5ED08A72740
SHRI BALAJEE AUTOMOBILES,25.84776091,85.6398979,9431245324,ABABAKARPUR PO-MANPURA PS-N.H. BANGRA DIST SAMSTIPUR,0101000020E6100000DC515216F4685540F746E7DB06D93940
Shri Balaji Petroleum,18.66475775,73.77017037,9923019995,Plot No.55S. No.23 Transport Nagari Nigdi Dist. Pune,0101000020E6100000E3DFA9784A71524036035C902DAA3240
TIRUMALA SATYADEV TRADERS,17.979074,83.416665,9.1995E+11,VIZIANAGARAM TO VIZAG (RHS ON NH-43 FROM 558 KM TO 563 KM SY.NO.14/1-5MODAVALASA VILLAGE,0101000020E6100000D218ADA3AADA5440295DFA97A4FA3140
SHRI DUTT PETROLEUM WAGHODIA,22.2873,73.3482,9824001488,AT - DUTTPURA. POST - LIMDA TALUKA - WAAGHOD DISTT. - VADODARA GUJARAT STATE,0101000020E6100000E71DA7E8485652400B24287E8C493640
SHRI JEE RAMA FILLING CENTRE,26.327601,78.111381,9425126693,VILLAGE BANMORE BANMORE ON NH-3 District Morena LOCK NO. 1179/219,0101000020E61000005419C6DD208753400C23BDA8DD533A40
SHRI KRISHNA AUTOMOBILES PVT.LTD.,18.987982,72.814056,9821219561,DR ANNIE BESANT ROAD WORLI BOMBAY,0101000020E61000003447567E1934524063096B63ECFC3240
SHRI MAHESHWARI FUEL & FILLING,22.9891,76.0237,7388229862,GRAM-NAGUKHEDI SURVEY NO. 213215/2 PH NO-20 TEHSIL & DIST-DEWAS (MP),0101000020E6100000933A014D840153403E7958A835FD3640
SHRI PASHUPATINATH FILLING STATION,24.0957,75.0517,8989238002,NEAR KRISHI UPAJ MANDI MHOW-NEEMUCH ROAD MANDSAUR,0101000020E6100000014D840D4FC352402A3A92CB7F183840
SHRI PERIYANAYAKI FUEL,11.027938,77.0761086,9.18903E+11,IOC DEALER ATHAPPA GOUNDAN PUDUR HAMLET,0101000020E610000070FC9AF6DE4453409DA1B8E34D0E2640
SHRI RADHESHYAM PETROLEUM,22.2063,69.5571,9426204380,SURVEY NO-186 VILLAGE HANSTHAL TAL:Khambhaliya,0101000020E61000008126C286A7635140302AA913D0343640
Shri RajMomai Petroleum,21.7296,71.9695,7874999899,Indian Oil Dealers SH 25 SURVEY NO. 238/2 GIDC Sihor District Bhavnagar,0101000020E6100000355EBA490CFE51405F29CB10C7BA3540
SHRI RAMESH BABU AGENCY,12.534787,78.260195,8056722122,INDIAN OIL DEALERS KATTINAYANAPALLI KRISHNAGIRI DIST.,0101000020E61000004BE5ED08A7905340E3A6069ACF112940
SHRI SANWARIYA HIGHWAY SERVICES,22.965313,76.417289,9993989777,VILL- DAULATPUR ON SH-18 TEHSIL- SONKATCH DIST- DEWAS (MP),0101000020E6100000C1FEEBDCB41A53405567B5C01EF73640
SHRI SHUBHAM FILLING STATION,28.86701806,77.54617049,9760202000,INDIAN OIL DEALER VILLAGE - NEWARI DEHAT Dist- Ghaziabad,0101000020E6100000C7251275F4625340CABD44E5F4DD3C40
SHRI SUDARSHAN PETRO,29.372137,76.949656,9812200002,INDIAN OIL PETROL PUMP VILL:PATTI RAJPUTANADISS PANIPAT L/S JATTAL BYPASS,0101000020E6100000D09CF529C73C5340ADA1D45E445F3D40
Shrikrishna Saraswati Agency,16.86365,74.21825,9923772828,At Pargaon Dist. Kolhapur KOLHAPUR MAHARASHTRA,0101000020E61000008716D9CEF78D5240BE30992A18DD3040
SHUBHAM INDIAN OIL,24.833596,74.571442,9414148659,JUNCTION OF NH-79 & NH-76 RITHOLA P.O. SEHENWA TEHSIL - CHITTORGARH DISTT. CHITTORGARGH (RAJ,0101000020E6100000E563778192A452409013268C66D53840
SHYAM SAI FUEL POINT,28.226186,76.830874,7065110011,VILL GHATAL MAHENIYAWAS 75M BYPASS LHS FROM NH-8 TO NH71B BHIWADI Bypass Road Dharuhera Rewari,0101000020E61000003046240A2D35534024D06053E7393C40
SIDDH STHAAN PETROLEUM,26.4703,77.9292,9893063169,MUNGAVALI MORENA LOCK NO. 1005 & 1167/219 MUNGAVALI MORENA,0101000020E61000005DDC4603787B53400E4FAF9465783A40
SIDDHI VINAYAK SERVICE STATION,20.450075,85.926651,9437045257,AT - BIDYADHARPUR P.O. - NAYABAZAR CUTTACK,0101000020E610000091F3FE3F4E7B554048BF7D1D38733440
SIDHBABA FILLING STATION,28.3864,79.4027,8477006955,MINI BY-PASS BAREILLY BAREILLY BAREILLY,0101000020E6100000598638D6C5D95340A52C431CEB623C40
SINGH MOTOR CENTRE,28.738175,77.149327,9810036566,A-3 PHASE - I SANJAY GANDHI TRANSPORT NAGAR NEW DELHI,0101000020E61000003A5AD5928E4953408CB96B09F9BC3C40
SINGH SERVICE CENTRE,28.6966,77.2915,9810003990,LONI BORDER LONI ROAD. FC SHAHDARA DELHI-93 DELHI.,0101000020E61000002DB29DEFA7525340C364AA6054B23C40
SIVA AGENCIES,10.806302,77.017456,9.19965E+11,INDIAN OIL DEALER SF NO 176/1 KALLANKATTUPUDUR SINGARAMPALAYAM PO KINATHUKADAVU,0101000020E61000009D47C5FF1D4153401766A19DD39C2540
SIVA FILLING STATION,16.315413,80.349551,9440802050,D.NO. 477 NEAR FLYOVER PERECHERLA VILLAGE & MEDIKONDUR MA GUNTUR DISTRICT,0101000020E61000002F52280B5F165440B6BB07E8BE503040
Adani Gas CNG Station,28.4028683,77.2753695,,"MDR137, Badkhal Enclave, Badkhal Village, Faridabad",0101000020E6100000373465A79F5153405A187D6022673C40
SKYLINE FUELS,13.31055,77.126877,9886333023,IOC DEALER TUMKUR RING ROAD SETTYHALLI GRAMA TUMKUR - 572103,0101000020E61000005567B5C01E485340AC8BDB68009F2A40
SONA SOBRAN SERVICE STATION,23.657717,85.961814,8294613262,BAHADURPUR PS : JARIDIH Bokaro,0101000020E610000070B54E5C8E7D5540F3052D2460A83740
SOUNDARYA AGENCIES,11.421352,79.009918,9962242807,NH-45TRICHY-CHENNAI MAIN ROAD RAMANATHAM THOLUDUR CUDDALORE LOCK NO -13005,0101000020E610000012691B7FA2C0534059350873BBD72640
SOURABH PETROLEUM,15.377981,75.134168,9480062798,SURVEY NO.176/5+6C GOPPANKOPPA HUBLI CITY TQ. HUBLI,0101000020E6100000DD0A613596C85240CD04C3B986C12E40
SOUTH INDIA OIL CORPORATION,11.463821,79.55143,9840968669,IOC DEALER R.S.NO.229/2LK.05427 KUMBAKONAM HIGH RDPINNALUR VIL CHIDAMBARAM TLK AND DIST-608 704,0101000020E610000021020EA14AE35340626534F279ED2640
SPEEDWAYS SERVICE CENTRE,28.62333,77.101619,9810540137,JAIL ROADNEAR HARI NAGAR DEPOT lock no 363 (ISSUE SEALS),0101000020E6100000BE69FAEC804653409D9D0C8E929F3C40
SREE KALIAMMAN TRADERS,10.668092,77.007172,9.19842E+11,COIMBATORE RD POLLACHI,0101000020E61000009A5C8C81754053403F70952710562540
SREE LAKSHMI NARAYANA FILLING STATI,15.53611,79.988426,9.19667E+11,SY.NO.435 KURNOOL ROAD PERNAMITTA PRAKASAM DISTRICT,0101000020E61000000821205F42FF5340FC1D8A027D122F40
SREE MAHAVISHNU FUELS,11.112419,76.936261,9.19842E+11,IOC DEALER SF NO 215/2 N S N PALAYAM,0101000020E61000004CE141B3EB3B5340E6E5B0FB8E392640
SREE RATHNAM OIL COMPANY,11.053854,76.916908,9.19994E+11,IOC DEALER THADAGAM RD KANUVAI COIMBATORE 641 108 TIN NO 33246207232,0101000020E6100000365CE49EAE3A53407F8461C0921B2640
COCO NAKKAPALLI ADHOC ASHOK ENTERPR,17.394296,82.66317,9.19177E+11,ADHOC ASHOK ENTERPRISES NAKKAPALLI VISAKHAPATNAM,0101000020E61000000D6C956071AA544091F12895F0643140
SRI ARULJOTHI ENTERPRISES,11.59377,78.613091,9.19843E+11,KADALUR MAIN ROAD ATTUR SALEM DIST LOCK NO 13006,0101000020E6100000349E08E23CA753401CB1169F02302740
SRI BALAJI KAILASH F/S HASTINAPUR,17.32988,78.55328,9848023030,S.NO.58/1/G BAIRAMALGUDA HASTINAPUR COLONY RANGA REDDY TELANAGANA,0101000020E6100000FA6184F068A35340BF9A030473543140
SRI BALAJI PETRO RETAILING,28.625486,76.993157,9.17012E+11,VILLAGE DICHAUN KALAN NAZAFGARH-NANGLOI ROAD NEW DELHI,0101000020E6100000C8B260E28F3F5340191BBAD91FA03C40
SRI BALAJI PETROLEUM CO,12.130415,78.158605,9489853332,23-B NETHAJI BYE PASS ROAD DHARMAPURI DIST LOCK NOS.11003 & 11004,0101000020E6100000DAFE9595268A5340D0D03FC1C5422840
SRI BALAJI TRACTOR SERVICE STATION,16.547964,80.816952,9985003219,INDIAN OIL DELEARS GANNAVARAM GANNAVARAM VILLAGE & MANDAL KRISHNA DIST ANDHRA PRADESH,0101000020E6100000B7990AF148345440A662635E478C3040
SRI BANKEY BIHARI INDIAN OIL,27.5466,77.64083,9837147652,INDIAN OIL DEALER MAUJA CHARORA BETWEEN 128-138 DELHI MATHURA ROAD,0101000020E6100000EC12D55B036953405DFE43FAED8B3B40
SRI CHAKRA FUEL STATION,12.41648917,76.68519806,9742996246,INDIAN OIL DEALERS D.NO. 1265 GOSEGOWDA STREET SRIRANGAPATNA KARNATAKA,0101000020E6100000E4BEF648DA2B53408D9388113ED52840
SRI DATTA SAI F/ STN. KARIMNAGAR-1,18.454954,79.135219,9440072326,THEEGALAGUTTAPALLY SUBHASH NAGAR ANDHRA PRADESH,0101000020E610000010B3976DA7C85340342F87DD77743240
SRI DURGA ENTERPRISES,13.077609,77.796036,9945222159,SURVEY NO 103 OLD MADRAS RD HOSKOTE BANGALORE RURAL DISTRICT,0101000020E6100000139CFA40F272534023C0E95DBC272A40
SRI GANESH FUELS,25.9935072,85.71678074,9801826237,INDIAN OIL PETROL PUMP MAUZA-HAZIPUR RAZA NEAR TARA CHOWK PS: CHAKMEHSI,0101000020E6100000F92C53BCDF6D55402D57E47C56FE3940
SRI GANPATI SERVICE STATION(*),25.970255,85.308192,9430051890,RAJALA CHOWKNH-77 MUZAFFARPUR BIHAR,0101000020E6100000E338F06AB9535540CEC7B5A162F83940
Sri Hari Agencies,11.540842,78.054573,9427437360,Indian Oil dealers Salem Road Attayampatti Salem Dist. 637501 LOCK NO: 22013,0101000020E6100000A88FC01F7E835340419B1C3EE9142740
SRI KRISHNA FILLING STATION-RDM,18.762374,79.476046,9347050145,INDIAN OIL DELEARS JYOTHI NAGARRAMAGUNDAM ANDHRA PRADESH LOCK NO D1-69B-5-2,0101000020E61000001059A48977DE53401A5245F12AC33240
SRI SIDDARAMESWARA S / STATION,13.499293,76.451173,9417336464,INDIAN OIL DEALERS P.B ROAD. L NO.93054-21014 DIST - CHITRADURGA,0101000020E6100000A5F5B704E01C5340533E0455A3FF2A40
SRI RAMAKRISHNAA AGENCIES,11.64264,78.51947,9443177612,INDIANOIL DEALER SF.NO.120/4D ERRAMASAMUDRAM VILLAGE,0101000020E6100000335019FF3EA15340F0332E1C08492740
SRI RAMANA FILLING STATION,17.970285,79.49693,9885332903,INDIAN OIL DELEARS BAPUJI NAGAR Lock No.-2/D1 D-7-6 ANDHRA PRADESH,0101000020E6100000AF997CB3CDDF5340A3CC069964F83140
STAR QUALITY FUEL STATION,17.515249,78.479651,9.16303E+11,INDIAN OIL DEALER SY NO. 91 PETBASHEERABAD VILL. MEDCHAL MALKAJGIRI DISTRICT,0101000020E6100000999F1B9AB29E5340F54BC45BE7833140
STEEL CITY SERVICE ( * ),23.6329907,86.18754405,9431504774,JODHADIH MORECHAS BOKARO-827013 JHARKHAND,0101000020E6100000CD53C2B8008C5540122CB3AD0BA23740
SUBRAMANIAM AGENCIES UNIT II,12.501544,78.223018,9443336104,INDIAN OIL DEALER DEVASAMUDRAM VIL MOTTUR KRISHNAGIRI DISTRICT,0101000020E6100000D61A4AED458E534093020B60CA002940
SUDHIR AUTOMOBILES-MS,25.311692,82.988558,9415224048,SHIV PURA SIGRA RATH YATRA RLY STN ROAD VARANASI (UP),0101000020E6100000BF0CC68844BF5440C26C020CCB4F3940
SUDHIR FILING STATION,27.235258,77.870453,9837036258,NH-2 RUNKUTA MATHURA AGRA ROAD KM STONE 18-8 RUNUKTA DISTT. AGRA,0101000020E610000020ED7F80B5775340541F48DE393C3B40
SUHANI FILLING STATION,28.805532,78.724008,9927145700,SUHANI FILLING STATION LAKRI FAZALPUR DELHI ROAD MORADAB Moradabad Uttar Pradesh 244001,0101000020E6100000B682A62556AE5340A8E15B5837CE3C40
SUNDERLAL PYARELAL AUTOMOBILES,27.629464,77.57284,9412405059,DELHI AGRA HIGHWAY NH-2 CHAUMUHAN DISTT. MATHURA,0101000020E6100000CD751A69A964534064027E8D24A13B40
SUPER AUTO CENTRE,28.56773333,77.25395,9810002650,SRINIVAS PURI RING ROAD NEW DELHI lock no. 364 NEW DELHI,0101000020E61000006E3480B740505340FD32B5F856913C40
SUPER FUEL AND FUN POINT,28.8946446,77.6220902,9336022223,DEALER- INDIAN OIL CORPN VILLAGE MOHIDDINPUR NH-58,0101000020E6100000600A6A53D0675340028BB26D07E53C40
SUPRATIM AUTOMOBILES,23.787806,85.933357,9031712790,KURPANIA SUNDAY BAZAR BERMOBOKARO,0101000020E6100000889FFF1EBC7B5540B3976DA7ADC93740
SUSEE AUTO LTD (NORTH),8.816992,78.133163,9443145155,IOC DEALER(LOCK NO:200) 109/6 ETTAYAPURAM ROAD TUTICORIN RTD - 54,0101000020E610000062821ABE85885340F12F82C64CA22140
SUSHIMITA FILLING STATION,17.826748,83.357674,9866640234,INDIAN OIL DEALERS MADHURAWADA ANDHRA PRADESH LOCK NO.T1 68,0101000020E61000004A287D21E4D654408D08C6C1A5D33140
SWARNAMBIGAI FUEL SERVICE,11.693353,78.111915,9894860573,INDIAN OIL DEALER JAGIRAMMAPALAYAM VILLAGE SALEM TALUK,0101000020E6100000A33B889D29875340BF2A172AFF622740
SWASAN FILLING STATION,11.6252554,78.15642347,9443234339,INDIANOIL DEALER RS.NO.153/2A12A2 DADAGAPATTI VILLAGE,0101000020E610000084FE95D7028A5340784BCD7921402740
SWASTIK AUTO SERVICE (TALAJA),21.7422,72.15,9825206096,NR TALAJA OCTROI TOLL NAKA Indian Oil Dealer ADHEWADA BHAVNAGAR,0101000020E61000009A999999990952405917B7D100BE3540
SWATI FUELS,24.379282,85.484932,9431140135,VILLAGE : CHANDARA AT : URWAN MORE ON NH-31,0101000020E61000002B323A20095F554023F609A018613840
SWATI SALES CORPORATION,28.981042,77.030392,9416863232,D - 2 INDUSTRIAL AREA SONEPAT - ROHTAK ROAD SH 20 DISTT SONEPAT,0101000020E6100000D88349F1F14153409F008A9125FB3C40
T V STANDARD BLOOMING ENT. IB02,9.159096,77.391496,9872864032,104/6AQUILON-TIRUMANGALAM NH-208- PULIANGUDI CHOKKAMPATTI VILLAGE Tirunelveli Dist(LOCK NO: IB 02),0101000020E6100000F3203D450E5953404DD9E90775512240
TAJ KRISHNA AUTOMOBILES,25.334565,82.986636,9453040578,NEAR TAKSAL THEATRE NADESAR VARANASI (UP),0101000020E61000009A43520B25BF5440E162450DA6553940
TANISHQ PETROLEUM,25.273874,84.683121,9.18874E+11,DEALER-INDIAN OIL CORPORATION LIMIT AT-SAKRI ARWAL DIST-ARWAL,0101000020E61000007E8D2441B82B55408639419B1C463940
TARA MAA SERVICE STATION,22.22827,87.900719,9836246767,VILL-IRKHA PO-BORAKAMARDANH-41 PS- NANDKUMAR PURBA MEDINIPUR,0101000020E6100000B1F84D61A5F955406DA818E76F3A3640
TCI INDIA LTD,11.093118,77.143715,91 8368345076,S.F.NO.434/2 AVANISHI ROAD KANIYUR VILLAGE POST COIMBATORE - 641 659,0101000020E6100000753C66A0324953407E569929AD2F2640
TERWAY SERVICE STATION,24.41655058,85.4952602,9431196091,GUMO KODERMA JHARKHAND,0101000020E6100000AB80D657B25F5540D63A0E0FA36A3840
THE CENTRAL TRADING CO.,22.391904,87.740245,9434341721,STATION BAZAR PANSKURA PURBA MIDNAPUR,0101000020E6100000C381902C60EF5540ED2B0FD253643640
THE PURUSHOTTAM FARMERS COOP.C,21.2362,72.79,9879750501,"INDIAN OIL DEALER ""SURVEY NO. 1/2/A 1/2/B BLOCK' ""JAHANGIRPURA TAL: CHORYASI SURAT",0101000020E6100000C3F5285C8F325240B1506B9A773C3540
THIRD MILESTONE PLAZA,28.2293451,77.8348145,9411229999,KHURJA CITY JEWAR CHAURAHA ON KHURJA JEWAR ROAD DIST- BULANDSHAHR,0101000020E610000080EECB996D75534073FF475CB63A3C40
THIRU MURUGAN TRADERS,10.886451,76.913673,9.19894E+11,SF NO.228/2 PALAGHAT ROAD ETTIMADAI COIMBATORE ETTIMADAI COIMBATORE,0101000020E61000003F8F519E793A53405303CDE7DCC52540
THIRUMALA FILLING STATION,18.356815,79.239914,9866613857,INDIAN OIL DELEARS LOCK NO D2/53/4/ SY. NO.382/A CHENGERLA VILLAGE ANDHRA PRADESH,0101000020E610000090F63FC05ACF5340E5B8533A585B3240
TOP VALUE INDIAN OIL,25.019739,74.637594,9414110429,CHITTOR-BHILWARA ROAD (NH-48) P.O. & TEHSIL - GANGRAR DISTT- CHITTORGARH (RAJ),0101000020E61000000E881057CEA85240AC74779D0D053940
TULI MOTORS,28.653121,77.123739,9717433339,RAJA GARDENRING ROAD FOR PREMIUM LOCK NO 988 BIJWASAN LOCK CODE - I - 390,0101000020E6100000588FFB56EB475340B05417F032A73C40
TYAGI BROS. FILLING STN.(IBP RO),28.61928,77.483833,9810074210,GT ROAD CHAPRAULA-201302 GAUTAM BUDH NAGAR,0101000020E610000070EEAF1EF75E53401F115322899E3C40
TYAGI SERVICE STN.,28.65892,77.353841,9311113827,VILLAGE PRAHLADGARHI NH-58 GHAZIABAD UP,0101000020E6100000F9BEB854A556534029AE2AFBAEA83C40
Udayam Agency,11.180627,78.197227,9003535353,IndianOil Dealer S No.158A/2B2A Eraipuvari Village Tirunelveli District TamilNadu,0101000020E6100000D8B8FE5D9F8C5340978C63247B5C2640
UJJAWAL RAJ AUTOMOBILES,25.776899,85.335469,9431405759,HAJIPUR - MAHUA ROAD RANI POKHAR DISTT: VAISHALI,0101000020E610000099F4F752785555408C4B55DAE2C63940
ULTRA FUEL CENTRE,23.66412843,86.20425741,8292727529,MOUZA DUMARJORA PS(M) CHAS PO Chikasia District Bokaro,0101000020E61000009AFAAB8D128D55409F311F5204AA3740
UNITED FUEL SERVICES,19.790356,72.911435,7263880872,SURVEY NO.4344/1/2P VILLAGE WADEKHADKHONE TAL.PALGHARDISTT. PALGHAR,0101000020E6100000815B77F3543A5240873254C554CA3340
UNITED TRADERS,11.379137,79.685991,9444001809,INDIAN OIL DEALER 115AMMAN KOIL ST. CHIDAMBARAM BYE LHS KADAVACHERY-SILUVAIPURAM,0101000020E61000006C96CB46E7EB53403868AF3E1EC22640
UNIVERSAL FILLING CENTRE,20.562,72.9542,9426450656,BLOCK NO. 295-P & 296-P VILLA PARNERA NH-8 DIST:VALSAD PARNERA NH-8 DIST:VALSAD,0101000020E6100000F775E09C113D52401D5A643BDF8F3440
URMILA SERVICE STATION ( * ),23.7754,85.886683,9999479349,KATHARA BOKARO BOKARO,0101000020E6100000D4BA0D6ABF7855408351499D80C63740
UTKARSH SERVICE STATION,22.3238,73.1977,9737606077,INDIANOIL DEALER KARELIBAUG BARODA GUJARAT.,0101000020E6100000D49AE61DA74C5240DE718A8EE4523640
UTTAM SEWA FILLING STATION,28.209973,77.879809,9810092443,MIRPUR KHURJA NH-91 VILL.MIRPUR KHURJA DISTRICT BULANDSHAHAR,0101000020E61000007E6E68CA4E785340030B60CAC0353C40
V.D.PATEL & COMPANY,21.3002,72.9541,9428743881,NH-8 AMBOLIAMBOLI PO. KATHOR TA SURAT. SURAT.,0101000020E6100000454772F90F3D52405B423EE8D94C3540
VAIBHAV KISSAN SEWA KENDRA,27.562717,77.726608,9412826544,VILLAGE PANIGAON VRINDAVAN-MAANT ROAD TEHSIL MANT DISTT.- MATHURA,0101000020E6100000C440D7BE806E53403AE7A7380E903B40
VAIBHAV PETROLEUM,21.8863,70.4909,9.1988E+11,INDIAN OIL DEALER JAMKANDORNA DHORAJI RAOAD AT - JAS TA - JAMKANDORNA DIST - RAJKOT GU,0101000020E6100000CF66D5E76A9F5140DE718A8EE4E23540
VAIBHAV VIVEK FUELS,25.9414296,85.52318014,7857053366,BAJI BUJURG PS - SAKRA DIST MUZAFFARPUR,0101000020E6100000DECD8DC87B615540827CBF8701F13940
VAISH FILLING STATION,28.614247,76.980488,9811047727,NANGLOI RD NAJAFGARH DELHI LOCK ID NO I 563,0101000020E6100000B587BD50C03E534086AA984A3F9D3C40
VAISHNAVI SERVO,18.8686,76.5099,7774015477,INDIAN OIL DEALERS BEED BYPASS ROAD BRAMHAWADI,0101000020E6100000BF0E9C33A22053403C4ED1915CDE3240
VANGALAMMAN HIGHWAY SERVICE,11.722192,78.070355,0427-2345491,IOC DEALER KOTTAGOUNDANPATTI SALEM 636011 LOCK NO 13019,0101000020E61000000C0742B2808453409CDD5A26C3712740
VASANI SERVICE CENTRE,19.268952,72.878113,9820561406,MIRA VILLAGE DIST : THANE. MAHARASHTRA STATE. LOCK NO.12006,0101000020E6100000514CDE00333852409C31CC09DA443340
VEL MURUGAN AGENCY,8.591223,78.039835,9443135267,7/172A TIRUNELVELI MAIN ROAD KURUMBUR TUTICORIN DISTRICT,0101000020E61000001D8F19A88C8253403849F3C7B42E2140
VELAVAR FUELS,10.0555547,77.99096109,9361044555,VADIPATTI - NH. 7 ( LOCK NO: 32) THUMBICHAMPATTI T. AUNDIPATTI DINDIGUL - MADURAI ROAD,0101000020E6100000254A10E86B7F5340374767AA711C2440
VELKAR AUTO,19.285109,72.901406,9820072485,VARSOVE VILLAGE NEAR GHODBUNDERNH NO.8 DIST. THANE.,0101000020E6100000C39ACAA2B039524096CB46E7FC483340
VENKATESWARA F/ STATION THIMMAPUR,18.361165,79.159948,9246933204,S.NO.310D THIMMAPUR LOCK NO D2-98A-6-1 KARIMNAGAR DIST.ANDHRA PRADESH,0101000020E6100000E14389963CCA5340B875374F755C3240
VENUS AUTO CENTRE,19.012977,73.107284,9821167011,IOC DEALER NATIONAL HIGHWAY DIST: RAIGAD.(LOCK NO. 21017),0101000020E610000095D8B5BDDD465240A699EE7552033340
VERMA AUTOMOBILES,26.9107,80.9484,9793221133,ALIGANJ SCHEME FAIZABAD ROAD-SITAPUR ROAD BYPASS LUCKNOW,0101000020E6100000B1E1E995B23C54409A779CA223E93A40
VIBHOR SERVICE STATION,28.77142,78.097691,8923200195,GARHMUKTESHWAR NH - 24 DELHI ROAD GARH PANCHSHEEL NAGAR,0101000020E61000004487C09140865340F67AF7C77BC53C40
VIJAYA AUTO SERVICE,11.837584,77.751701,9842088969,INDIAN OIL DEALERSMETTUR ROAD KOLATHUR SALEM DIST 636303 LOCK NO 13020,0101000020E6100000B6D782DE1B705340444E5FCFD7AC2740
VIKAS FILLING STATION,26.3475,78.2873,9425018000,INDUSTRIAL AREA MALANPUR DISTT. BHIND (MP) LOCK NO. 1034/219,0101000020E610000003098A1F63925340295C8FC2F5583A40
VIKRANT ENERGY STATION,29.06466,77.92589,9312202816,KHASRA NO 84 VILLAGE- NAGLA ZAREEF SATLA TO MAWANA ROAD,0101000020E6100000616C21C8417B5340FF5BC98E8D103D40
VINAYAGAA AGENCIES,11.081777,77.190254,9.19842E+11,SF NO.128/3 MAIN ROAD P.B.NO.7 SOMANUR-641668,0101000020E6100000B9FB1C1F2D4C53404721C9ACDE292640
VISHAL FILLING STATION,20.473725,85.848992,8249144610,BIDANASICDA CUTTACK-753014 ORISSA,0101000020E610000033A48AE255765540304CA60A46793440
VIVEK SALES & SERVICES,24.646403,77.279667,9406582700,MADHOPUR GUNA NEW BYPASS DISTT. GUNA LOCK NO. 1212/219,0101000020E61000004FB16A10E65153404A09C1AA7AA53840
VRAJ PETROLEUM,22.4849,72.67,9920574586,INDIAN OIL DEALER Gondal Kunkavav Road AT MOVIYA Taluka GondalDistt.Rajkot,0101000020E61000007B14AE47E12A524095D40968227C3640
VRV AGENCIES,11.670757,78.227951,9443088950,2/159 SALEM - ULUNDURPET RD(NH-68) MASINAICKENPATTI AYOTHIAPATTINAM PO,0101000020E6100000CB85CABF968E53404B2025766D572740
VVG AUTOMOBILES(LOCK NO:4434),8.997636,77.29936,9442642688,SY NO.682/5B ELATHUR VILL NH-208 SHENKOTTAH TK Tenkasi,0101000020E6100000C16ED8B628535340E09F5225CAFE2140
VYOM PREMIUM FUELS,27.217316,77.939705,8006004445,INDIAN OIL DEALER SIKANDRA BAHISTABAD DISTRICT,0101000020E6100000D0B87020247C5340C5E57805A2373B40
GAIL Gas CNG Station,27.7315328,77.4977061,,"PFJX+J38, Chhata Rural, Chhata",0101000020E610000043A1AF6ADA5F534089F3CBBB45BB3B40
WADIWALA AUTOMOBILES,21.1162,73.104,9925161000,Ten At & Post Bardoli NH6 TEN BARDOLI SURAT.,0101000020E61000002DB29DEFA746524092CB7F48BF1D3540
XCELLENT FUELS & SERVICES,25.46601,81.961564,9450961968,ALLAHABAD JAUNPUR ROAD NEAR ANDAWAN ALLAHABAD UP,0101000020E6100000B340BB438A7D5440E59B6D6E4C773940
XPRESS SERVICES,27.225487,78.122884,9759512345,NH-2 KUBERPUR AGRA AGRA,0101000020E6100000E84CDA54DD87534054AC1A84B9393B40
YADU FUELS,28.65250584,77.36849836,7011682619,KHASRA NO. 675 SUCHETA KRIPALANI MARG Shakti Khand-III,0101000020E61000001935257A95575340BF3F6B9F0AA73C40
YAMUNA AUTOMOBILES,27.20156,78.027678,9412256589,JEEVANI MANDI AGRA JEEVANI MANDI,0101000020E61000006534F279C5815340882EA86F99333B40
YOGESH SERVICE STATION,18.624411,74.031262,9881095151,GAT NO.11 VILLAGE LONIKAND DIST. PUNE DIST. PUNE,0101000020E6100000E2E65432008252403D433866D99F3240
SHRI HIGHWAY SERVICE STATION,27.532821,77.656112,,HPC DEALER BYE PASS (NH-2)VILLAGE CHARORA MATHURA 281001,0101000020E6100000D7A02FBDFD6953403C9F01F566883B40
HSD UJALA HP CENTER,27.63121081,77.57107045,,"KHASRA NO. 924, VILLAGE AKBARPUR NH2,CHHATA  281401",0101000020E6100000919D126B8C645340E8D4190897A13B40
ARMY FILLING STATION,27.039613,78.27614,,"VILLAGE: PALIA FATEHABAD ROAD, FATEHABAD DIST: FATEHABAD 283111",0101000020E610000084471B47AC915340177FDB13240A3B40
SURESH FILLING STATION,27.222951,77.868389,,VILLAGE LOHKARERA RONAKTA KIRAWLI ROAD TEHSIL KIRAWLI 282007,0101000020E610000031CD74AF93775340499C155113393B40
SHAGUN HP,27.23211696,77.88642895,,"HPC PETROL PUMP AGRA - MATHURA ROAD, NH-2 VILLAGE- RUNAKTA,TEHSIL KIRAVALI 282007",0101000020E6100000919E7D40BB785340040C60046C3B3B40
YOGI PETROLEUM,23.196656,72.630118,,"HP PETROL PUMP, PLOT NO. 2160 SEC. NO. GH-0, NR. SARGASAN PUMP. STATN. NH-147 SG HIGHWAY, GANDHINAGAR 382011",0101000020E6100000BDA772DA53285240EB8F300C58323740
PRAMUKH PETROLEUM,23.262305,73.213162,,"HP PETROL PUMP, SURVEY NO. 48 SH59, DHANSURA-BAYAD HIGHWAY VILLAGE BIBIPURA TALUKA BAYAD 383325",0101000020E6100000FFAF3A72A44D5240C993A46B26433740
PURNIMA MOTORS,22.998988,72.635589,,FINAL PLOT NO.58/B OF TP SCHEME NO.50 MOUJE BAUG-E-FIRDOS TALUKA CITY NAROL NARODA HIGHWAY (NH-8) 380026,0101000020E6100000A12C7C7DAD285240B11875ADBDFF3640
MAHALAKSHMI MOTOR SERVICE,23.027614,72.595785,,HPC DEALER RELIEF RD NR ZAKHRIA MASJID AHMEDABD 380001,0101000020E6100000A29C68572126524068E90AB611073740
NARODA AUTOMOBILE SERVICES,23.049803,72.623684,,HP PETROL DEALER OPP VIJAY MILLS NARODA 380025,0101000020E610000076C24B70EA275240213EB0E3BF0C3740
JASHBHAI PATEL AND COMPANY,22.961843,72.47626,,"HP Petrol Pump ,Survey No. 271/B2 Sarkhej-Bavla Highway Sanathal Chowkdi 382210",0101000020E61000002619390B7B1E5240F3E2C4573BF63640
VADILAL MAGANLAL & CO,23.041506,72.588616,,H P PETROL PUMP SHAHIBAUG ROAD AHMEDABAD 380004,0101000020E6100000C07971E2AB25524078962023A00A3740
J R AMIN & CO,23.069268,72.646989,,SAIJPUR BOGHA NARODA ROAD AHMEDABAD 382325,0101000020E6100000CBF78C4468295240CAA8328CBB113740
"HP AUTO CARE CENTRE, VASTRAPUR",23.031983,72.524445,,"HPCL RETAIL OUTLET TPS NO.1 FINAL PLOT NO.42/3 VASTRAPUR, AHMEDABAD 380015",0101000020E61000003FE3C281902152402907B30930083740
VIJAY AUTOMOBILES GANDHINAGAR,23.21517,72.648664,,"HP PETROL PUMP, PLOT NO. 12 CH ROAD, SECTOR 11 GANDHINAGAR 382011",0101000020E6100000EC8502B6832952409014916115373740
DELHI HIGHWAY AUTOMOBILES,23.225996,72.73105,,"HP PETROL PUMP, SURVEY NO. 414/A NH8, AHMEDABAD-SHAMLAJI HIGHWAY VILLAGE CHILODA, TALUKA GANDHINAGAR 382355",0101000020E6100000696FF085C92E5240DD06B5DFDA393740
JANTA AUTOMOBILES,23.475834,73.293188,,"HP PETROL PUMP, SURVEY NO. 2 SH57, GANESHPUR-GAJAN HIGHWAY GANESHPUR, TALUKA MODASA 383315",0101000020E610000019E59997C35252402A53CC41D0793740
OMKAR PETROLEUM,23.105409,72.63088,,"HP PETROL PUMP, SURVEY NO. 53/B GANDHINAGAR-AIRPORT ROAD MOUJE BHAT, TALUKA GANDHINAGAR 382428",0101000020E6100000D5EC8156602852403EB48F15FC1A3740
SHAH MEHTA & CO KHOKRA,23.006558,72.612784,,F.P.NO.8/2/A T.P.S. NO.7 NEAR ANUPAM CINEMA KHOKHRA KHOKHRA-MEMDABAD ROAD 380050,0101000020E6100000C6E061DA37275240F486FBC8AD013740
ESSBEE PETROLEUM,22.99097,72.516515,,SURVEY  NO. 103/P & 221/P AT VILLAGE GYASPUR SARKHEJ - VASNA ROAD 382210,0101000020E61000002E39EE940E2152402F51BD35B0FD3640
GOKUL PETROLEUM,23.003289,71.544283,,"HP PETROL PUMP, SURVEY NO. 304/PAIKI DHRANGADHRA-VIRAMGAM HIGHWAY SH7 VILL RAJGADH, DHRANGADHRA 363310",0101000020E610000033315D88D5E25140C16F438CD7003740
KANHA PETROLEUM,23.132226,72.524592,,"HP Petrol Pump ,SY NO.185/2 200' SARDAR PATEL RING RD OPP GREENWOOD, 380060",0101000020E610000091EF52EA922152404FAE2990D9213740
MAHAKALI PETROLEUMS,23.081715,72.687944,,"HP Petrol Pump,TPS 109, FP NO 29 SARDAR PATEL RING ROAD NR DEHGAM NAKA VILLAGE BILASIYA TAL DASKROI 382330",0101000020E6100000AF5E4546072C5240B7973446EB143740
AAI SHREE KHODIAR PETROLEUM,22.935986,72.498819,,"HP Petrol Pump ,SY No.197 200 FT SARDAR PATEL RING ROAD VILL VISALPUR TALUKA DASKROI 382210",0101000020E6100000E6E786A6EC1F52408C834BC79CEF3640
SIDDHANATH PETROLEUMS,23.079777,72.667904,,"SURVEY NO 516/2/P, FP NO 75/1 NARODA TO DEHEGAM ROAD AT VILLAGE NARODA, TA CITY 382330",0101000020E610000086376BF0BE2A524016F9F5436C143740
SHRADDHA AUTOMOBILES,23.211718,71.791313,,"HP PETROL PUMP, SURVEY NO. 1650 DASADA-PATDI HIGHWAY SH19 PATDI 382765",0101000020E610000094F947DFA4F251407BF99D2633363740
"GRAND MILLENNIUM AHMEDABAD,SATELLITE",23.017733,72.518767,,FINAL PLOT NO 192 TOWN PLANNING SCHEME 4 MOUJE VEJALPUR 380015,0101000020E61000009ECF807A332152405A0F5F268A043740
SHREE KRISHNA PETROLEUM,22.917618,72.699095,,"HP Petrol Pump,Block No 1062 MEHEMDABAD ROAD HIRAPUR CHOWKDI,HIRAPUR 382435",0101000020E61000000473F4F8BD2C52408F386403E9EA3640
R K PETROLEUM,22.646926,72.207155,,"HP Petrol Pump,SURVEY NO.257/2P NATIONAL HIGHWAY NO.8A NR. NUTAN HOTEL,BAGODARA 382230",0101000020E6100000FC8C0B07420D52409EEE3CF19CA53640
BHAVANI PETROLEUM,22.923179,72.442939,,"HP PETROL PUMP, SURVEY NO. 18 AHMEDABAD-RAJKOT HIGHWAY NH8A VILL CHANGODAR, AHMEDABAD 382213",0101000020E6100000DEC7D11C591C52409F5A7D7555EC3640
N.V.PETROLEUM,23.371089,72.693241,,"HP PETROL PUMP, SURVEY NO. 484/A GRAMBHARTI CHAR RASTA, GANDHINAGAR- VIJAPUR RD., VILLAGE ALUVA, TALUKA KALOL 382745",0101000020E6100000C4CF7F0F5E2C5240C5E74EB0FF5E3740
UMIYA PETROLEUM,23.39098,72.962352,,"HP PETROL PUMP, SURVEY NO. 125/1/2 VAVDI CHOWKDI, VILLAGE GORA TALUKA TALOD 383215",0101000020E61000005FCFD72C973D5240DC63E94317643740
KRIPA PETROLEUM,23.598992,73.077773,,"HP PETROL PUMP, SURVEY NO. 477 NH48, BETWEEN KM 334-335 VILLAGE KARANPUR, TALUKA HIMATNAGAR 383030",0101000020E6100000C1E09A3BFA445240CD902A8A57993740
ATITHI FUEL CENTER,23.681673,72.250546,,"HP Petrol Pump, Plot No 487 SH 55 LANWA 384229",0101000020E6100000310917F208105240F390291F82AE3740
OM PETROLEUM,23.494076,71.787981,,"HP Petrol Pump, Plot No. 279 SH 18 SHANKHESHWAR 384246",0101000020E6100000A437DC476EF251400EBDC5C37B7E3740
GOVATSALYA PETROLEUM SERVICE,23.082938,72.159792,,"HP PETROL PUMP, SURVEY NO. 71 PAIKI AHMEDABAD-VIRAMGAM HIGHWAY SH17 VILL SACHANA, VIRAMGAM 382150",0101000020E6100000658A39083A0A52407C98BD6C3B153740
GIRIRAJ PETROLEUM,22.997405,71.493465,,"HP PETROL PUMP, SURVEY NO. 122 P A2 02 SURENDRANAGAR BYPASS ROAD SH7 DHRANGADHRA 363310",0101000020E61000001F2E39EE94DF5140ECDD1FEF55FF3640
VADHIYAR PETROLEUM,23.699536,71.7579,,"HP PETROL PUMP SURVEY NO 1074/1 SAMI RADHANPUR HIGHWAY ,SH 55 VILLAGE SAMI, TA SAMI, DIST PATAN 384245",0101000020E6100000DC68006F81F05140E95F92CA14B33740
OM PETROLEUM,23.494076,71.787981,,"HP PETROL PUMP, SURVEY NO. 169 SAYALA-SUDAMADA ROAD SH21 VILL-THORIYALI, SAYALA 363430",0101000020E6100000A437DC476EF251400EBDC5C37B7E3740
GAJAPATHY AGENCIES,13.06094,80.140061,,"No. 52B, PH ROAD VELAPANCHAVADI TIRUVALLUR-600077 600072",0101000020E61000007C9C69C2F608544057091687331F2A40
ASHAPURA PETROLEUM,23.895788,72.119257,,"HP PETROL PUMP, SURVEY NO 132 P1 PATAN SHIHORI ROAD, SH 130 VILLAGE SUJNIPUR, TALUKA PATAN 384265",0101000020E61000006CB41CE8A10752403526C45C52E53740
S P PETROLEUM,23.385505,73.434646,,"HP PETROL PUMP, SUR NO 142/1,KHAT NO 129 SH5 MODASA-MALPUR ROAD VILLAGE SOMPURA, TALUKA MALPUR 383345",0101000020E610000095D5743DD15B5240C971A774B0623740
AMBICA PETROLEUM,23.234275,72.624126,,"HP PETROL PUMP, SURVEY NO. 866 & 868 K ROAD, NEAR STATE BANK OF INDIA VILLAGE VAVOL, TALUKA GANDHINAGAR 382016",0101000020E610000055A52DAEF127524039454772F93B3740
TIRUPATI DIESEL PETROL SERV STN.,23.150498,72.790486,,"HP PETROL PUMP, SURVEY NO. 1388 PAIKI SH68, NARODA-DEHGAM ROAD POST AND TALUKA DEHGAM 382305",0101000020E6100000897C975297325240081D740987263740
RAGHAV PETROLEUM,23.835413,72.755852,,"HP Petrol Pump, Plot No 566/P2/P1 SH 10 MADHASANA 384355",0101000020E6100000702711E15F3052403BA759A0DDD53740
SHIVSHAKTI PETROLEUM,23.43946821,72.51189277,,"HP Petrol Pump, Plot No. 142 SH 217 LANGHNAJ 382730",0101000020E61000005E8DE4D9C2205240E89415FD80703740
G.M.PATEL & CO.,23.29907895,72.57371214,,"HP PETROL PUMP, NEW SURVEY NO. 312 SARDHAV-RUPAL ROAD VILLAGE SARDHAV, TALUKA GANDHINAGAR 382640",0101000020E610000090A71FB3B7245240092C2570904C3740
OCEAN PETROLEUM,22.856926,72.594207,,"HP Petrol Pump,SURVEY NO. 1826,1827 NH8 AHMEDABAD VADODARA BAREJA 382425",0101000020E61000007903CC7C07265240941799805FDB3640
MS AVDHOOT PETROLEUM,23.918657,72.36164,,"HIGHWAY RD FULPURA SIDHPUR , SH 41 DIST PATAN 384151",0101000020E61000003A3B191C25175240D13DEB1A2DEB3740
HSD AVDHOOT PETROLEUM,23.918657,72.36164,,"HIGHWAY RD FULPURA SIDHPUR , SH 41 DIST PATAN 384151",0101000020E61000003A3B191C25175240D13DEB1A2DEB3740
WESTERN INDIA ENGINEERING,22.724806,72.460302,,"HP Petrol Pump,Survey No.286/4 STATE HIGHWAY 4 DHOLKA 387810",0101000020E610000023128596751D5240D0F1D1E28CB93640
MEGA PETROLEUM,21.577325,72.998354,,"HP PETROL PUMP NH-8 VILLAGE-BAKROL, NEAR PANOLI DIST BHARUCH 393001",0101000020E61000002CF52C08E53F5240C7293A92CB933540
B.M.PETROLEUM,22.812949,72.934969,,"HP PETROL PUMP, SURVEY NO. 1513-1514 STATE HIGHWAY SH 60 MAHUDHA 387335",0101000020E610000086713788D63B5240DF50F86C1DD03640
AMBIKA PETROLEUM,22.807606,73.339267,,"HP PETROL PUMP, SURVEY NO. 240/2 STATE HIGHWAY SH 12 SEVALIA, THASRA 388245",0101000020E61000002C67EF8CB6555240AA0D4E44BFCE3640
F M AMIN AND CO SAYAJIGUNJ,22.29908989,73.13942542,,"HP PETROL PUMP, CITY SURVEY NO 1575/2 TP 16, FINAL PLOT NO. 140 SAIYAD VASNA RD, NILAMBAR CIRCLE 391410",0101000020E610000063C89858EC4852403F1DB027914C3640
GORDHANBHAI KANUBHAI AND COMPANY,21.83685549,73.41332264,,"HP PETROL PUMP, SURVEY NO 1182 SH 64, RAJPIPLA- RAJPARDI RD VILL. AMLETHA, TALUKA RAJPIPLA 393140",0101000020E6100000C55FCDE0735A52402F0751293CD63540
SMITAL PETROLEUM,22.058258,72.814739,,HP PETROLPUMP BARODA-JAMBUSAR SH JAMBUSAR 392150,0101000020E6100000A6F10BAF24345240F9BA0CFFE90E3640
ADHOC F M AMIN PHULBARI,22.314117,73.151115,,"HP PETROL PUMP, R.S. No. 65, Plot No 28, TP Scheme 2 Gotri, Vadodara City 390021",0101000020E6100000D8BB3FDEAB4952401D1EC2F869503640
P S PATEL PETROLEUM,22.71652051,72.87448953,,"HP PETROL PUMP, SURVEY NO. 2078, 2054/1 STATE HIGHWAY SH 210 KAKARKHAD PARTY, NADIAD 387001",0101000020E6100000D802EFA2F7375240FD5C5DE36DB73640
A G SHAH,22.750139,73.153993,,"HP PETROL PUMP, OPP ST BUS STAND STATION ROAD DAKORE 388225",0101000020E610000007B47405DB4952404374081C09C03640
KHANVEL PETROLEUM,20.136697,73.062339,,"HPC PETROL PUMP, S. NO. 267/3 SILVASSA TO KHANVEL MAIN ROAD VILLAGE KHANVEL, TALUKA KHANVEL 396230",0101000020E6100000FB90B75CFD43524019761893FE223440
PETRO GAS AUTO STATION,22.326756,73.162549,,"HP PETROL PUMP, PLOT NO.1 REVENUE  SURVEY No. 1060/1 NEAR BHAILAL HOSPITAL  GORWA 390016",0101000020E6100000D7BFEB33674A524093C5FD47A6533640
VIVEK ROADWAYS,22.203349,73.192344,,"HPCL RETAIL OUTLET NH-8, ALAMGIR MOJE  JAMBUVA 391353",0101000020E61000003D65355D4F4C52409FAC18AE0E343640
YASH PETROLEUM,22.570108,73.63226,,"HP PETROL PUMP, PLOT NO. 226/P & 227/2 GHOGHAMBA DEVGADHBARIA ROAD VILLAGE GHOGHAMBA TALUKA HALOL 389365",0101000020E61000006AA4A5F2766852401F300F99F2913640
VAIDEHI PETROLEUM,21.44392,73.322415,,"HPC PETROL PUMP, BLOCK NO. 25/P JANKHVAV MANDVI ROAD, NEAR ITI,  JANKHVAV, TALUKA : MANGROL 394440",0101000020E61000005A2F8672A2545240520ABABDA4713540
KRISHAK PETROLEUM,20.909275,73.028993,,"HP PETROL PUMP, BLOCK NO. 579 NH-8, BHULAFALIYA, DISTRICT : NAVSARI, 396530",0101000020E610000007B47405DB4152400612143FC6E83440
SRI SAI VIBHUTI PETROLEUM,21.01445,72.972383,,"HP PETROL PUMP, SURVEY NO. 212, HISSA NO. 2/2/PAIKI NH-8, VILLAGE : PARTHAN, 396475",0101000020E6100000ED0BE8853B3E52405D6DC5FEB2033540
SRI SAI KRISHNA PETROLEUM,21.161753,72.992785,,"HPC PETROL PUMP, SURVEY NO.124/A/P1 NH-6, SURAT DHULIA ROAD, TANTITHAIYA, TALUKA PALSANA 384305",0101000020E610000066BD18CA893F5240A70705A568293540
SHREE HARIKRUSHNA PETROLEUM,22.601394,72.834893,,"HP PETROL PUMP, SURVEY NO. 31 STATE HIGHWAY SH 89 VALETWA, NADIAD 388440",0101000020E610000032AA0CE36E355240B8020AF5F4993640
MARUTI PETROLEUM,22.672283,72.861717,,"HP PETROL PUMP, SURVEY NO. 25,26, & 27 STATE HIGHWAY SH 89 PIPLAG, NADIAD 387355",0101000020E6100000105A0F5F2637524022A81ABD1AAC3640
PARTH PETROLEUM,22.931952,73.336494,,"HP PETROL PUMP, S.NO. 265/PAIKI BALASINORE AHMEDABAD ROAD HANDIA TALUKA BALASINORE 388255",0101000020E61000003753211E895552401971016894EE3640
CPS ECOFRIENDLY FUEL CENTRE,21.156199,72.832531,,"HPC PETROL PUMP, SURVEY NO. 245, 120 FT, BAMROLI ROAD, T.P. SCHEME UDHNA(2), NEAR NATIONAL BANK 394220",0101000020E6100000FF791A3048355240FCAA5CA8FC273540
"HP AUTO CARE CENTRE, SAROLI",21.188638,72.88287,,"HP PETROL PUMP, VILLAGE : SAROLI PUNA KUMBHARIA ROAD, NH-6, TALUKA : CHORYASI, 394210",0101000020E6100000A6272CF18038524069C878944A303540
SAI KRIPA GASOLINE,20.339377,72.941247,,"HPC PETROL PUMP, SURVEY NO. 527, 530/1 VAPI SILAVSSA MAIN ROAD VILLAGE DUNGRA, VAPI 396195",0101000020E6100000529D0E643D3C5240BC033C69E1563440
MAHALAXMI PETROLEUM,20.286617,73.033771,,"HPC PETROL PUMP, SURVEY NO.423/3/1 SILVASSA TO KILVANI ROAD VILLAGE ATHOAL, TALUKA SILVASSA 396230",0101000020E61000006823D74D29425240467A51BB5F493440
SHREE RANG PETROLEUM,22.760203,73.650011,,"HP PETROL PUMP, PLOT NO. 74/1 STATE HIGHWAY NO. 5 VILLAGE GADAKPUR TALUKA GODHRA 389001",0101000020E610000094C2BCC7996952403352EFA99CC23640
Indian Oil and CNG,21.3884476,79.2572906,,"97Q4+9WF, Mansar",0101000020E61000005E24FE7277D05340AE354A4D71633540
SANJANA PETROLEUM,20.192655,72.808086,,"HPC PETROL PUMP, SURVEY NO. 161/5/P4/P2 SANJAN UMBERGAON MAIN ROAD VILLAGE SANJAN, TALUKA UMBERGAON 396150",0101000020E6100000C09657AEB73352402F698CD651313440
PARAM PETROLEUM,20.766254,73.059042,,"HPCL PETROL PUMP SURVEY NO. 419, Village Thala, NH-8, Taluka Chikli 396521",0101000020E6100000CAC51858C7435240DF6DDE3829C43440
BANAS FUEL SERVICE STATION,22.321834,73.093151,,"HP PETROL PUMP, RS NO -513/2/P/1 GOTRI SINHROT ROAD VILLEGE- SHERKHI, TALUKA -VADODARA 391101",0101000020E6100000BEA59C2FF6455240A9BD88B663523640
PRESIDENT PETROLEUM,22.784511,73.607692,,"HP PETROL PUMP, SURVEY 919 & 902/3 AHMEDABAD HIGHWAY GODHRA TALUKA GODHRA 389001",0101000020E61000009D82FC6CE46652402D5A80B6D5C83640
NILKANTH PETROLEUM,21.053517,73.271486,,HPCL PETROL PUMP VALOD BAJIPURA VALOD STATE HIGHWAY SH 5 394640,0101000020E610000099D4D00660515240B0C7444AB30D3540
SAI PETROLEUM,21.761661,73.214767,,"HP PETROL PUMP, VILLEGE -RAJPARDI, SH 64,ANKELSHWAR RAJPARDI ROAD NEAR GMDC FATAK, TALUKA -ZAGADIA 393115",0101000020E6100000A45016BEBE4D52407FA31D37FCC23540
UNIQUE GASOLINE,20.527279,73.178436,,"HPC PETROL PUMP, PLOT 54A NH56, VAPI DHARAMPUR ROAD DHARAMPUR TOWN ON BYPASS ROAD 396050",0101000020E6100000761BD47E6B4B52401ADEACC1FB863440
KRUSHNA PETROLEUM,21.204119,72.888546,,"HPC PETROL PUMP, BLOCK NO-127 PARVAT PATIA VALTHAN CANAL ROAD PUNA GAON, PARVAT PATIA, SURAT CITY 395010",0101000020E610000077BF0AF0DD385240027E8D2441343540
SHRUHADUM PETROLEUM,21.98882,72.867523,,"HP PETROL PUMP, S. NO. 3821, JAMBUSAR BHARUCH ROAD, MAUJE AMOD OPPOSITE MAMLATDAR OFFICE AMOD 392110",0101000020E6100000C861307F8537524077A1B94E23FD3540
MADHAV PETROLEUM,22.373801,72.726701,,"HP PETROL PUMP, SURVEY NO. 113 STATE HIGHWAY SH 89 BAMANVA, KHAMBHAT 388580",0101000020E61000001D3EE944822E52404C361E6CB15F3640
SAI DARSHAN PETROLEUM,23.009822,73.052011,,"HP PETROL PUMP, SURVEY NO. 287/PAIKI 2/1 STATE HIGHWAY SH 59 MOHAMMADPURA, KAPADVANJ 387620",0101000020E61000001002F2255443524004C8D0B183023740
AMIN PETROLEUM,22.739603,73.601616,,"HP PETROL PUMP, R.S. NO. 32/5 PAIKI STATE HIGHWAY NO. 5 VANAKPUR TALUKA GODHRA 389001",0101000020E6100000063065E0806652400306499F56BD3640
KRISHNA PETROLEUM,22.37951,73.19154,,HPCL PETROL PUMP SY NO 1000/3 BLOCK NO 731 AT DUMAD SAVLI HIGHWAY 391740,0101000020E61000000EF8FC30424C524045813E9127613640
LG PETROLEUM,22.28438914,73.11821896,,HPCL PETROL PUMP BLOCK NO 1171 BHAYLI RAIPURA ROAD 391410,0101000020E6100000E5BD41E69047524037A307BACD483640
CHIRAG PETROLEUM,23.06483756,73.61421363,,"HP PETROL PUMP, S.NO. 174A/PAIKI 5 STATE HIGHWAY NO. 5 VIRANIYA TALUKA LUNAVADA 389230",0101000020E6100000E066AF464F675240A0C0BF3199103740
PIONEER PETROLEUM,22.32827552,73.26279561,,"HP PETROL PUMP, SY NO 42/1/A AT SAYAJIPURA TAL VADODARA 390019",0101000020E6100000DF9EADA4D1505240367A4EDD09543640
SAVITABEN & SONS PETROLEUM,22.80393772,73.44988114,,"HP PETROL PUMP, S. NO. 397 PAIKI 2 NATIONAL HIGHWAY NO. 47 TUWA TALUKA GODHRA 388713",0101000020E6100000C8D843DACA5C5240BA6BC7DCCECD3640
BABJI PETROLEUM,22.89121394,74.02499531,,"HP PETROL PUMP, S.NO. 8 STATE HIGHWAY NO. 62 SHASHTA TALUKA LIMKHEDA 389146",0101000020E610000037C0ED8599815240100AC69826E43640
DEEP PETROLEUM,23.15379033,74.0208965,,"HP PETROL PUMP, S.NO. 148/1 PAIKI 8 STATE HIGHWAY NO. 2 SUKHSAR TALUKA FATEHPURA 389190",0101000020E61000007506465E5681524082CA95CD5E273740
KAMAL VEER PETROLEUM,22.33222444,72.69236371,,"HP PETROL PUMP, SURVEY NO. 490/2, 491/3 STATE HIGHWAY SH 6 UNDEL, KHAMBHAT 388620",0101000020E6100000C8D8E0AF4F2C52405FBB30A90C553640
HAKIMI PETROLEUM,22.69495967,74.31361532,,"HP PETROL PUMP, S.NO. 563/PAIKI 3 NATIONAL HIGHWAY 56 GADBADA TALUKA GADBADA 389155",0101000020E61000002CBBFD45129452405FB07EE0E8B13640
NEEL PETROLEUM,22.82207174,74.26021144,,"HP PETROL PUMP, S.NO. 333/PAIKI 2 NATIONAL HIGHWAY 47 DOHAD TALUKA DAHOD 389151",0101000020E61000001636E24DA79052400C44264B73D23640
MADHAV PETROLEUM,22.373801,72.726701,,"HPC PETROL PUMP, SURVEY NO. 930/1 VALSAD TO DHARAMPUR ROAD, SH67 NANI DADRI, GADARIYA, TALUKA VALSAD, 396055",0101000020E61000001D3EE944822E52404C361E6CB15F3640
SHREE LAXMI PETROLEUM,21.13017522,73.45561947,,SR NO 265 VILL VIRPUR HAZIRA DHULE ROAD TAL-VYARA 394650,0101000020E610000089C490DE285D52404DA6C82953213540
JK PETROLEUM TP10 PAL,21.20047646,72.7750401,,"HPC PETROL PUMP, SUR. NO. 221 TP10 PAL PAL, ADAJAN, SURAT CITY 395009",0101000020E6100000ABA5CA419A3152405F51DF6C52333540
ANAYA AUTOFUEL,20.2806968,72.8379679,,"HPC PETROL PUMP, SURVEY NO 1852 SARIGAM NARGOL STATE HIGHWAY VILLAGE MANDA, TALUKA UMBERGAON 396155",0101000020E610000042661D44A13552408417D8BEDB473440
NIDHI PETROLEUM,23.03106713,73.05395671,,"HP PETROL PUMP, SURVEY NO. 43/3, STATE HIGHWAY SH 141 NAVAGAM, KAPADVANJ 387620",0101000020E61000006236D80674435240A154F303F4073740
LAXMI PETROLEUM,20.8005409,72.9505694,,"HPCL PETROL PUMP VILLAGE SARIKHURD, SURVEY NO 117 BILLIMORA TO AMALSAD ROAD 396310",0101000020E610000004650921D63C5240449C983FF0CC3440
SHRI SAINATH PETROLEUM,22.97855067,73.89060829,,Survey No. 27 paiki 1 Village Vandeli Taluka Hadaf Morwa 389120,0101000020E61000002DC6E9B9FF785240FF20F54B82FA3640
VARDAN PETROLEUM,23.06083112,74.15686149,,"HP PETROL PUMP, PLOT NO 303/1/Paiki 2 NATIONAL HIGHWAY No 56 VILLAGE NANSALAI TALUKA JHALOD 389170",0101000020E61000005163C6040A8A5240A3FAD6A0920F3740
AMOGH PETROLEUMS,15.35017486,75.11192298,,"OPP II GATE, GOKUL INDUSTRIAL ESTATE BESIDE URBAN OASIS MALL, AIRPORT ROAD, HUBLI 580030",0101000020E610000056B100BF29C75240AA29871E4AB32E40
"A.M.SAMYULLA, TUMKUR RD, BN SA",13.051488,77.488323,,"HP Petrol Pump, NH48 (Bengaluru to Tumkur Rd) CHIKKABIDARAKALLU,JINDAL NAGAR 560090",0101000020E61000009DB81CAF405F5340DD4598A25C1A2A40
CARRS ENTERPRISES,13.105276,77.66078,,"HP Petrol Pump, Plot No. 118/2 HENNUR BAGALUR ROAD BANDE HOSUR KANNUR POST, BIDARAHALLI 562149",0101000020E6100000757632384A6A53407E1B62BCE6352A40
MARUTHI SERVICE STATION,12.898603,77.464667,,"HP Petrol Pump,Sy.No.232, NH275 (BANGALORE MYSORE RD) BABUSABUPALYA, KENGERI HOBLI 560060",0101000020E6100000F321A81ABD5D5340CB2C42B115CC2940
MTB FUEL STATION,13.02082759,77.7114574,,Between Avalahalli and K.R.Puram Fly ove Medahalli Bangalore Urban 560049,0101000020E6100000D25F9E84886D53401ACFF3E9A90A2A40
HAVISH PETROLEUM,12.885531,77.744232,,"HP Petrol Pump, 196/2 Sarjapur Main Road Dommasandra Circle 562106",0101000020E6100000BF28417FA16F53403830B95164C52940
R P ENTERPRISES,12.909778,77.687803,,"HP Petrol Pump, No.83/12 SARJAPUR ROAD DODKANHALLI, VARTHUR HOBLI 560035",0101000020E6100000CEC5DFF6046C5340963D096CCED12940
CHOWDESHWARI SERVICE STATION,13.25742,77.717134,,"HP Petrol Pump B.B.ROAD OPP. JAIN TEMPLE,DEVANAHALLI TOWN 562110",0101000020E610000061360186E56D534032ACE28DCC832A40
H ANJANAPPA AND SONS FUEL POINT,13.08562562,77.41533397,,"HP Petrol Pump,Sy.no.126/2B1, BH Road(Vajarahalli to Arshinkunte) ARSHINKUNTE VILLAGE 562123",0101000020E61000005884EED4945A53400F330B1FD72B2A40
PARSEDIA FILLING STATION RAIRU,26.315968,78.116458,,HP PETROL PUMP AGRA BOMBAY ROAD RAIRU 474010,0101000020E6100000E256410C7487534021956247E3503A40
SHRI GANESH SERVICE STATION,23.280625,77.448879,,"HPC DEALER ,AYODHA BYPASS BHOPAL AYODHA BYPASS ROAD VILLAGE DAMKHEDA ,TEHSIL HUZUR ,BHOPAL 462041",0101000020E61000001E37FC6EBA5C5340A4703D0AD7473740
NEW STAR TRAVELS,23.329201,77.402894,,"HP PETROL PUMP ,LAMBAKHEDA KAROND -LAMBAKHEDA ROAD BERASIA ROAD, BHOPAL 462038",0101000020E61000004C70EA03C95953407DCF488446543740
CAPITAL FILLING STATION,23.249703,77.495416,,"HP PETROL PUMP ,SARDAR PATEL NAGAR BHOPAL RAISEN ROAD 222222 462021",0101000020E6100000927A4FE5B45F53408DB62A89EC3F3740
MOTIJEEL AUTOMOBILES,26.252401,78.141706,,HP PETROL PUMP MOTIJHEEL OLD A B ROAD 474001,0101000020E610000068E90AB6118953404A7A185A9D403A40
GWALIOR SERVICE STATION,26.212114,78.171527,,HP PETROL PUMP NEAR PHOOLBAGH CHAURAHA MLB ROAD 474003,0101000020E610000062D8614CFA8A53401406651A4D363A40
"ANAND FILLING CENTRE, SHAJAPUR",23.447903,76.320641,,"HP PETROL PUMP, PLOT NO 53 & 54 AGRA-MUMBAI ROAD VILLAGE MAJHANIA, SHAJAPUR 465001",0101000020E61000006E30D46185145340C1C760C5A9723740
SAI HARILEELA PETROLEUM,26.20060714,78.21630567,,"HP PETROL PUMP SACHIN TENDULKAR MARG, OPP. D B CITY VILLAGE- MEHRA, TEHSIL-GWALIOR 474011",0101000020E6100000B8A5BCF3D78D5340E3A451FD5A333A40
GAURAV FILLING STATION,26.21801654,78.14839171,,HP PETROL PUMP LAXMIGANJ BAHODAPUR ROAD PANCHWATI COLONY 474012,0101000020E6100000A45CF13F7F8953407E4995EECF373A40
"SHRI HARILEELA SERVICE,LAXMIGNJ GWLR",26.20555227,78.14032444,,"HP PETROL PUMP LAXMIGUNJ A B ROAD, GWALIOR 474001",0101000020E61000004A285C13FB885340C044D5129F343A40
MADAN LAL DINA NATH,30.369852,75.54572,,NEAR BUS STAND BARNALA PUNJAB 148101,0101000020E61000007B319413EDE25240365CE49EAE5E3E40
VISHAL SERVICE STATION,30.705817,76.78752,,HPC DEALERS SECTOR 31 CHANDIGARH 160031,0101000020E61000008A3C49BA66325340F9F5436CB0B43E40
MEHTA SERVICE CENTRE,30.355779,76.454491,,RAJPURA ROAD KARHERI OPPST PUNJABI UNIVERSTY PATLA 147002,0101000020E6100000E3546B61161D5340849A2155145B3E40
KHALSA OIL STORE,30.710982,76.206327,,MAIN G T ROAD KHANNA  141401,0101000020E610000009522976340D5340700B96EA02B63E40
PETRO & AGROWAYS,30.737069,76.683563,,CHANDIGARH-KHARAR RD DAUN PUNJAB 140301,0101000020E61000005D70067FBF2B53403BE5D18DB0BC3E40
IGL CNG Station,28.3080483,76.8819483,,"8V5J+6Q8, Service Rd, Panchgaon, Binola",0101000020E6100000D25048D771385340A116DE40DC4E3C40
MIDWAY HP CENTRE SWARA,30.681748,76.633878,,VILLAGE: SWARA CHD. - SIRHIND ROAD TEHSIL: KHARAR 140307,0101000020E6100000D9E9077591285340081D740987AE3E40
DASHMESH HP CENTER,30.632823,76.345636,,VILL: HARBANSPURA TEHSIL: FATEHGARH SAHIB DIST: FATEHGARH SAHIB 140406,0101000020E61000007F1475E61E165340172829B000A23E40
"SHIVA HP CENTRE, NABHA",30.640003,76.80481,,"HP PETROL PUMP VILL: NABHA, RAJPURA RD., NH-64 DIST: PATIALA 140603",0101000020E61000009A5FCD01823353408657923CD7A33E40
GAGAN HP CENTER,30.788103,76.408384,,"VILL POLOMAJRA NH-95, TEHSIL KHAMANOO 140801",0101000020E61000006B0DA5F6221A534026E1421EC1C93E40
C GEMS & JEWELS P LTD,30.550303,76.485508,,"HPC PETROL PUMP VILLAGE PATARSI , NH 1 SIRHIND RAJPURA ROAD 140406",0101000020E6100000917C2590121F534004E44BA8E08C3E40
GURUHARKRISHAN HP CENTRE,30.421789,76.897098,,"HPC PETROL PUMP VILLAGE HANDESRA, AMBALA DEHRADUN RD MOHALI 140501",0101000020E6100000A6D3BA0D6A39534003D0285DFA6B3E40
THE GURM GOODS TRANSPORT,30.45092,76.653501,,"HPC PETROL PUMP VILLAGE GHAGGAR SARAI, NEAR KM STONE 221 NH 1, TEHSIL RAJPURA 140401",0101000020E6100000D0B9DBF5D2295340C11C3D7E6F733E40
GHALORI HP CENTRE,30.313428,76.420556,,VILL GHALORI PATIALA DEVIGARH ROAD PATIALA 147001,0101000020E6100000BE88B663EA1A534093A641D13C503E40
SARDAR BACHAN SINGH,30.927152,75.792421,,"HPCL RETAIL OUTLET S.BACHAN SINGH MARG (LADHOWAL BYPASS) VILLAGE - BALLOKE, TEHSIL -LUDHIANA WEST 141001",0101000020E610000079EA9106B7F25240C66B5ED559ED3E40
MANN HIGHWAY SERVICES,30.82167,75.569343,,CHOWKIMAAN DIST. LUDHIANA LUDHIANA DISTT. 141008,0101000020E6100000384D9F1D70E45240B51A12F758D23E40
JASSOWAL HP CENTRE,30.370861,76.363599,,BHADSON ROAD JASSOWAL PATIALA 147001,0101000020E6100000EE76BD3445175340A35C1ABFF05E3E40
DS FUELS,30.30934673,76.43868119,,HPCL RETAIL OUTLET VILLAGE SANAUR PATIALA SANAUR ROAD 147003,0101000020E6100000E71A455A131C53407C79E858314F3E40
AVINASH SINGH PARAMJIT KAUR,30.77226134,76.06948746,,"VILLAGE JASPALON LUDHIANA-CHANDIGARH HIGHWAY LHS, Tehsil-Khanna 141401",0101000020E6100000A80B887B72045340E0434FEBB2C53E40
CITCO PETROL STATION - SECTOR 17,30.742296,76.788839,,SECTOR 17B MADHYA MARG  160017,0101000020E6100000CCB392567C3253409DF3531C07BE3E40
T. U. PETROS,30.81075911,76.58371601,,VILLAGE PADIALA NEW KURALI BYEPASS NH205 140103,0101000020E61000008146659A5B2553405262B6E88DCF3E40
GROWSAN FILLING STATION,30.61946148,76.79745938,,VILLAGE SHATABGARH AEROCITY ROAD TEHSIL DERABASSI 140603,0101000020E6100000433F11930933534054BB0D07959E3E40
SUKHIJA FUELS,30.77728503,76.721932,,"VILLAGE TIRA PR4, CHANDIGARH KURALI ROAD  140301",0101000020E6100000E57B4622342E53403885D726FCC63E40
SRI JAYA MARUTHI AGENCY,13.11895623,80.19898448,,"72/2B, 200 FEET ROAD THADHANKUPPAM CHENNAI 600049",0101000020E6100000BD806629BC0C5440CB02BBD4E73C2A40
SEKAR FUEL STATION,13.10183188,80.26079417,,Pulianthope Perambur Chennai 600039,0101000020E6100000CCC807DAB01054409594E44E23342A40
AZADPUR SERVICE STATION,28.674115,77.188177,,HP PETROL PUMP KALIDAS MARG GULABI BAGH 110007,0101000020E610000000378B170B4C534038BEF6CC92AC3C40
KUNDANLAL FILLING STATION-LONI,28.705191,77.291843,,5/8 LONI ROAD GOKULPURI DELHI 110094,0101000020E61000004224438EAD525340FC6EBA6587B43C40
KUNDANLAL SERVICE STATION,28.672612,77.252808,,"SHASTRI PARK GT ROAD, NEAR ISBT DELHI 110031",0101000020E6100000B30A9B012E505340ACE5CE4C30AC3C40
NORTHERN SERVICE STATION,28.670579,77.17655,,HP PETROL PUMP ROAD NO. 40 NEAR SHASTRI NAGAR METRO STATION 110035,0101000020E6100000F7065F984C4B53406762BA10ABAB3C40
OM SERVICE STATION,28.853682,77.124803,,"HP PETROL PUMP, 15/0 GT KARNAL ROAD SINGHU BORDER 110040",0101000020E610000055DCB8C5FC475340122F4FE78ADA3C40
SHYAM PRAKASH & CO.,28.676621,77.32358,,"HPC PETROL PUMP,G.T. RD.,SHAHDARA,DL -UP BORDER,DELH 110095",0101000020E6100000F168E388B55453406DC9AA0837AD3C40
AUTOMOTIVES - LODHI RD,28.591133,77.229844,,HP PETROL PUMP LODHI ROAD BESIDE DAYAL SINGH COLLEGE 110003,0101000020E6100000A3CB9BC3B54E53401C96067E54973C40
BADARPUR SERVICE STATION,28.619635,77.341172,,POCKET C SITE NO 2 IFC GHAZIPUR 110096,0101000020E6100000E69315C3D5555340FB743C66A09E3C40
BANSAL SER CENTRE,28.659456,77.189443,,NEAR LIBERTY CINEMA ROHTAK ROAD NEW DELHI 110005,0101000020E6100000315D88D51F4C5340A626C11BD2A83C40
BEDI MOTORS RACE COURSE RD.,28.596284,77.204475,,"HP PETROL PUMP LOK KALYAN MARG CHANAKYAPURI, NEW DELHI 110003",0101000020E610000060764F1E164D5340C9207711A6983C40
CHADHA SER. STATION - DELHI GATE,28.637915,77.241462,,BAHADUR SHAH ZAFAR MARG TIN NO. 07560082614 NEW DELHI 110002,0101000020E6100000834E081D744F5340BAA0BE654EA33C40
EVERGREEN SER. STN. - GREEN PARK,28.556833,77.206961,,"HP PETROL PUMP GREEN PARK, AUROBINDO MARG ADJACENT TO GREEN PARK METRO STATION 110016",0101000020E61000000AA359D93E4D53406555849B8C8E3C40
HEMKUNT SERVICE STATION,28.585801,77.240473,,HP PETROL PUMP LINK ROAD JUNGPURA NEAR JUNGPURA METRO STATION 110003,0101000020E61000008BA4DDE8634F5340CFF6E80DF7953C40
NATHU MAL AHUJA & SONS,28.494445,77.303621,,HP PETROL PUMP BADARPUR KM STONE 18 DELHI MATHURA ROAD RD NH19 110044,0101000020E61000003F58C6866E535340B4AB90F2937E3C40
RAJEEV SERVICE STATION-SUNDER NGR.,28.606255,77.240561,,HP PETROL PUMP SUNDARNAGAR MATHURA ROAD ADJACENT TO SUNDARNAGAR ZOO 110003,0101000020E61000005BECF659654F534057091687339B3C40
RAM LAL BANSIWAL & SONS,28.671705,77.172226,,ROAD NO 40 SHAHZADA BAGH NEW DELHI 110035,0101000020E6100000566133C0054B5340478FDFDBF4AB3C40
BATRA BROTHERS & COMPANY,28.567956,77.223711,,"HP PETROL PUMP SOUTH EX PART 2 INNER RING ROAD, NH48 110049",0101000020E61000005930F147514E534025917D9065913C40
PURAN SERVICE STATION,28.653858,77.14739,,"HP PETROL PUMP, KIRTI NAGAR NEAR KIRTI NAGAR METRO STATION NEW DELHI 110015",0101000020E61000007A7077D66E4953405C3AE63C63A73C40
ANAND AUTO SERVICE,28.704214,77.181387,,HP PETROL PUMP OLD GT ROAD NEAR HANS CINEMA 110033,0101000020E6100000DA3A38D89B4B5340A662635E47B43C40
DHAULA KUAN SERVICE STATION,28.590179,77.157617,,"HP PETROL PUMP, DHAULA KUAN NEAR RR HOSPITAL, DELHI GURUGRAM ROAD DHAULA KUAN 110010",0101000020E6100000CB129D65164A534036C98FF815973C40
BATRA CAR CARE CENTRE-HUMAYUNRD.,28.602175,77.230023,,HP PETROL PUMP HUMAYUN ROAD OPPOSITE KHAN MARKET 110003,0101000020E6100000FB9463B2B84E534003780B24289A3C40
WALIA SERVICE STATION,28.545868,77.264186,,HP PETROL PUMP OKHLA IA MAA ANANDMAYI MARG ADJACENT GOVINDPURI METRO STATION 110049,0101000020E6100000E883656CE8505340D4EE5701BE8B3C40
LUXMI SUPER SERVICE STATION,28.573805,77.209006,,LUXMI BAI NAGAR OPPOSITE INA MARKET NEW DELHI 110023,0101000020E6100000BDAAB35A604D534002486DE2E4923C40
SERVICIRCLE,28.571214,77.25976,,"HP PETROL PUMP ASHRAM CHOWK MATHURA ROAD, NH19 110014",0101000020E6100000C63368E89F5053407104A9143B923C40
VICTORY SERVICE STATION,28.676535,77.316699,,NEAR ZULFEBENGALCHEM TIN NO. 07730041829 SHAHDRA DELHI 110095,0101000020E610000042EBE1CB445453407099D36531AD3C40
PANCHSHILA SERVICE STATION,28.561319,77.222735,,"HP PETROL PUMP AUGUST KRANTI MARG, ANDREWS GANJ NEAR HUDCO PLACE 110049",0101000020E61000002C2B4D4A414E5340999F1B9AB28F3C40
UGGRASAIN & SONS,28.673241,77.278215,,HP   DEALERS TIN NO. 07260041748 DELHI 110032,0101000020E61000006D904946CE5153408B53AD8559AC3C40
SHANTI SERVICE STATION,28.52109,77.294586,,MADANPUR KHADAR MATHURA RAOD MATHURA ROAD 110041,0101000020E610000001F73C7FDA525340CC457C2766853C40
ASSOCIATED SERVICE STATION,28.670024,77.226365,,HPC DEALERS ALIPUR ROAD DELHI 110054,0101000020E610000061FD9FC37C4E5340FD885FB186AB3C40
ANAND SERVICE STATION,28.544743,77.121463,,"HP PETROL PUMP, MAHIPALPUR VILLAGE RANGPURI NH-8, NEAR RADDISON HOTEL 110037",0101000020E6100000242BBF0CC647534095B9F946748B3C40
DELHI PUNJAB FIILING STN-SINGHU,28.855739,77.124385,,"HP PETROL PUMP, 16/1 SINGHU BORDER GT KARNAL ROAD 110040",0101000020E61000003BC780ECF547534068E90AB611DB3C40
ROHTAK OIL COMPANY,28.687966,76.962115,,HP PETROL PUMP TIKRI KALAN BORDER MAIN ROHTAK ROAD(OLD NH-10) 110041,0101000020E61000006DFFCA4A933D53408BC22E8A1EB03C40
BATRA OIL COMPANY,28.854638,77.124552,,"HP PETROL PUMP, 1/26/2 GT KARNAL ROAD SINGHU BORDER 110040",0101000020E6100000B0A9F3A8F84753403AEB538EC9DA3C40
CH.A.RAM BATRA & SONS,28.666271,77.307025,,COMMUNITY CENTRE VIVEK VIHAR DELHI 110095,0101000020E61000007B832F4CA6535340F1457BBC90AA3C40
CH.A.RAM BATRA & SONS-MAYUR VIHAR,28.613849,77.291919,,SOUTH OF SANJAY LAKE TIN NO. 07950255302 ANANTNAG SRINGR 110091,0101000020E61000002F8507CDAE525340ABAE4335259D3C40
SHREYANS AUTOMOBILES,28.690319,77.15361,,HP PETROL PUMP NEXT TO WAZIRPUR DTC DEPOT OPPOSITE NETAJI SUBHASH PLACE 110032,0101000020E6100000AB9509BFD4495340B3CEF8BEB8B03C40
SHAHEED ANUSUYA DHYANI SER STN,28.622952,77.11058,,"HP PETROL PUMP, HARI NAGAR NEAR GHANTAGHAR DELHI 110064",0101000020E6100000DEE522BE1347534051FA42C8799F3C40
HINDUSTAN SERVICE STATION,28.72716,77.125045,,"HP PETROL PUMP SECTOR-12 OPPOSITE E.S.I HOSPITAL, 110085",0101000020E6100000D061BEBC0048534099F5622827BA3C40
KEELKAR SERVICE STATION,28.715761,77.114901,,"HP PETROL PUMP COMMERCIAL COMPLEX, SECTOR-10 NEAR ROHINI WEST METRO STATION 110085",0101000020E6100000C651B9895A47534094C0E61C3CB73C40
BALWAN SERVICE STATION,28.730434,77.121352,,HP PETROL PUMP PSP INSTITUTIONAL AREA SECTOR-16 110085,0101000020E610000078D32D3BC4475340EFE2FDB8FDBA3C40
USHA SPEEDWAYS,28.541359,77.280663,,"HP PETROL PUMP SARITA VIHAR, OPP. APOLLO HOSPOTAL DELHI MATHURA ROAD NH19 110044",0101000020E6100000A08CF161F65153403065E080968A3C40
BHARGAVI AUTO SERVICES,28.622491,77.095336,,"HP PETROL PUMP, JANAKPURI NEAR DELHI HAAT, JANAKPURI NEW DELHI 110058",0101000020E61000006A882AFC19465340E90DF7915B9F3C40
BANSIWAL SERVICE STATION,28.591506,77.175515,,HP PETROL PUMP SAN MARTIN MARG CHANAKYAPURI 110021,0101000020E6100000473D44A33B4B53404563EDEF6C973C40
ESSJAY FUELS,28.555853,77.054409,,"HP PETROL PUMP, SECTOR 22 NEAR SECTOR 21 METRO STATION, DWARKA NEW DELHI 110045",0101000020E6100000EBE6E26F7B4353402C62D8614C8E3C40
MARTIN MOTORS,28.5687,77.063292,,"HP PETROL PUMP, SECTOR 20 NEAR MARBLE MARKET, SECTOR 20 DWARKA 110045",0101000020E61000004D86E3F90C445340363CBD5296913C40
AJAY AHUJA FILLING STATION/OKHLA,28.529304,77.272775,,"HP PETROL PUMP OKHLA IA PHASE 3, ADJACENT CROWNE PLAZA KALINDI KUN OKHLA ROAD 110049",0101000020E6100000A60A46257551534059A4897780873C40
GOPI SERVICE STATION-WAZIRABAD,28.701121,77.286063,,NEAR BHIMRAO AMBEDKAR COLLEGE MAIN WAZIRABAD ROAD DELHI 110092,0101000020E61000001F662FDB4E525340F08975AA7CB33C40
BHARAT HP CENTRE,28.592906,77.043033,,"HP PETROL PUMP, SECTOR 12 NEAR METRO STATION DWARKA 110075",0101000020E610000085E97B0DC1425340289A07B0C8973C40
PANDIT HP CENTRE,28.608817,76.955102,,"HP PETROL PUMP, PLOT NO. 63/4 VILLAGE MITRAON NAZAFGARH-DHANSA ROAD 110043",0101000020E610000007962364203D5340B33F506EDB9B3C40
MAA DHANESHWARI HP CENTRE,28.602209,76.970537,,"HP PETROL PUMP, KHAIRA NEAR KHAIRA MOD, VILLAGE KHAIRA NAZAFGARH 110043",0101000020E6100000B5A338471D3E53405B5B785E2A9A3C40
BALAJI FILLING STATION,28.723488,77.16506,,"HP PETROL PUMP, 5/5 MAHINDRA  PARK, (OPP. SUBZI MANDI) GT KARNAL ROAD, NEAR AZADPUT 110033",0101000020E61000002D78D157904A5340670C738236B93C40
SHRI KRISHNA HP CENTRE,28.653199,77.03397,,"HP PETROL PUMP, RANHOLA VILLAGE RANHOLA, NAZAFGARH NANGLOI ROAD TEHSIL NANGLOI 110041",0101000020E6100000E3C281902C425340A8C7B60C38A73C40
MOUNT KAILASH HP CENTRE,28.691663,77.146618,,HP PETROL PUMP NETAJI SUBHASH PLACE RING ROAD 110025,0101000020E610000051C07630624953406EDA8CD310B13C40
KAMLESH HP CENTRE,28.592674,77.023413,,"HP PETROL PUMP, SECTOR 17 Sector 17, DWARKA 110075",0101000020E610000048533D997F4153408330B77BB9973C40
DRIVE AND FILL,28.652776,77.034774,,"HP PETROL PUMP, RANHOLA VILLAGE RANHOULA NANGLOI NAZAFGARH ROAD 110083",0101000020E61000001230BABC394253401B9DF3531CA73C40
ANGRA HP CENTRE,28.590909,77.196101,,HP PETROL PUMP VINAY MARG CHANAKYAPURI CHANKYAPURI 110048,0101000020E6100000A06D35EB8C4C53407DE9EDCF45973C40
MOGRA SERVICE STATION,23.039788,88.126595,,"HP Petrol Pump DURGAPUR EXPRESSWAY NH 2 MOUZA-GURAP, PS DHANIAKHALI 712148",0101000020E61000009335EA211A085640F4C5DE8B2F0A3740
HP SERVICE CENTRE GOBINDAPUR,22.910484,88.197091,,"NH-2 VILL- GOBINDAPUR PO-DANRPUR ,PS-DADPUR 712305",0101000020E610000080D591239D0C56400188BB7A15E93640
M/S SUNDER SERVICE STATION,28.379423,77.306228,,BATA CHOWK NIT FARIDABAD 121001,0101000020E6100000A647533D99535340A759A0DD21613C40
VERMA OIL CO.,28.375301,76.95523,,"KM 46, Near Macdonalds Village Nakhrola Tehsil & District Gurgaon 122105",0101000020E61000001E8A027D223D5340F627F1B913603C40
RATAN FUELS,28.094501,76.107948,,NASIBPUR MOHINDERGARH HARYANA 123001,0101000020E6100000CA6ABA9EE80653407670B03731183C40
RAGHAV FUELS,28.346122,77.067463,,"FORMERLY DHILLON FILLING STATION NEAR POLICE POST SOHNA ROAD, BHONDSI 121104",0101000020E61000002AAC545051445340166D8E739B583C40
HP ASHOK FUEL STATION,28.272947,76.840028,,"DELHI - JAIPUR HIGHWAY 63 KM STONE, BHORA KALAN DIST: GURGAON 122001",0101000020E61000005BEECC04C3355340938AC6DADF453C40
SAHEED TEJ RAM FILLING STATION,28.112329,75.969901,,HPCL PETROLEUM PUMP VILL & P.O. - BALAHA KALAN NARNAUL - SINGHANA ROAD 123001,0101000020E6100000E4D6A4DB12FE52407364E597C11C3C40
SHD. SB. HOSHIYAR SINGH F STN,28.204818,76.57506,,VILL KANMAJRA MAHENDERGARH ROAD  123401,0101000020E6100000374F75C8CD245340D3A1D3F36E343C40
M/S HP MANU FUELS,28.40291,77.275348,,SECTOR 49   121001,0101000020E610000037C1374D9F5153403A3B191C25673C40
HP PREM FILLING STATION,27.983665,77.190135,,"VILLAGE UTTAWAR NUH - HODAL ROAD, TEHSIL HATIN 121103",0101000020E6100000CCB4FD2B2B4C534047382D78D1FB3B40
DIPIN FUEL STATION,28.282974,76.874326,,BILASPUR TAURU ROAD VILLAGE PATHRERI  122001,0101000020E6100000B8020AF5F4375340499EEBFB70483C40
HP KRISHNA PETROLEUM,28.06575055,77.01186975,,VILLAGE MALAB ON NH-248A  122107,0101000020E6100000F3035779C2405340ABF12D07D5103C40
OM FILLING STATION,28.32607457,76.32026677,,KHEWAT NO -1203  KHATONI NO 1304 KILLA NO 209//8/1 VILLAGE KANINA 123027,0101000020E610000051C931407F1453400F357E9F79533C40
HP SARLANAND,28.18299673,77.31620715,,"VILL AGWANPUR 54 MILE STONE, DELHI AGRA ROAD (NH2)  121102",0101000020E6100000BA00EABC3C545340FC9FAADFD82E3C40
MANGALDEEP FILLING STATION,28.32352,76.272222,,HPC PETROL PUMP VILL. CHELAWAS KANINA - M'GARH ROAD 123027,0101000020E61000001CD0D2156C115340179AEB34D2523C40
SS FILLING STATION,28.164699,76.630036,,"HPC RETAIL OUTLET VILL. PADNIWAS GARHI BOLNI ROAD, OPP. MANCHANDA FLATS 123401",0101000020E61000005FD383825228534014AFB2B6292A3C40
HP FUELS,28.204108,76.67135,,HPC PETROL PUMP VILL. FIDEDI REWARI-DHARUHERA ROAD (NH-71B) 123401,0101000020E6100000DB8AFD65F72A53401BDA006C40343C40
DHINGRA FILLING STATION,28.176313,76.610996,,HPC RETAIL OUTLET VILL. CHANDPUR 1.5 KM REWARI-BAWAL ROAD 123401,0101000020E6100000287FF78E1A27534012DC48D9222D3C40
GURU CHHAYA PETRO MOBILE,28.31928,76.613928,,"HPC Petrol Pump Vill. Basota Near Rohdai Mor, Rewari- Jhajjar Road 123401",0101000020E61000005186AA984A27534052448655BC513C40
HANSRAJ SUDARSHAN KUMAR,29.951595,74.72641,,MANDI DABWALI DISTT. SIRSA SIRSA 125104,0101000020E6100000315F5E807DAE52408109DCBA9BF33D40
ARYA FILLING STATION,29.352987,76.291838,,"HP PETROL PUMP JIND - NARWANA ROAD, NH 352 AHIRKA 126102",0101000020E6100000B96E4A79AD125340C4E9245B5D5A3D40
NAVDEEP FILLING STATION,29.510237,76.175303,,"HP PETROL PUMP JIND - NARWANA ROAD, NH 352 VILLAGE - SAPA KHERI 126115",0101000020E610000001F9122A380B53408B355CE49E823D40
ADARSH FILLING STATION,29.292475,76.393839,,"HP PETROL PUMP JIND - GOHANA ROAD, NH352A VILLAGE- BRAH KHURD 126102",0101000020E6100000EB387EA834195340C9E53FA4DF4A3D40
HP AMANDEEP FILLING STATION,29.282527,76.326213,,"HP PETROL PUMP JIN D- ROHTAK ROAD, NH 352 JIND 126102",0101000020E6100000ECA17DACE0145340AC3C81B053483D40
GODARA PETROLEUMS,29.662381,75.563871,,"HP PETROL PUMP FATEHABAD - RATIA ROAD, SH21 RATIA 125051",0101000020E61000006C0A647616E45240E57D1CCD91A93D40
BHADU FILLING STATION,29.40437,75.558847,,"HP PETROL PUMP HISAR-FATEHABAD ROAD, NH9 BADOPAL 125055",0101000020E6100000EF1D3526C4E35240C87BD5CA84673D40
SANKAT MOCHAN FILLING STATION,29.148587,76.39461,,"HP PETROL PUMP JIND - ROHTAK ROAD, NH 352 JULANA 126101",0101000020E61000002C2B4D4A411953405A9C31CC09263D40
RAM CHANDER PANSARI FS,29.530217,75.088963,,"HPCL RETAIL OUTLET, VILL: BAJEKAN SIRSA NH9 125055",0101000020E610000076E3DD91B1C5524082C8224DBC873D40
AGGARWAL PETRO STATION,29.449,76.6443,,"HP PETROL PUMP PANIPAT-ASANDH ROAD, SAFIDON VILLAGE- AFTABGARH 126112",0101000020E6100000053411363C2953406DE7FBA9F1723D40
KASHYAP & CO,22.715404,75.841048,,"HPC R/O DEALER 204, JAWAHAR MARG RAJMOHALA 452004",0101000020E61000007097FDBAD3F55240766D6FB724B73640
MANNALAL LACHHIRAM & SONS,22.697987,75.877697,,NAVLAKHA CHOURAHA INDORE TEH INDORE 452001,0101000020E610000007B309302CF852407D08AA46AFB23640
MANNA LAL LACHHIRAM,22.697987,75.877697,,NAVLAKHA CHOURAHA INDORE TEH INDORE 452001,0101000020E610000007B309302CF852407D08AA46AFB23640
PAINTS & PET PRODUCTS,22.713054,75.872423,,26 KIBE COMPOUND DIESEL HOUSE STN RD INDORE 452001,0101000020E6100000CE5147C7D5F752403048FAB48AB63640
GOPIKISHAN CHHOGALAL,22.583009,75.77876,,AGRA MUMBAI ROAD RASALPURA MHOW INDORE 452001,0101000020E6100000B6DB2E34D7F152400F46EC1340953640
GOPIKISHAN CHHOGALAL,22.583009,75.77876,,AGRA MUMBAI ROAD RASALPURA MHOW INDORE 452001,0101000020E6100000B6DB2E34D7F152400F46EC1340953640
CHOUDHARY HIGHWAY SERVICE,22.441072,75.625987,,KANKARIA MANPUR PO MANPUR  453661,0101000020E6100000272EC72B10E852406A2E3718EA703640
RANISINGH AUTOMOBILES,23.387007,75.059684,,HPC DEALER MHOW NEEMUCH RD RATLAM 457001,0101000020E61000000C06D7DCD1C35240B55208E412633740
SUPREME AUTO CENTRE,22.774522,75.903019,,MUMBAI AGRA ROAD NIRANJANPUR INDORE 452010,0101000020E6100000AA2A3410CBF952405308E41247C63640
BABA FUEL STATION,23.124241,76.147832,,HPCL PETROL PUMP VILL-BHERWA KHEDI(TONK KALAN) TEH TONK KHURD AB ROAD 455117,0101000020E6100000585359147609534085D21742CE1F3740
KIMTEE BROS,22.708784,75.829703,,"HPCL PETROL PUMP 204,DHAR ROAD LABRIYA BHERU 452001",0101000020E610000028999CDA19F5524096ED43DE72B53640
SHAKTI FUEL STATION,22.689586,75.887937,,"22A,23B, VIJAY UDYOG NAGAR SCHEME NO. 94 H, RING ROAD, INDORE 452001",0101000020E610000022FAB5F5D3F852408AC745B588B03640
MADHUR FUEL STATION,22.681783,75.861201,,"HPCL PETROL PUMP NEAR RAJIV GANDHI CIRCLE RING ROAD, INDORE 452001",0101000020E61000001492CCEA1DF7524001F8A75489AE3640
MAA PARVATI FUEL POINT,22.768392,75.913368,,"VILLAGE : PIPLIYAKUMAR NEAR BHAWAN PROMINENT SCHOOL NIPANIA ROAD, INDORE 452010",0101000020E6100000A14D0E9F74FA52400E828E56B5C43640
YATHARTH FILLING STATION,23.034507,75.828354,,HPC DEALER VILLAGE : PANTHPIPLAI INDORE UJJAIN ROAD (SH 27) 456006,0101000020E6100000B1E07EC003F55240AB7B6473D5083740
UTTAM PETRO POINT,22.55494,75.785792,,"HPC DEALER VILLAGE : SUTARKHEDI , MHOW SIMROL ROAD TEHSIL MHOW 453441",0101000020E6100000575D876A4AF25240033E3F8C108E3640
HARDIK PETRO POINT,23.012363,75.242878,,HP PETROL PUMP BADNAWAR PETLAWAD ROAD SH - 18 BADNAWAR 454660,0101000020E6100000BFBA2A508BCF524032AEB8382A033740
PATIDAR FUEL STATION,22.727171,75.926911,,HPC DEALER KANADIA ROAD NEAR KANADIA ROAD BYPASS JUNCTION 452001,0101000020E61000005FD3838252FB52408099EFE027BA3640
ANYA ENERGIES,22.740899,75.78592,,HPCL PETROL PUMP GANDHINAGAR INDORE DEPALPUR ROAD 453112,0101000020E61000006E5166834CF252409CA38E8EABBD3640
SHRADDHA FILLING STATION,22.676916,75.574141,,HPCL PETROL PUMP GRAM JHALARA (BETMA) INDORE AHMEDABAD ROAD (NH-59) 453001,0101000020E6100000BC92E4B9BEE452409E23F25D4AAD3640
MAA RENUKA FILLING STATION,22.679374,75.969078,,HPC DEALER VILLAGE: MALIKHEDI NEMAVAR ROAD NH-59A 452016,0101000020E61000007A51BB5F05FE5240B1C05774EBAD3640
AASHIRWAD AUTOMOBILES,23.007189,74.589472,,HPCL PETROL PUMP PETLAWAD ROAD THANDLA 457777,0101000020E6100000187AC4E8B9A5524015E46723D7013740
BHANDARI HIGHWAY PETROLEUM,22.793773,74.475073,,NH-59 PITOL  457661,0101000020E61000009B8D9598679E5240A47213B534CB3640
SANWARIYA FILLING CENTER,22.97168796,76.38178741,,HPC DEALER VILLAGE KARADIYA GADA SONKUTCH 455118,0101000020E61000005FFE75346F185340F11DCA8AC0F83640
SAACHI HP,26.869262,76.193517,,"HPC PETROL PUMP AGRA ROAD, NH 11 VILLAGE GOTHDA 302015",0101000020E6100000158E2095620C5340D2A755F487DE3A40
SARITA FILLING STATION,27.707584,76.736545,,VILLAGE KITHOOR ALWAR BHIWADI ROAD  301028,0101000020E610000012C2A38D232F5340412C9B3924B53B40
TIRUPATI FUEL CENTRE,27.5719633,76.0739579,,"HP PETROL PUMP KHASRA NO 991/3, VILLAGE HEER KI BAVADI PAOTA, TEHSIL KOTPUTLI 303106",0101000020E6100000F971EAB9BB0453402203D42F6C923B40
RAJAWAT FARMS HP CENTRE,26.8357116,75.7688646,,RAJAWAT FARMS NEW SANGANER ROAD MANSAROVAR 302020,0101000020E61000005603DE1335F1524049E30632F1D53A40
NAVAN FILLING STATION,26.708874,75.271093,,"HP PETROL PUMP NH 48, AJMER ROAD VILLAGE GIDHANI 303008",0101000020E61000002B4B749659D1524016FC36C478B53A40
MASTER SERVICE STATION,24.670613,76.835478,,"HP Petrol Pump, Kh no. 200/1 Chhabra Baran Road Chhabra Town 325220",0101000020E6100000C2A1B77878355340BF45274BADAB3840
SAINIK SERVICE STATION KOTA,25.18306,75.90337,,"HP PETROL PUMP,Khasra No. 27 BORKHEDA ROAD NAYA NOHRA 324002",0101000020E6100000008C67D0D0F95240AD342905DD2E3940
SAI KRIPA HIGHWAY SERVICES,26.253707,74.487864,,HP PETROL PUMP JAIPUR-JODHPUR NATIONAL HIGHWAY NH-8 MANGLIYAWASH 305203,0101000020E61000005439ED29399F52402AC423F1F2403A40
SHAHEED MOHAN KATHAT F STATION,26.081676,74.333909,,"HP PETROL PUMP, PLOT NO. 1117/1 NH8(JAIPUR TO UDAIPUR ROAD) TEHSIL BEAWAR 305901",0101000020E6100000C4B5DAC35E9552403CDEE4B7E8143A40
BALLAJI FILLING STATION,25.156501,77.026771,,"HP Petrol Pump, Khasra no. 275 NH-27, Kota Shivpuri Road Village Samraniya 325217",0101000020E6100000CC5EB69DB641534092CA147310283940
BOHRA FUEL STN SAYAPURA,26.858197,77.923994,,"HP Petrol Pump, Plot No. 552 NH3 VILL: SAYAPURA 328001",0101000020E6100000D0ECBAB7227B53407B8670CCB2DB3A40
THINK Gas CNG Online Station,25.2821999,77.5757185,,"Kulwara, Madi Kheda",0101000020E6100000F04C6892D8645340396FAD403E483940
SHRI PARSHWANATH FILLING STATION,26.73538,77.900508,,"HP PETROL PUMP, Plot No. 377/2 NH3 OPP. SADAR POLICE STATION, DARIYAPUR 328001",0101000020E610000054724EECA1795340EA211ADD41BC3A40
PRAGATI HP CENTRE,27.206275,77.495399,,"HP Petrol Pump, PlotNo.YOJNASWARNJAYANTI AGRA ROAD NEAR KALI KI BAGICHI 321001",0101000020E610000027DE019EB45F53407FFB3A70CE343B40
RAJ FILLING STATION,24.636942,75.933847,,"HP PETROL PUMP,Khasra No. 3159 HIGHWAY SH9B Kherabad 326022",0101000020E6100000EF1D3526C4FB5240E77283A10EA33840
SH.BALAJI FILLING STATION,25.120205,76.510862,,"HP Petrol Pump, Khasra no. 2345/116 Baran Mangrol Road Baran City 325205",0101000020E61000003AB187F6B1205340D0D03FC1C51E3940
HONEY FILLING STATION,24.926103,76.42446,,"HP PETROL PUMP, Khasra No 597 HIGHWAY SH51 Bapawar 325207",0101000020E6100000739D465A2A1B53403DBA111615ED3840
ARUN FILLING STATION,25.314975,76.515538,,HPC PETROL PUMP NEAR POWER HOUSE MANGROL 325215,0101000020E610000019761893FE205340BF0E9C33A2503940
R.D. FUEL STATION,25.154172,76.276423,,"HP Petrol Pump, Kh no. 317, 1252/317 NH-27, Kota Shivpuri Road Village Anta 325202",0101000020E61000002E3718EAB01153407BF5F1D077273940
HP CENTRE COCO MALHA,27.19053,77.473414,,VILLAGE MALAH NEAR VILLAGE RAMPURA DIST-BHARATPUR 321001,0101000020E6100000FDDD3B6A4C5E534029E8F692C6303B40
SHREE VINAYAK PETROLEUM,26.14317643,74.69719253,,"HP PETROL PUMP,PLOT NO.2123,2124 NH79(AJMER TO BHILWARA) TEHSIL NASIRABAD 305621",0101000020E610000064D76ACD9EAC52407568E435A7243A40
HP FUELS,28.204108,76.67135,,"HP Petrol Pump, NEAR BUS STAND RAMESWARAM 623526",0101000020E6100000DB8AFD65F72A53401BDA006C40343C40
MANGALORE SERVICE STATION,12.922716,74.858548,,HPC DEALER KAVOOR BAJPE ROAD KAVOOR 575001,0101000020E6100000F5824F73F2B65240EBFD463B6ED82940
SRI BALAJI FUEL STATION,13.06979,74.797042,,HPC DEALER KARNAD - NH 17 KARNAD 574154,0101000020E610000076E272BC02B35240F92CCF83BB232A40
RAI SERVICE STATION,12.976735,74.803868,,HPC DEALER HOSABETU NH 17 575019,0101000020E61000004293C49272B3524095B7239C16F42940
A.D. ADAJANIA & CO,18.961055,72.820096,,HP PETROL PUMP 25 RAJARAMMOHAN ROY ROAD MUMBAI 400004,0101000020E610000026E5EE737C34524044A852B307F63240
AUTOMOBILE CENTRE,19.085958,72.838294,,OPP KHIRA NAGAR S V ROAD SANTA- CRUZ MUMBAI 400054,0101000020E6100000B79BE09BA63552405FD4EE5701163340
"AUTOMOBILE RESORT,DEONAR",19.045645,72.91636,,"HP PETROL PUMP, NEAR TELECOM FACTORY SION-TROMBAY ROAD, DEONAR 400074",0101000020E610000034D769A4A53A5240D6390664AF0B3340
BRIGHT AUTOMOBILES,19.096086,72.883919,,H P C DEALERS SAFED POOL  MOHILI ANDHERI -KURLA ROAD  MUMBAI 400072,0101000020E61000000954FF20923852407C9A931799183340
CAR CARE CENTRE-GOREGAON,19.159728,72.857078,,WESTERN EXPRESS HIGHWAY AAREY FLYOVER PAHADI 400063,0101000020E6100000C007AF5DDA365240684128EFE3283340
"CITY SERVICE,PRABHADEVI",19.017825,72.830889,,"HP PETROL PUMP CADELL ROAD, PRABHADEVI MUMBAI 28 400028",0101000020E6100000CB660E492D3552401B0DE02D90043340
COTTON GREEN SERVICE STATION,18.98596,72.842566,,"HP PETROL PUMP 2,JACKERIA BUNDER RD, COTTON GREEN  400033",0101000020E61000002EAEF199EC355240062AE3DF67FC3240
DIAMOND AUTO SERVICE,19.053783,72.892524,,"HP PETROL PUMP, NEAR AKBARALLY'S CHEMBUR 400071",0101000020E610000049B9FB1C1F395240AD1402B9C40D3340
DINESH AUTO SERVICE,19.093922,72.913338,,"HP PETROL PUMP, B/6, LBS MARG, GHATKOPAR WEST 400086",0101000020E61000006B0C3A21743A5240FA5FAE450B183340
"H.IRANI & CO,LALBAUG",18.989531,72.835463,,"HP PETROL PUMP, DR AMBEDKAR ROAD LALBAUG 400012",0101000020E61000002881CD3978355240D06053E751FD3240
JANASEVA PETROL S/STN.KURLA,19.084787,72.885138,,"HP PETROL PUMP, AGRA ROAD KURLA 400070",0101000020E6100000999CDA19A63852403E20D099B4153340
"KAPADIA BROS, MALAD",19.195594,72.846996,,GORASWADI ROAD NO.2 S V ROAD MALAD(W) 400064,0101000020E6100000F1F5B52E35365240384BC97212323340
MAHAVIR AUTO SERVICE,19.06529,72.874814,,"HP PETROL PUMP, AGRA ROAD KURLA 400070",0101000020E61000004F05DCF3FC3752407FC16ED8B6103340
OSHIWARA S/STN,19.148639,72.843299,,OSHIWARA BRIDGE S V ROAD JOGESHVARI (WEST) 400102,0101000020E6100000F86F5E9CF8355240FFE89B340D263340
PARKAR BROS.,19.146067,72.830013,,A-36 MALWANI LINK RD LOKHANDWALA AREA ANDHERI WEST 400053,0101000020E61000004F90D8EE1E3552405B069CA564253340
PATIL SERVICE STN.,19.117476,72.844366,,OPP BANK OF INDIA S V ROAD ANDHERI WEST 400058,0101000020E6100000ADF6B0170A3652409D103AE8121E3340
SUBURBAN SERVICE STATION,19.057835,72.836902,,261 S VIVEKNAND RD BANDRA (W)  400050,0101000020E61000003FFD67CD8F3552406D904946CE0E3340
ZOJWALLA PETROLEUM,19.183491,72.948674,,"HP PETROL PUMP, LBS MARG, NEAR R-MALL MULUND 400080",0101000020E610000031242713B73C52403F1C2444F92E3340
TARDEO SERVICE STATION,18.973991,72.81401,,HP PETROL PUMP OPP AIR COND MARKET 75 TARDEO ROAD 400034,0101000020E61000007C2766BD183452402D99637957F93240
AMERICAN AUTO SUPPLY CO,18.976071,72.836909,,"HP PETROL PUMP, VICTORIA ROAD, OPP RUSTOM BAUG BYCULLA 400027",0101000020E6100000992EC4EA8F355240F392FFC9DFF93240
"STAR SERVICE STATION, GHATKOPAR",19.08609,72.894975,,"HP PETROL PUMP, KERAWALA ESTATE. AGRA RD, GHATKOPAR 400086",0101000020E610000035EF3845473952403C8386FE09163340
BATRA BROTHERS,19.104999,72.88758,,HPC DEALERS SAKI VIHAR ROAD SAKINAKA JUNCTION 400072,0101000020E61000005B25581CCE385240DA1CE736E11A3340
BTA - KURLA,19.076291,72.877415,,"HP PETROL PUMP, NEAR BEST DEPOT KURLA WEST 400070",0101000020E610000045813E9127385240A9FA95CE87133340
BBY TAXI ASSOC-HAINS RD,18.987948,72.823244,,HP PETROL PUMP DR E MOSES ROAD NEAR FAMOUS STUDIO 400011,0101000020E610000035289A07B03452400B26FE28EAFC3240
EXCEL SERVICE STATION,19.103039,72.833469,,JUHU VILE PARLE DEV. SCHEME  JUHU  400056,0101000020E6100000B54E5C8E5735524069368FC3601A3340
GULATI AUTOMOBILES,19.055234,72.837426,,"239, S V ROAD BANDRA  400050",0101000020E61000007CB438639835524094A0BFD0230E3340
HIND AUTOMOBILES PAREL,19.006023,72.840697,,"HP PETROL PUMP, ST XAVIER STREET PAREL TT 400012",0101000020E61000001A36CAFACD35524018062CB98A013340
HIND AUTO-DONGRI,18.958526,72.837701,,HP PETROL PUMP 70 SANDHURST ROAD CHINCH BUNDER NAKA 400009,0101000020E6100000E5B4A7E49C3552409E5DBEF561F53240
"HIND AUTOMOBILE, KING CIRCLE",19.028544,72.858112,,"HP PETROL PUMP, KINGS CIRCLE  400019",0101000020E61000008813984EEB3652403D7FDAA84E073340
"HIND AUTO, MAHIM",19.036818,72.842114,,52 LADY JAMSHEDJI RD MAHIM  400016,0101000020E61000003D601E32E535524075E789E76C093340
CHAMAN AUTOMOBILES,18.968725,72.845434,,HP PETROL PUMP 277 REAY ROAD MUMBAI 10 400010,0101000020E61000004B3B35971B3652404ED1915CFEF73240
JIVAN SERVICENTRE,19.128121,72.832199,,ANDHERI VERSOVA ROAD ANDHERI (W)  400058,0101000020E6100000E43098BF423552404AEEB089CC203340
MAROL AUTO SERVICE,19.108411,72.878065,,HP   DEALERS ANDHERI KURLA  ROAD MAROL NAKA 400059,0101000020E6100000C9B08A3732385240D386C3D2C01B3340
"MANGATRAM AND SONS, BHANDUP",19.139687,72.930846,,"HP PETROL PUMP, LBS MARG, BHANDUP 400078",0101000020E610000032E719FB923B524025ADF886C2233340
MUKAND SUPER SERVICE,19.142723,72.842707,,S.V.ROAD JOGESHWARI (WEST)  400102,0101000020E61000000F4757E9EE3552401363997E89243340
NATIONAL HIGHWAYTRUCKINGCENTRE,19.067742,72.900479,,"HP PETROL PUMP, GHATKOPAR MAHUL ROAD, PLOT NO 76/77 AMAR MAHAL, CHEMBUR 400089",0101000020E610000007EFAB72A1395240CD902A8A57113340
ROYAL AUTO SUPPLY CO,18.960939,72.832219,,"HP PETROL PUMP, SIR IBRAHIM RD BHENDI BAZAR 400003",0101000020E610000007077B134335524071732A1900F63240
SONAL SUPER SERVICE HPC DEALER,18.988562,72.831347,,HP PETROL PUMP SITARAM MILL COMPOUND ND DELISLE ROAD 400011,0101000020E61000002C280CCA343552408011346612FD3240
SACHDEVA AUTOMOBILES,19.178721,72.846158,,"S V ROAD , CHINCHOLI NAKA  , MALAD(W)   400064",0101000020E6100000EC4FE27327365240C11BD2A8C02D3340
INTRACO CNG Refueling,23.3400465,91.2666048,,"87R8+2J9, Chandul",0101000020E6100000393D940D10D15640889E94490D573740
WESTERN PETROLEUM-VIKHROLI,19.110398,72.925631,,"HP PETROL PUMP, MUMBAI AGRA ROAD VIKHROLI 400079",0101000020E61000007B4ACE893D3B5240378B170B431C3340
"CHHAGAN MITHA, LAMINGTON ROAD",18.971976,72.822434,,"HP PETROL PUMP 29 MEGHRAJ SETHI MARG(SOUTER ST) LAMINGTON ROAD, MUMBAI CENTRAL 400008",0101000020E6100000954737C2A2345240357F4C6BD3F83240
AUTO CARE CENTRE BHANDUP WEST,19.156797,72.937805,,"HP PETROL PUMP, LAL BAHADUR SHASTRI MARG OPP SHANGRILA BISCUIT FACTORY, BHANDUP 400078",0101000020E61000009E4143FF043C5240651C23D923283340
SAISH PETROLEUM,18.955924,72.842454,,"HP PETROL PUMP MANSION ROAD,ELPHINSTON ESTATE 31 P D MELLO ROAD 400009",0101000020E61000009A982EC4EA35524025766D6FB7F43240
"HP SERVICE CENTRE,BANDRA",19.053642,72.838087,,267 S V ROAD BANDRA(WEST) 400050,0101000020E6100000FA0CA837A335524029B16B7BBB0D3340
"HP SERVICE CENTER,SION",19.043883,72.864726,,"90/91, SION-TROMBAY ROAD OPP SION BUS DEPOT SION-EAST 400022",0101000020E61000000F80B8AB57375240B2D991EA3B0B3340
HP SERVICE CENTRE VILE PARLE,19.098382,72.83978,,"HPCL RETAIL OUTLET 97, SV ROAD,OPP PAWAN HANS VILE PARLE (WEST) 400056",0101000020E61000006FF59CF4BE355240DC8310902F193340
DESHMANE PETROLEUM,20.151571,73.983003,,"S.NO.449/6, PIMPALGAON (BASWANT), MUMBAI - AGRA ROAD, NH-3, TQ. NIPHAD, 422209",0101000020E6100000AC376A85E97E5240A305685BCD263440
YOSHITA PETROLEUM,20.026644,73.998568,,"GAT NO.6 + 7 VILLAGE CHANDORI, TALUKA NIPHAD, 422303",0101000020E610000042B5C189E87F524077A22424D2063440
AUTO CARE CENTRE OZAR,20.075547,73.909912,,"GAT NO. 23/2/1 MUMBAI AGRA ROAD, NH-3 OZAR, TAL: NIPHAD, NASHIK 422206",0101000020E61000003B8F8AFF3B7A5240984F560C57133440
RAM PRAKASH MULK RAJ,30.576572,76.941231,,"HP PETROL PUMP NH-7,  BARWALA VILL: SULTANPUR, PO: BARWALA 134118",0101000020E6100000CFBEF2203D3C534010CAFB389A933E40
SURINDER NATH SHRAVAN KUMAR,29.9957,77.054702,,"HP PETROL PUMP PEHOWA ROAD, SH6 LADWA 136132",0101000020E6100000A741D13C8043534090A0F831E6FE3D40
DHARAM FILLING STATION,28.975846,77.088963,,"HP PETROL PUMP PANIPAT-DELHI ROAD, NH-44 BAHALGARH 131021",0101000020E610000076E3DD91B1455340B3EE1F0BD1F93C40
SINGLA FILLING STATION,30.712475,76.848324,,CHANDIGARH KALKA RD PANCHKULA HARYANA 134109,0101000020E61000005D1ABFF04A365340B537F8C264B63E40
LACHHMAN DASS FILLING STATION,29.97832278,76.90869343,,"HP PETROL PUMP PEHOWA ROAD, SH6 SIRSAMA 136131",0101000020E61000002AFC7C08283A53402408995C73FA3D40
HP JAIN AUTO,29.192101,76.74969,,"HP PETROL PUMP ROHTAK-PANIPAT ROAD, NH-709 VILLAGE MUNDLANA 131306",0101000020E6100000D908C4EBFA2F53406687F8872D313D40
C M HP CENTRE,30.401496,76.838746,,"HP PETROL PUMP NH 344 VILLAGE PANJOKHRA, AMBALA 134007",0101000020E6100000A7E9B303AE3553408E791D71C8663E40
PREMIUM HP CENTRE,30.267727,76.961071,,"HP PETROL PUMP SAHA SHAHBAD ROAD, NH 444A VILL BIHTA, AMBALA 133101",0101000020E61000009488F02F823D53409641B5C189443E40
BALAJI FILLING STATION,28.723488,77.16506,,"HP PETROL PUMP DELHI AMBALA ROAD, NH44 TEORA 136135",0101000020E61000002D78D157904A5340670C738236B93C40
DHILLON FILLING STATION,30.027531,76.884218,,"HP PETROL PUMP DELHI AMBALA ROAD, NH44 KHANPUR KOLIYAN 136131",0101000020E610000036221807973853404DA088450C073E40
ABHAY HIGHWAYS,30.263796,76.853845,,"HP PETROL PUMP NH 44 VILLAGE MOHRA, TEH AMBALA 133001",0101000020E61000009AB67F65A5365340CCD0782288433E40
BHAGAT FILLING STATION,29.007633,77.034383,,"HP PETROL PUMP SONIPAT-MURTHAL ROAD, SH-20 SONIPAT CITY 131001",0101000020E61000007522C15433425340D05E7D3CF4013D40
GAURAV FILLING STATION,26.21801654,78.14839171,,"HP PETROL PUMP KHARKHAUDA-SONIPAT ROAD, NH-334B VILLAGE KHARKHAUDA 131403",0101000020E6100000A45CF13F7F8953407E4995EECF373A40
YAMUNA FILLING STATION,28.986445,77.181495,,"HP PETROL PUMP BAHALGARH-MERUT ROAD, NH-334B VILLAGE MIRAKPUR 131001",0101000020E6100000CD58349D9D4B53407F4DD6A887FC3C40
FATEH FILLING STATION,30.24164146,77.12065981,,HP PETROL PUMP NH 344 VILLAGE KHAN AHMADPUR 133202,0101000020E61000001079ECE3B8475340C50EF836DC3D3E40
SANGOI SERVICE STATION,18.53058,73.847133,,1160 GANESHKIND ROAD OPP RAHUL PUNE 411005,0101000020E61000003197546D3776524064E94317D4873240
CHAKAN PETROL DEPOT,18.760701,73.85984,,PUNE NASIK ROAD AT POST CHAKAN DIST PUNE 410501,0101000020E6100000BBF2599E07775240D508FD4CBDC23240
SHRI VENKATESH PETROLEUM,18.462954,74.330775,,HPC DEALER NEW GAT NO 61 KHEDGAON TAL DAUND PUNE 412203,0101000020E610000067D5E76A2B955240698D412784763240
KALE SERVICE STATION,19.048156,73.835776,,DEALER GHODEGAON TAL AMBEGAON DIST PUNE 412408,0101000020E610000007B29E5A7D7552402E1B9DF3530C3340
KHED TAL SAHA KV SANGHA LTD,18.844431,73.881496,,GAT NO 81 2 CHANDOLI NH 50 TAL KHED DIST PUNE 410505,0101000020E610000082E3326E6A78524084BA48A12CD83240
AUTO CORNER,18.489043,74.063252,,LONI KARBHOR MUMBAI -PUNE NATIONAL HIGHWAY KUNJERWADI 411005,0101000020E610000006DA1D520C84524075560BEC317D3240
HIGHWAY PETROLEUM CENTRE,18.506866,73.88557,,2 SHOLAPUR ROAD POONA POONA 1 411001,0101000020E61000006614CB2DAD7852404F745DF8C1813240
JANSEVA MANDAL,19.182163,74.095164,,WADGAON ANAND ALEPHATA NH50 PUNE NASIK HIGHWAY 412411,0101000020E61000006BF0BE2A178652408F8AFF3BA22E3340
SHEETAL PETROLEUM,18.4691,73.888626,,"PLOT NO 4,SNO 40/1/5 MITHA NAGAR KONDHWA, PUNE 411048",0101000020E61000000518963FDF785240B98D06F016783240
OMKAR PETROLEUM,23.105409,72.63088,,"H.P. PETROL PUMP GAT NO 944, VILLAGE sANASWADI,tAL:SHIRUR 412208",0101000020E6100000D5EC8156602852403EB48F15FC1A3740
BALWADKAR AUTO SERVICE,18.601221,73.754381,,SY NO 132 NEAR WAKAD POLICE STATION MUMBAI-BANGALORE HIGHWAY VILLAGE-WAKAD 411057,0101000020E610000052EE3EC7477052401DAB949EE9993240
SAMARTH SERVICE STATION,18.59048,73.747271,,Sr. No.29/1+2+3 Plot No 1 HINJEWADI  411057,0101000020E6100000F38FBE49D36F52402CF180B229973240
SAI EXPRESSWAY SERVICE,18.628197,73.742491,,SR NO. 157 HISSA NO 2/1A VILLAGE :TATHAWADE 411033,0101000020E6100000C2A4F8F8846F52400072C284D1A03240
BARAMATI TALUKA K.V.S. LTD,18.184061,74.6109,,"BARAMATI BHIGWAN ROAD BARAMATI MIDC BARAMATI, TAL. BARAMATI 413102",0101000020E6100000174850FC18A752401478279F1E2F3240
SHINDE AUTOMOBILES,18.66819,73.727836,,SNO-37/4B KIWALE TAL-HAVELI MUMBI -PUNE HIGHWAY 412101,0101000020E61000007E3672DD946E5240A583F57F0EAB3240
SHRI VITTHAL PETROLEUM,18.481001,73.954622,,NEW SR NO 177/1/36 VILLAGE FURSUNGI TALUKA HAVELI 412308,0101000020E6100000B282DF86187D5240E257ACE1227B3240
OM PETROLEUM,23.494076,71.787981,,"GAT. NO. 198, HISSA NO. 1 VILLAGE-NAIGAON/KAMSETH MUMBAI-BANAGALORE HIGHWAY 410505",0101000020E6100000A437DC476EF251400EBDC5C37B7E3740
KHANDGE SERVICE STATION,18.724091,73.681733,,TALEGAON DHBHADE TALEGAON TAL-MAVAL 410507,0101000020E6100000A7E67283A16B5240F4531C075EB93240
HARE KRISHNA PETROLEUM,18.739758,73.745325,,"TALEGAON-CHAKN ROAD SH-55 GAT NO. 180/1 (PART), SUDWADI TAL-MAWAL 412109",0101000020E610000009F9A067B36F524051F4C0C760BD3240
JAGTAP PATIL PETROLEUM,18.597105,73.812271,,"SY. NO. 79, APPASHEAB JATAP PATIL COLONY KASARWADI BRIDGE ROAD SUARSHAN NAGAR, PIMPLE GURAV 411027",0101000020E61000004F1F813FFC73524030478FDFDB983240
SHAHID JAYAWANT PATIL PETROLEUM,18.204857,73.9379,,GAT NO 226 AT/PO-KIKWI TAL-BHOR 412206,0101000020E6100000C7BAB88D067C52404F5B238271343240
GANGA PETROLEUM,18.818439,74.36489,,"S NO. 1147, PLOT NO 24,25,26,29,30,31 BAURAO NAGAR, VILLAGE SHIRUR TAL-SHIRUR, PUNE NAGAR ROAD (SH 60) 412210",0101000020E6100000CC28965B5A9752405DC5E23785D13240
RAJGARH PETROLEUM,18.322433,73.857067,,"GAT NO. 145, VILLAGE-SHIVRE TAL-BHOR PUNE BANGALORE ROAD (NH4) 412205",0101000020E6100000C6DE8B2FDA765240B32616F88A523240
SWAMI SAMARTH SERVICE STATION,18.4989934,73.92050079,,"Survey No 107/1, Final Plot No 7 Sub Plot No.S1, Hadapsar Industrial Area TPS-2, Hadapsar 411013",0101000020E6100000803F257CE97A52407BEB0D08BE7F3240
BARAMATI TALUKA SAH DOODH SANGH,18.15543748,74.5642897,,GAT NO 210/1/A/3/1/1 KHANDOBA NAGAR CHOWK MORGAON BARAMATI ROAD 413102,0101000020E61000000FBE8B521DA45240332C2DC0CA273240
ANAND PETROLEUM,18.934636,73.933838,,"GAT. NO. 572/573 AT POST-PETH, TAL-AMBEGAON NH-50 PUNE-NASIK HIGHWAY, 410512",0101000020E6100000C5707500C47B52400DAA0D4E44EF3240
NRUSINHA PETROLEUM,18.62453786,73.75821679,,"SURVEY NO 9/1 , RAVET - DANGE CHOWK RAVET - DANGE CHOWK BRT ROAD, NEAR BALAJI LAW COLLEGE,PO. TATHAWADE 411033",0101000020E61000000015B79F8670524057D093B6E19F3240
MAGAR FUEL STATION,18.48819508,73.93230484,,"Sr. No. 309, Towards Handewadi Mohammadwadi Railway Crossing Hadapsar 411028",0101000020E6100000F66CEBE1AA7B524009AB4E5AFA7C3240
DEOKAR PETROLEUM,18.48789199,74.08223103,,GAT NO 744A PUNE SHOLAPUR ROAD SORTAPWADI 412110,0101000020E61000004024F04543855240C6074D7DE67C3240
SONAJ PETROLEUM,18.296847,74.752724,,"PUNE SOLAPUR ROAD NH-9 BHIGWAN, TAL. INDAPUR 413130",0101000020E610000084BA48A12CB052406CEA3C2AFE4B3240
PRITHVIRAJ PETROLEUM,18.158962,73.844606,,"Gut No 291, Bholawade Tal Bhor 412206",0101000020E6100000580053060E765240874ECFBBB1283240
MS/HSD SHREE AMBIKA PETROLEUM,22.249764,70.683494,,HP PETROL PUMP RAJKOT-JAMNAGAR HIGHWAY SH-23 VAJDI 360005,0101000020E6100000C8409E5DBEAB5140D8B79388F03F3640
MARUTI PETROLEUM,22.672283,72.861717,,HP PETROL PUMP RAJKOT-PORBANDAR HIGHWAY NH-27 SHAPAR 360002,0101000020E6100000105A0F5F2637524022A81ABD1AAC3640
RADHE PETROLEUM,21.754124,71.001737,,HP PETROL PUMP JETPUR-VASAVAD ROAD DERDI 365601,0101000020E61000005D8C81751CC05140F3203D450EC13540
YOGI PETROLEUM,23.196656,72.630118,,"HP PETROL PUMP SURVEY NO. 4/ P-1/P-1 SH-26, JUNAGADH BILKHA ROAD KHADIA 362263",0101000020E6100000BDA772DA53285240EB8F300C58323740
MS/HSD OM PETROLEUM,22.310458,70.767494,,"HP PETROL PUMP 150 FEET RING ROAD , NEAR RAMAPIR CHOCK RAJKOT 360005",0101000020E61000001478279F1EB1514015C8EC2C7A4F3640
SUDARSHAN PETROLEUM & COMPANY,22.898137,69.440285,,"HP PETROL PUMP NH 8 A EXTN. SUR. 231 PAIKI, VILL. TALWANA, TAL MANDVI 370460",0101000020E6100000D7FA22A12D5C5140DA53724EECE53640
PARISHRAM PETROLEUM,23.003075,71.175422,,"HP PETROL PUMP, SURVEY NO. 1785 VIRAMGAM - MALIYA STATE HIGHWAY HALVAD, TALUKA HALVAD 363330",0101000020E6100000EE3F321D3ACB5140696FF085C9003740
RAJ AUTOMOBILES,22.289448,70.8019,,HP PETROL PUMP CANAL ROAD RAJKOT 360002,0101000020E610000065AA605452B3514082E49D43194A3640
"P H WADIA AND SONS, JETPUR",21.754399,70.617761,,"HP PETROL PUMP OLD NH 8B ROAD,NEAR ST BUS STAND JETPUR 360370",0101000020E6100000A2EF6E6589A751409622F94A20C13540
SHRINATHJI PETROLEUM,22.051375,71.21909,,HP PETROL PUMP JASDAN-VINCHIYA ROAD SH-1 JASDAN 360050,0101000020E61000005C38109205CE5140FED478E9260D3640
SHREE JALARAM WOOD& PETRO. PRODUCTS,23.230761,69.6404,,"HP PETROL PUMP , PLOT NO .- 870 BHUJ MIRZAPUR ROAD SH 42 MIRZAPUR 370001",0101000020E6100000F0164850FC68514038312427133B3740
KOTESHWAR AUTO CENTRE,22.277069,70.839239,,"HP PETROL PUMP OPPOSITE OCTROI NAKA, AJI DAM AJI 360003",0101000020E6100000C7A17E17B6B5514045BC75FEED463640
SIDDHIVINAYAK PETROLEUM,22.885751,70.837451,,"HP PETROL PUMP, SURVEY NO. 61/P, NH 27, VILLAGE NAVA SADULKA OPPOSITE LAKSHAMI NAGAR, TALUKA MORBI 363642",0101000020E6100000294014CC98B551403866D993C0E23640
"HP AUTO CARE CENTRE, RMC-2",22.277191,70.777758,,"HP PETROL PUMP FINAL PLOT NO :4,150 FEET RING ROAD RAJKOT 360005",0101000020E6100000F48C7DC9C6B15140DBBE47FDF5463640
SHREEJI PETROLEUM,21.82999,71.015039,,HP PETROL PUMP GONDAL-VASAVAD HIGHWAY SH-31 VASAVAD 364490,0101000020E6100000884A2366F6C05140CD0182397AD43540
SANTRAM PETROLEUM,21.960792,70.768761,,"HP PETROL PUMP,PLOT NO. 1 & 12 GUNDALA ROAD GONDAL 360311",0101000020E61000002D5C566133B151402942EA76F6F53540
SAHARA FILLING STATION,21.954442,70.808183,,"HP PETROL PUMP,PLOT NO. 1&2 MOVIYA ROAD GONDAL 360311",0101000020E6100000B98B3045B9B35140C8ED974F56F43540
SILVER PETROLEUM,22.728898,70.787725,,"HP PETROL PUMP, SURVEY NO. 326 STATEHIGHWAY NO 24, RAJKOT MORBI HIGHWAY VILL. LAJJAI, TAL. MORBI 363650",0101000020E6100000764F1E166AB25140AC1E300F99BA3640
MAVDI FUELS,22.246467,70.772439,,"HP PETROL PUMP,FINAL PLOT NO. 52 MAVDI -PAL ROAD MAVDI 360004",0101000020E6100000EBC9FCA36FB15140118B1876183F3640
JAY SHREENATHJI PETROLEUM,21.81799507,70.74634942,,HP PETROL PUMP GOMTA-DERDI HIGHWAY SH-31 LILAKHA 360311,0101000020E610000078925B30C4AF514071F0F91F68D13540
PREM PETROLEUM,22.34442868,70.78958092,,HP PETROL PUMP 150 FEET RING ROAD RONKI 360006,0101000020E6100000853C697E88B251408A675C7A2C583640
JAI BABARI PETROLEUM,21.87124597,70.70829554,,HP PETROL PUMP RAJKOT-PORBANDAR HIGHWAY NH-27 GOMTA 360320,0101000020E6100000F80CD1B654AD5140FBEBD3F909DF3540
NILKANTH PETROLEUM,21.053517,73.271486,,"HP PETROL PUMP RSA NO. 272, KHATA NO. 221, VILLAGE MOTAVADALA 361162",0101000020E610000099D4D00660515240B0C7444AB30D3540
"HP AUTO CARE CENTRE, RMC-6",22.31642294,70.82670005,,"HP PETROL PUMP, FINAL PLOT NO:94 T P SCHEME :12,NEAR GREEN LAND CHOKADI RAJKOT 360005",0101000020E6100000809653A7E8B451401101031801513640
HP AUTO CENTRE RMC 4,22.3010561,70.76154713,,"HP PETROL PUMP,T P SCHEME NO. 4, FINAL PLOT :654,RAIYA SHOPPING CENTRE,RAIYA RD RAJKOT 360007",0101000020E61000009C6D2C30BDB05140E5C23703124D3640
SAHAJ PETROLEUM,22.37326796,70.79972324,,HP PETROL PUMP RAJKOT-MORBI HIGHWAY SH-24 GAURIDAD 360006,0101000020E6100000AD6962AA2EB351403AD8307D8E5F3640
JAYNATH TRADERS,22.287837,70.826066,,HP PETROL PUMP BHAVNAGAR ROAD RAJKOT 360003,0101000020E61000009A95ED43DEB45140299485AFAF493640
JANATA SERVICE STATION,17.334509,78.442213,,"HP PETROL PUMP, H NO8-13-96, SY NO.49/A Opp National Police Academy, HASANNAGAR DIST RANGAREDDY 500264",0101000020E61000006D37C1374D9C5340B937BF61A2553140
MS/HSD HABEEB SERVICE STATION,17.378015,78.420522,,"HP PETROL PUMP, DO. NO.9-1-45/3 LANGER HOUSE HYDERABAD 500008",0101000020E6100000E84F1BD5E99A5340BF654E97C5603140
SAINATH FILLING STATION,17.466302,78.505163,,"HP PETROL PUMP, SURVEY NO. 54/1 SECUNDERABAD THIRUMALGIRI ROAD TRIMULGHERRY, SECUNDERABAD 500015",0101000020E61000008D09319754A05340340F60915F773140
K V S SERVICE STATION,17.473578,78.473796,,"HP PETROL PUMP, SURVEY NO. GLR 516 (PT) BOWENPALLY KOMPALLY ROAD BOWENPALLY, SECUNDERABAD CANT 500011",0101000020E6100000703E75AC529E5340E71A66683C793140
SAI NIKHIL SERVICE STATION,17.349147,78.513355,,"HP PETROL PUMP, H NO. 9-6-1, S NO. 1-7 CHAMPAPET, KANCHANBHAG HYDERABAD 500060",0101000020E61000003D0FEECEDAA053401B7FA2B261593140
HYTECH FUEL STATION,17.359026,78.442747,,"HP Petrol Pump, SY. No.19-5-482/A/7&8 NANDIMUSALAIGUDA 19-5-482/A/9/10/2 500264",0101000020E6100000BC5983F7559C5340E869C020E95B3140
BHARGAVI FILLING STATION,17.486932,78.599969,,"HP PETROL PUMP, SURVEY NO. 358(P) NAGARAM VILLAGE, RAMPALLY X ROADS KEESARA MANDAL 500083",0101000020E6100000496760E465A6534039605793A77C3140
YOGITHA FLG STN BACHUPALLY,17.539026,78.359261,,"HP PETROL PUMP, SURVEY NO. 500(P) GANDIMAISAMMA BACHUPALLY ROAD BACHUPALLY VILLAGE, QUTHBULLAPUR MANDAL 500072",0101000020E61000009C6ED921FE96534096B1A19BFD893140
SHAMSHABAD AIRPORT FILLING STATION,17.249387,78.474035,,"HP PETROL PUMP, DO. NO. 9-4-112 KANCHAIMARAT, SIRSAILAM HIGHWAY 500031",0101000020E6100000338AE596569E53402C0C91D3D73F3140
CHAKRA FILLING STATION-NAMPALLY,17.388724,78.474313,,"HP PETROL PUMP, SY NO. 5-8-699/8 NAMPALLY HYDERABAD 500001",0101000020E610000054C4E9245B9E5340992B836A83633140
RAYYAN FUELS,17.344311,78.493879,,"HP PETROL PUMP, H NO 18-8-244/C/23/1 MOINBAGH, EDIBAZAR HYDERABAD 502220",0101000020E6100000994BAAB69B9F53402FA704C424583140
TOTABAI SOHANLAL SERVICE STATION,17.339136,78.317952,,"HP PETROL PUMP,SY NO : 51(P) & 56(P) HIMAYATHNAGAR VILLAGE MOINABAD MANDAL 500075",0101000020E6100000A96C58535994534071E5EC9DD1563140
GAJANAN AGENCIES,18.126351,76.761559,,"HP PETROL PUMP, SUR NO. 27/A LATUR NILANGA ROAD, SH 165 VILLAGE/TOWN-NILANGA, TALUKA-NILANGA, DI 413521",0101000020E61000005EBEF561BD30534020D1048A58203240
MOHISIN & COMPANY,25.166158,75.851725,,"HP PETROL PUMP, Plot No. 3 JHALAWAR ROAD AERODRAM 324002",0101000020E6100000E10B93A982F6524001F8A754892A3940
UMAMAHESH AUTO SERVICE CENTRE,18.35959,77.130453,,"HP PETROL PUMP, SURVEY  NO. 108 UDGIR BIDAR ROAD, SH 217 VILLAGE-NIDEBAN, TALUKA-UDGIR, DIST-LATU 413517",0101000020E6100000912A8A5759485340F9F719170E5C3240
"JAYASH PETROLEUM, TULJAPUR",17.993868,76.083309,,"HP PETROL PUMP, SURVEY NO.207/4 TULJAPUR - NALDURG RD. SH-153 TALUKA TULJAPUR 413601",0101000020E6100000999D45EF540553407A8A1C226EFE3140
"ABHINAV PETROLEUM, DHANGARWADI",17.80214729,76.19787373,,"HP PETROL PUMP, GUT NO. 91/2/4, VILLAGE DHANGARWADI, TAL. TULJAPUR SOLAPUR HYDRABAD ROAD (NH 65) 413603",0101000020E61000009AC593F6A90C53400220598659CD3140
MANTRI PETROLEUM,18.41647672,76.5926739,,"HP PETROL PUMP, GUT NO. 5 & 4(P) RING ROAD VILLAGE/TOWN-MAHARANA PRATAP NAGAR, LATU 413512",0101000020E6100000566C825EEE25534002F2E3379E6A3240
SONA PETROLEUM,25.29888151,74.63513777,,HP PETROL PUMP CHITTOR ROAD BHILWARA 311001,0101000020E6100000AEA6E318A6A8524040D4A67F834C3940
MANISH HP STATION,23.93679853,73.57106283,,"HP PETROL PUMP NH-8,UDAIPUR AHMEDABAD ROAD VILL- BHUWALI 314011",0101000020E6100000EBB31C4B8C645240774A4907D2EF3740
SUDARSHAN PETROLEUM CENTRE,16.649288,74.274141,,"HP PETROL PUMP,GAT NO- 217 PUNE BANGLORE ROAD,NH48 VILLAGE/TOWN-GOKULSHIRGAON,TALUKA-KARVEE 416234",0101000020E6100000895FB1868B9152406CAF05BD37A63040
SAMARTH TRADERS,17.214263,73.546225,,"HP PETROL PUMP,PLOT NO- 832 GOA-MUMBAI HIGHWAY,NH66 VILLAGE/TOWN-DHAMANI,TALUKA-SANGAMESHWAR 415611",0101000020E61000007DD0B359F56252402BBEA1F0D9363140
SHRI DATTAPRASAD S STATION,15.629301,73.825708,,"HP PETROL PUMP,CHALTA NO-20 & 20A OF PT GOA-MUMBAI HIGHWAY,NH66 VILLAGE/TOWN- COLVALE,TALUKA-BARDEZ 403513",0101000020E6100000EB025E66D874524021AE9CBD33422F40
DEEPRAJ PETROLEUM,16.8005,74.148936,,"HP PETROL PUMP, GAT NO- 64 KOLHAPUR RATNAGIRI ROAD,NH166 VILLAGE/TOWN-DANEWADI,TALUKA-PANHALA 416205",0101000020E61000009D4CDC2A88895240B0726891EDCC3040
MANGAVE AUTOMOBILES,16.781569,74.558447,,"HP PETROL PUMP,GAT NO- 147/1-A KOLHAPUR SANGLI ROAD,NH166 VILLAGE/TOWN-KONDIGRE,TALUKA-SHIROL 416101",0101000020E610000028637C98BDA352404391EEE714C83040
PRATIBHA AUTOMOBILES,16.374343,73.788982,,"HP PETROL PUMP,SURVEY NO- 337 A/5B DEVGAD-NIPANI RD,SH181 VILLAGE/TOWN-PHONDA GHAT,TALUKA-KANKAVAL 416601",0101000020E61000007EC85BAE7E7252408D7C5EF1D45F3040
KAVLEKARS FUEL STATION,15.377176,73.906784,,"HP PETROL PUMP, ""SUNDOEM"",SURVEY NO-64/3 AIRPORT ROAD,NH566, VILLAGE/TOWN-SANCOALE,TALUKA-MORMUGAO 403726",0101000020E61000004F22C2BF087A524015AC71361DC12E40
DEOKAR AUTOMOBILES,16.682442,74.214415,,"HP PETROL PUMP, A WARD , R S NO- 722/4 KOLHAPUR RADHANAGARI ROAD,SH121 VILLAGE/TOWN-KOLHAPUR,TALUKA-KARVEER 416002",0101000020E61000006631B1F9B88D5240B66AD784B4AE3040
DEVGIRI AUTOLINES,16.813267,74.29774,,"HP PETROL PUMP,SURVEY NO- 250 TOAP VADGAON ROAD,SH151 VILLAGE/TOWN-KASABA VADGAON,TALUKA-HATHK 416112",0101000020E610000082AD122C0E93524081EA1F4432D03040
KRUPA FUEL CENTER,15.871089,73.646223,,"HP PETROL PUMP,SURVEY NO- 168,BHATWADI VENGURLA-SAWANTWADI RD,SH180 VILLAGE/TOWN-VENGURLA ,TALUKA-VENGURLA 416516",0101000020E610000013BBB6B75B69524089CF9D60FFBD2F40
NOBLE AUTO,17.980546,73.255791,,"HP PETROL PUMP,SURVEY NO- 38, HISSA NO- MANDANGAD-BANKOT ROAD,SH102 VILLAGE/TOWN-MANDANGAD,TALUKA-MANDANGAD 415203",0101000020E61000001DE736E15E5052403F390A1005FB3140
GAIKWAD PETROLINKS,16.82525,74.286793,,"HP PETROL PUMP,GAT NO- 355, (PART) 130 PUNE BANGLORE ROAD,NH48 VILLAGE/TOWN-PETH VADGAON,TALUKA-HATHKAN 416112",0101000020E610000031EE06D15A9252402506819543D33040
DISHA PETROLINKS,16.744562,74.32339077,,"HP PETROL PUMP, GAT NO 1086(K), VILLAGE - HERLE, SH-3, TALUKA - HATKANANGALE 416005",0101000020E61000009C3E336FB294524027D87F9D9BBE3040
SAHIL - SHANTI PETROLEUM,17.033751,73.415072,,"HP PETROL PUMP,SURVEY NO- 5/6 & 7 GOA-MUMBAI HIGHWAY,NH66 VILLAGE/TOWN-TARVEWADI,TALUKA-RATNAGIRI 415619",0101000020E61000000F5F268A905A52401135D1E7A3083140
ZARAP PETROLEUM,15.937446,73.751375,,"HP PETROL PUMP,GAT NO- 57, 959, HISSA NO GOA-MUMBAI HIGHWAY,NH66 VILLAGE/TOWN-ZARAP,TALUKA-KUDAL 416520",0101000020E61000000C022B871670524033880FECF8DF2F40
SANSHORA AUTOMOBILES,17.614614,73.479532,,"HP PETROL PUMP,SURVEY NO- 98, HISSA NO- 1 A + 9A,GOA-MUMBAI HIGHWAY,NH66 VILLAGE/TOWN-LOTE ,TALUKA-KHED 415722",0101000020E6100000AC58FCA6B05E5240EBA9D557579D3140
HP HIGHWAY SERVICES,16.816372,74.285118,,"HP PETROL PUMP,GAT NO- 299 PUNE BANGLORE ROAD,NH48 VILLAGE/TOWN-VADGAON,TALUKA-HATHKANANGAL 416112",0101000020E61000000F60915F3F925240C05E61C1FDD03040
SHRI MARLESHWAR PETROLEUM,17.06872,73.614815,,"HP PETROL PUMP,GAT NO- 76 A, 1/G DEVRUKH-SAKARPA RD, VILLAGE/TOWN-DEVRUKH,TALUKA-SANGAMESHWAR 415804",0101000020E6100000C685032159675240C49448A297113140
R K PETROLEUM,22.646926,72.207155,,"HP PETROL PUMP, SURVEY NO. 292/2/3 SONARPADA, KALYAN MURBAD ROAD NH-222 VILLAGE - MURBAD TAL - MURBAD 421401",0101000020E6100000FC8C0B07420D52409EEE3CF19CA53640
KRISHNA PETROLEUM,22.37951,73.19154,,"HP PETROL PUMP, S NO 220 MUMBAI NASIK HIGHWAY, NH3 KHATIWALI 421601",0101000020E61000000EF8FC30424C524045813E9127613640
JYOTI FILLING STATION,23.37507684,76.22171026,,HPC RO OPERATOR VILLAGE NAINAWAD TEHSIL TARANA 456770,0101000020E6100000CFF83A80300E53407A49290905603740
ARBUDA PETROLEUM,23.402818,72.649378,,"HP PETROL PUMP, SURVEY NO. 1732/1 & 2 SH71, MANSA-GANDHINAGAR HIGHWAY SIDE OF PANJARA POLE, POST/TALUKA MANSA 382845",0101000020E61000007B2FBE688F295240793D98141F673740
CBW ENTERPRISES,13.0918933,77.63596559,,"HP Petrol Pump THANISANDRA MAIN ROAD THIRUMENAHALLI VILLAGE, YELAHANKA 560077",0101000020E61000009B9B04A9B36853406B717CA30C2F2A40
BYRAVESHWARA SERVICE STATION,12.990701,77.468934,,"HP Petrol Pump,SY.NO.40/2 MAGADI MAIN ROAD KACHOHALLI VILLAGE 560091",0101000020E6100000E17EC003035E53409F3A56293DFB2940
SHAKTI PETROLEUM,21.14216153,72.8816887,,"HPCL PETROL PUMP, SURVEY NO.183 DINDOLI SACHIN ROAD DINDOLI, TALUKA CHORYASI, SURAT 394210",0101000020E61000002DF070966D3852406D19B2B264243540
"FILLING STATION, GWALIOR",26.262492,78.217383,,"HP PETROL PUMP KH NO. 81/1 MIN & 82, PH NO 94/53, MAHARAJPURA, OPP. D D NAGAR 474003",0101000020E610000035ED629AE98D53402E76FBAC32433A40
HSD KHANPUR FARM FUEL CENTRE,23.011607,88.048602,,HP Petrol Pump POKHANPUR PO KHANPUR 712308,0101000020E61000004B21904B1C035640996725ADF8023740
RAJ AND COMPANY,25.199653,75.83968,,"HP PETROL PUMP, Khasra No. 268 & 269 BUNDI ROAD Kunhadi 324002",0101000020E6100000BDC62E51BDF552405D8C81751C333940
MADUMOOLE PETROLEUMS,12.80014437,74.96701581,,MUDIPU INFOSYS NEAR INFOSYS BUNTWAL TALUK 574153,0101000020E61000008FAA4796E3BD52400175DA85AC992940
HAWWA PETROLEUM,12.83645,74.97421266,,"HPCL DEALERS SY NO:179/6A, BOLIYAR PANCHAYAT MANGALORE TALUK 574153",0101000020E610000026830E8059BE5240787AA52C43AC2940
KONAJEKAR FUELS,12.92628124,74.84117634,,KULUR KAVOOR ROAD POST PANJIMUGERU MANGALORE 575013,0101000020E6100000049E49D5D5B552408B65E18841DA2940
S K Petroleum,12.95787437,75.19858664,,HPC DEALERS ARTHILA (NH234) MALADY VILLAGE 574224,0101000020E61000003E0EBDA4B5CC524039A769826EEA2940
BATRA OIL COMPANY,28.854638,77.124552,,"HP PETROL PUMP PANIPAT-DELHI ROAD, NH-44 GANNAUR 131301",0101000020E6100000B0A9F3A8F84753403AEB538EC9DA3C40
SHRI GURUKRUPA PETROLEUM,17.65528789,75.93059668,,"HP PETROL PUMP, GAT NO. 23/1(P), VILLAGE MAJREWADI, OLD KUMBHARI ROAD, MIDC ROAD, TALUKA NORTH SOLAPUR 413006",0101000020E61000006F9760E58EFB5240CD0379F2C0A73140
GAUTAM FILLING STATION,30.26226153,76.71339594,,HP PETROL PUMP NH 152 (AMBALA-HISSAR ROAD) VILLAGE SAKHRAON 134003,0101000020E61000008CD97147A82D53405359569223433E40
LONDHE & COMPANY,16.212373,74.35214,,"HP PETROL PUMP,SURVEY NO- 27, HISSA NO- GADHINGLUJ NESARI ROAD,SH189 VILLAGE/TOWN-GADHINGLAJ,TALUKA-GADHINGLU 416502",0101000020E610000043E7357689965240AC8DB1135E363040
KVM KAMATH,13.594191,74.695687,,HPC DEALER KOTESHWAR COONDAPUR 576222,0101000020E61000002750C42286AC5240B32781CD39302B40
PETROLEUM,21.572961,73.161662,,"HP PETROL PUMP JALARAM SOCIETY, ANKLESHWAR-NETRANG SH TALUKA VALIA 393135",0101000020E610000062C092AB584A52402AE27492AD923540
JAIN HP PETRO,29.70369,75.239043,,"HP PETROL PUMP MANSA SIRSA ROAD, NH703 SARDULGARH 151507",0101000020E61000009DD5027B4CCF5240B285200725B43D40
MAHADEVI FILLING STATION,29.0625229,77.01555961,,HP PETROL PUMP KAMI-GANNAUR ROAD VILLAGE BHURI 131101,0101000020E6100000AA05BCEDFE40534047C0328001103D40
PATIL PETROLEUM,18.669918,73.918946,,"GAT NO. 147, ALANDI MARKAL ROAD VILLAGE DHNORE TALUKA KHED 412105",0101000020E61000009032E202D07A52407100FDBE7FAB3240
CHOWDESHWARI FUEL STATION,12.87070585,77.43916991,,"HP Petrol Pump,SY.NO.48,Plot no.31-A, NH275(Bangalore Mysore rd) KUMBALGODU VILLAGE 560074",0101000020E610000096351C5C1B5C53402C5F3C28CDBD2940
CNG DREAM PETROLEUM,20.629535,73.099042,,HPC PETROL PUMP SURVEY/BLOCK NO 30/PAIKI 1 VILLAGE KHERGAM 396040,0101000020E61000008CBB41B456465240F7AFAC3429A13440
PURANDAR MILK & AGRO PRODUCT LTD,18.327963,74.06369,,At Khalad On Jejuri-Saswad Rd SH 64 412301,0101000020E610000043C5387F138452404D4C1762F5533240
SUJATA PETROLEUM,18.22597277,74.84512968,,"VARKUTE BK., DALAJ NO-3 NH-65, PUNE-SOLAPUR HIGHWAY  413132",0101000020E6100000A71ECC9A16B65240C0EFF859D9393240
TATYA PETROLEUM,18.686367,76.949284,,"HP PETROL PUMP,GUT NO. 126 LATUR NANDED ROAD, NH 361 VILLAGE/TOWN-AHMEDPUR, TALUKA-AHMEDPUR, 413515",0101000020E61000006EA7AD11C13C5340BB0D6ABFB5AF3240
Haryana City Gas CNG Station,28.4239769,76.9301451,,"Vijay Fuels, SH 15A, Hayatpur, Gurugram",0101000020E61000003842507F873B53406CC207C0896C3C40
ADHOC J RASIKLAL AND COMP SHAHPUR,23.027046,72.570915,,OPP.NEHRU BRIDGE ASHRAM ROAD  380009,0101000020E6100000EF7211DF89245240D47C957CEC063740
GANGA FILLING STATION,29.01929396,77.07634427,,"HP PETROL PUMP PANIPAT-DELHI ROAD, NH-44 NANGALKHURD 131027",0101000020E6100000C5B813D3E2445340D835EF72F0043D40
MAHALAKSHMI SERVICE STATION,12.88935754,77.43791702,,"HP PETROL PUMP, SY.NO.189/1, DODDA  ALADMARA ROAD 1STMILE,KUMBALGODU VILLAGE,KENGERI HOBLI 560074",0101000020E6100000C1D01BD5065C5340858019DF59C72940
SRI SAI RANGANATHA SERVICE STN,12.92951652,77.50397626,,"HP Petrol Pump,Sy.no.22 Mysore rd (RRnagar to Kengeri) KENCHANAHALLI VILLAGE,KENGERI HOBLI 560098",0101000020E610000044AAA42541605340C4FBDC96E9DB2940
KARMA FILLING STATION,28.203981,76.772818,,M-STN-74 DELHI JAIPR HIWAY DHARUHERA DT REWARI HRYNA 123414,0101000020E6100000A6F0A0D97531534060014C1938343C40
GATI CORPORATION,22.778042,75.903329,,AGRA MUMBAI ROAD LASUDIA INDORE 452010,0101000020E6100000D1217024D0F9524018EAB0C22DC73640
ADHOC AKASH FILLING STATION,22.84030397,75.94396365,,"HPC RO HPCL LPG PLANT, NH-3 VILL RAHUKHEDI, TEH SANWER 453771",0101000020E6100000385783E669FC524056D935291ED73640
SRINIVASA SERVICE STATION,13.37180932,77.11168901,,"Survey No. 101/3D , Antharasanahalli Tumkur 572101",0101000020E61000007351A9E925475340FA7E8BCA5DBE2A40
BALAJI FUELS,16.169218,75.647842,,"HPC  DEALERS P  B  11, AUTONAGAR NAVANAGAR 583227",0101000020E61000006ABE4A3E76E9524000E5EFDE512B3040
B.M.M FUEL STATION,14.737875,78.547892,,"SY.NO. 542/1 , SOMULAVARIPALLI VILLAGE, PRODUTTUR BYE PASS ROAD, PRODDUTUR MANDL TIN NO: 37661301104 516361",0101000020E61000005D6F9BA910A353406F1283C0CA792D40
SHRI DURGA FUELS,13.1744183,74.90086218,,"SY NO 40/1 & 40/2, KEDINJE VILLAGE  KARKALA TALUK 574110",0101000020E61000006953D8B9A7B95240D8A5FC5A4D592A40
SHRIJI PETROLEUM,23.64684831,68.8976821,,HP PETROL PUMP SURVEY NO. 287 DAYAPAR LAKHPAT ROAD 370630,0101000020E6100000186D9F9F7339514041ECD0D997A53740
PRABHAT PETROLEUM,23.51932,69.047124,,"HP PETROL PUMP , PLOT NO.- 126/2 BHUJ LAKHAPAT ROAD SH 42 RAVAPAR 370625",0101000020E6100000D4B6611404435140A228D027F2843740
SHIVSHAKTI PETROLEUM,23.43946821,72.51189277,,"HP PETROL PUMP, PLOT NO5 SURVEY NO 90 1P F P NO 2 T P S NO 12 GHOGHA ROAD SHIVAJI CIRCLE TARSAMIYA, BHAVNAGAR 364002",0101000020E61000005E8DE4D9C2205240E89415FD80703740
KANAN PETROLEUM,18.60290718,74.6840012,,"HP PETROL PUMP,PLOT NO.2192 PART KASHTI SHRIGONDA ROAD SHRIGONDA 413701",0101000020E61000002F1BF8ACC6AB5240A39FFC1F589A3240
HP AUTO CARE CENTER-OSMANIA,17.41956129,78.52376168,,"HPCL OUTLET  , OSMANIA UNIVESITY   500020",0101000020E6100000E09FB54F85A15340B337635E686B3140
SEHRAWAT FILLING STATION,28.9242512,77.09862297,,HP PETROL PUMP NH1 TO JATHERI KHARKHAUDA ROAD VILLAGE BADHMALIK 131029,0101000020E610000033B2B7D64F465340EC4905BA9BEC3C40
KRIPA HARILEELA FUEL,26.21665971,78.14831777,,"HP PETROL PUMP BAHODAPUR ROAD RAMAJI KA PURA, PANCHAWATI COLONY 474001",0101000020E610000034E4D0097E89534093CFC00277373A40
BHANDARI PETROLEUM,22.758876,74.595964,,RANAPUR ROAD JHABUA  457661,0101000020E6100000F965304624A6524024B891B245C23640
HP VIKAS FILLING STATION,29.455715,76.197284,,"HP PETROL PUMP JIND- NARWANA ROAD, NH352 UCHANA 126115",0101000020E61000008A01124DA00C5340F14BFDBCA9743D40
AZAD PETROLEUM,29.375086,76.33787,,HP PETROL PUMP VILLAGE - KANDELA JIND ASANDH ROAD 126125,0101000020E61000002B137EA99F155340FD2FD7A205603D40
SUPER SERVICE STATION,13.040237,80.246885,,"NO. 529, ANNA SALAI, TEYNAMPET, 600018",0101000020E6100000DF37BEF6CC0F5440A52DAEF199142A40
KRISHNARAJ AND COMPANY,12.994924,80.187932,,"HP PETROL PUMP , NO.355/B GST ROAD ALANDUR 600016",0101000020E6100000CD77F013070C5440D102B4AD66FD2940
M R AGENCIES,12.840028,80.227221,,"HP PETROL PUMP , NO.34 RAJIV GANDHI IT EXPRESSWAY EGATHUR 603103",0101000020E6100000B9FDF2C98A0E5440D672672618AE2940
SRI AMBAL AGENCY,13.123581,79.424598,,HP Petrol Pump Pallipet Sholinghur Road Sholinghur 631102,0101000020E61000009CFC169D2CDB53405FD04202463F2A40
SHRI SIDDESHWAR PETROLEUM,16.878641,75.721389,,"HP PETROL PUMP, SY NO. 108/8 SOLAPUR ROAD, NH-52 BHUTNAL CROSS 586103",0101000020E61000006DACC43C2BEE5240BBECD79DEEE03040
SHANTHA SERVICE STATON,13.861086,75.715977,,"HPCL PETROL PUMP C J BAGE,KANAKATTE VILLAGE CHENNAGIRI ROAD, BHADRAVATHI 577301",0101000020E61000000BEC3191D2ED52404016A243E0B82B40
EKTA PETROLEUM,23.05358306,73.96669616,,"HP PETROl PUMP, S.NO. 32 STATE HIGHWAY NO. 154 PRATAPURA TALUKA SANJELI 389175",0101000020E61000009A179259DE7D5240D251929EB70D3740
J N PETROLEUM,20.37779891,72.93060136,,"HPC PETROL PUMP, SURVEY NO.189, GUNJAN TO RATA/PENDOR ROAD CHHARWADA, GUNJAN, VAPI 396145",0101000020E61000000AB401F98E3B524019EAEA6DB7603440
RAHUL PETROLEUM,21.9530258,70.77886169,,HP PETROL PUMP RAJKOT-PORBANDAR HIGHWAY NH-27 GONDAL 360311,0101000020E610000011AAB3DED8B15140863EB37FF9F33540
JOSHI BROTHER,23.252492,69.676635,,"HP PETROL PUMP , PLOT NO. -1089 STATION ROAD BHUJ 370001",0101000020E61000000E15E3FC4D6B51406B80D250A3403740
BALAJI FUEL POINT,22.706409,71.619636,,"HP PETROL PUMP, SURVEY NO. 143/P SURENDRANAGAR-RAJKOT ROAD SH17 RATANPAR, WADHWAN 363001",0101000020E610000027DBC01DA8E751409E996038D7B43640
NATIONAL PETROL BUNK,13.17530888,75.88165988,,"HPCL DEALER SURVEY 160/1B, MUNCIPAL KHATA 6627/110 NH234, BELUR HALEBEEDU ROAD 573115",0101000020E6100000E6B28F1D6DF85240C698E415C2592A40
SHREE SIDDESHWARA FUELS& SER.STN,12.446015,75.929164,,"HPCL DEALERS SY.NO.41, BOLLUR VILLAGE, KUSHALANAGARA 571234",0101000020E6100000B727486C77FB5240060DFD135CE42840
NARESH KUMAR AUTO,28.368884,75.966594,,M'GARH-SATNALI ROAD VPO-SATNALI DIST-M'GARH 123024,0101000020E6100000A1A014ADDCFD524086048C2E6F5E3C40
MOHINDER FILLING STATION,30.460675,76.787508,,NH 22 VILL SARSINI DIST-PATIALA 140501,0101000020E6100000A855F48766325340B515FBCBEE753E40
ANTONY FUEL STATION,13.09303558,80.10860225,,"PARUTHIPATTU VILLAGE, POONAMALLEE TALUK,  600071",0101000020E61000006901DA56F3065440C5ED0A5CA22F2A40
OM SAI FILLING STATION,29.16321405,77.03282146,,"HP PETROL PUMP DELHI-AMBALA ROAD, NH-44 VILLAGE CHIRASMI 131101",0101000020E6100000A5532EBF194253406AFF5E65C8293D40
SHRI KRISHAN FILLING STATION,29.33162817,76.37067698,,"HP PETROL PUMP VILLAGE - NIRJAN JIND - SAFIDON ROAD, SH 14 126102",0101000020E6100000B99EF02BB917534013957095E5543D40
SHROFF BROTHERS,22.599071,88.227884,,MOHIARI NH 6 KOLKATA MUMBAI WEST BENGAL 711302,0101000020E610000007D2C5A6950E564065FB90B75C993640
SHIVAM SERVICE STATION,22.569183,88.012786,,AMTA BETAI BRIDGE APPCH ROAD AMTA PO AMTA HOWRAH 711401,0101000020E610000030F65E7CD10056406D7022FAB5913640
SANT RAM SURI & SONS,28.985929,77.154341,,"HP PETROL PUMP BAHALGARH-MERUT ROAD, NH-334 B VILLAGE PALRI 131021",0101000020E6100000A5DB12B9E0495340902DCBD765FC3C40
NILKANTH PETROLEUM,21.053517,73.271486,,HP PETROL PUMP SURVEY NO. 880/1 AND 875/P VILLAGE KUCHHADI 360579,0101000020E610000099D4D00660515240B0C7444AB30D3540
LAMBA FUEL POINT,28.413451,76.49894,,VILL KOSLI KOSLI JHAJJAR ROAD VPO KOSLI 123302,0101000020E6100000A4AA09A2EE1F53409D7FBBECD7693C40
RANDHAWA AUTO CARE,30.818216,75.912243,,"KHANPUR, LUDHIANA- DORAHA SOUTHERN BYPASS,LUDHIANA 141007",0101000020E610000051C0763062FA52405E10919A76D13E40
CHAWLA FILLING STATION,30.702478,76.729228,,S A S NAGAR MOHALI S A S NAGAR DISTT ROPAR 160051,0101000020E6100000F6D4EAABAB2E5340D4282499D5B33E40
KAUSHALYA AUTO,28.562368,77.265248,,"HP PETROL PUMP FRIENDS COLONY, DELHI MATHURA ROAD NH19 110065",0101000020E61000001555BFD2F950534022516859F78F3C40
SHREE SHYAM FILLING STATION,27.682742,76.906421,,VILLAGE DOHA DELHI - ALWAR ROAD TEHSIL FEROZPUR JHIRKA 122104,0101000020E610000016DA39CD023A53400B9B012EC8AE3B40
VISHWA PETROLEUM,22.70166143,73.29109817,,"HP PETROL PUMP, AT SURVEY NO. 434 SH-63, SAVLI- TIMBA ROAD VILL. & TALUKA DESAR 391774",0101000020E6100000D404385AA1525240F0B65E15A0B33640
YOGIRAJ PETROLEUM,22.19421973,73.53981132,,"HP PETROl PUMP, S.NO.7 STATE HIGHWAY NO. 11 GOLA GAMDI TALUKA SANKHEDA 391125",0101000020E6100000475AC7448C62524084965C62B8313640
SHIVAM PETROLEUM,22.07511893,73.25204163,,"HP PETROL PUMP, SURVEY NO 301&302 VILL KAYAVAROHAN TA. DABHOI 391220",0101000020E6100000278537732150524017A983FE3A133640
STUTI PETROLEUM,21.10369006,72.86441854,,"Survey no. 133,137,139, Block no. 180 Opp Hotel Aashish Hotel Village Unn 395006",0101000020E6100000CAD623A252375240CB9E886E8B1A3540
RUXMANI PETROLEUM,22.963703,73.628728,,"HP PETROL PUMP, SURVEY 29/P STATE HIGHWAY NO 5 PALIKHANDA TALUKA SHEHERA 389210",0101000020E610000016855D143D6852409D0E643DB5F63640
SHREE UMIYA PETROLEUM,23.19218886,73.470776,,"H.P. PETROL PUMP, PLOT NO. 255/1/1 STATE HIGHWAY NO. 191 VILLAGE VIRPUR TALUKA VIRPUR 388260",0101000020E610000078EFA831215E5240045B044A33313740
SHREEJI AUTO SERVICE,23.006464,72.534264,,"HP PUMP PLOT#543/551 VJLPR,NR.JIVRAJ PARK, AHMEDABAD 380051",0101000020E610000087DBA16131225240F299EC9FA7013740
ROYAL SERVICE STATION,13.101207,80.160174,,"D-21, AMBATTUR INDUSTRIAL ESTATE AMBATTUR  600058",0101000020E6100000D9EA724A400A5440A7406667D1332A40
ADHOC SRI MURUGAN AGENCIES SIRUSERI,12.83081153,80.22382845,,"HP PETROL PUMP, SURVEY NO:76 PART 1 SIPCOT SIRUSERI ROAD EGATTUR VILLAGE 603103",0101000020E6100000852A9034530E5440BDFAFC2060A92940
S T ARASU &CO,13.09497,80.29275,,HPC DEALERS NO 8 RAJAJI SALAI MADRAS 600001,0101000020E6100000DBF97E6ABC125440C63368E89F302A40
THILLAI NATRAJA AGENCIES,13.046587,80.119588,,S NO  219  LOORDUPURAM CHENNAI CHITTOOR BANGALORE  RAOD TIRUVALLUR 600056,0101000020E61000009E3F6D54A707544067D65240DA172A40
SREE HARIKRISHNA,13.0839684,79.6084742,,HP Petrol Pump Arakkonam Sholinghur Road Arakkonam 631003,0101000020E61000006D5DC53DF1E653407ECBF7E7FD2A2A40
JANATA SERVICE STATION,17.334509,78.442213,,THALASSERY COORG ROAD KUTHUPARAMBA  670643,0101000020E61000006D37C1374D9C5340B937BF61A2553140
SHALIVAHANA FUELS,12.83989108,75.286142,,HPC DEALER NH75 HASSAN ROAD UPPINANGADI 574241,0101000020E6100000C500892650D25240AF9A213406AE2940
NAVAMI PETRO PRODUCTS,13.06960813,74.99061609,,MUDABIDRI BYPASS MUDABIDRI JUNCTION MUDABIDRI 574227,0101000020E6100000405C074166BF52407DC543ADA3232A40
RAKTHESWARI PETRO POINT,12.858884,75.410056,,HPC DEALER KOKKADA VILLAGE BELTHANGADI-SUBRAMANYA RD 574198,0101000020E6100000D461855B3EDA5240861DC6A4BFB72940
SRI LAKSHMINARASIMHA AGENCY,13.939134,75.584183,,"HPCL PETROL PUMP WARD NO 9,SHANKAR MATT ROAD SHIMOGA 577201",0101000020E610000044F8174163E55240921FF12BD6E02B40
MF FUELS,13.12128051,77.48336692,,"HP Petrol Pump, SY.NO 70/3, HESARGHATTA MAIN ROAD Kodige Thirumalapura,Hesarghatta Hobli 560089",0101000020E61000009157CE7BEF5E5340352FA07A183E2A40
MEMBER ENERGY CENTRE,26.193551,78.219339,,HP PETROL PUMP SIROL MORAR ROAD VILLAGE SIROL 474006,0101000020E610000031EF71A6098E5340AC1BEF8E8C313A40
BHAGWAN ACHLESHWAR FUELS,26.18872515,78.17404832,,"HP PETROL PUMP OPP JHANSI ROAD POLICE THANA VILLAGE-MEHALGAON,LASHKAR 474001",0101000020E6100000B894909B238B5340C52E9B4A50303A40
GIRIRAJ DHARAN PETROL PUMP. BIJORI,23.231243,77.074207,,"HP PETROL PUMP, PLOT NO 499/3 VILLAGE BIJORI VILLAGE BIJORI 466001",0101000020E61000009888B7CEBF445340CE6DC2BD323B3740
G.D. GAUTAM ENERGY STATION,23.06345715,76.80324986,,"HP PETROL PUMP, PLOT NO 74/3 ASHTA SEHORE ROAD VILLAGE BEDAKHEDI 466114",0101000020E6100000DCCD19726833534087F24FBA3E103740
LANDMARK FILLING STATION,22.74201111,75.9776645,,HP PETROL PUMP SURVEY NO 1193/3/2 P.H.NO.49 VILLAGE KANADIA INDORE 452016,0101000020E6100000747D1F0E92FE5240FAB7AA70F4BD3640
DEVSARA FILLING STATION,23.167707,75.799047,,"B-5, SHREE VISHALA KSHETRA RISHI NAGAR, DEWAS ROAD UJJAIN 456010",0101000020E6100000E23D079623F352406E4F90D8EE2A3740
NAHARSHAH PETROLEUM,22.73659426,75.9302368,,HP PETROL PUMP GUT NO MR 9 ROAD JUNI INDORE 452016,0101000020E61000004962EEFF88FB52400F1F017191BC3640
VAKRATUNDA FUELS,16.421046,74.093818,,"HP PETROL PUMP,GAT NO- 11 & 12 KOLHAPUR RADHANAGARI ROAD,SH121 VILLAGE/TOWN-SARAWADE,TALUKA-RADHANAGARI 416212",0101000020E6100000AC71361D01865240931CB0ABC96B3040
BEHERJI PETROLEUM,16.401083,74.185352,,"HP PETROL PUMP,GAT NO- 130/1 MURGUD NIPANI ROAD,SH121 VILLAGE/TOWN-MURGUD,TALUKA-KAGAL 416219",0101000020E6100000E28FA2CEDC8B524048FB1F60AD663040
SUSHANT TRANSPORT,16.125421,74.206874,,"HP PETROL PUMP,GAT NO- 433 GADHINGLUJ AAJRA ROAD,SH188 VILLAGE/TOWN-AJRA,TALUKA-AJRA 416505",0101000020E61000002219726C3D8D52404B3B35971B203040
SHRI. VENKATESHWARA PETROLEUM,18.545086,73.935396,,"SURVEY NO 23/1, KHARADI MUNDHWA BYPASS MAGARPATTA ROAD 411014",0101000020E6100000CA332F87DD7B5240E9818FC18A8B3240
PRIYADARSHINI PETROLEUM AGENCIES,12.926552,79.264476,,HPC DEALERS NANDIYALAM VILLAGE MELVISHARAM 632517,0101000020E6100000ECA4BE2CEDD053403716140665DA2940
ADHOC VGN AGENCY,12.9124226,79.36487606,,HPC Dealer Chennai Bangalore Highway Walajahpet 632513,0101000020E6100000C6321E215AD753403843160E29D32940
 LAKSHMI RANGANATHA FUEL STATION,12.958147,76.593737,,"HPC DEALERS, NH - 48, TOBINAKERE VILLAGE, HIRISAVE HOBLI CHENARAYAPATNA TALUK 573124",0101000020E6100000365B79C9FF25534062855B3E92EA2940
KASYAP & SONS,23.318706,75.061804,,MAHATMA GANDHI ROAD RATLAM MADHYA PRADESH 457001,0101000020E6100000C4B0C398F4C35240FA0967B796513740
SRI SAI SHEEL GAJANAN F/S,23.231382,76.032066,,"HPC R/O DEALER UJJAIN MAXI ROAD, KAYATHA 456663",0101000020E610000011548D5E0D02534011E2CAD93B3B3740
SINHAGAD PETROLEUM,18.413697,73.763313,,"GAT NO. 245, GORHE BUDRUK, PANSHET ROAD, TAL HAVELI 412108",0101000020E610000025E7C41EDA7052400C74ED0BE8693240
SRI MORRAYA PETROLEUM,18.277538,74.307116,,AT MORGAON ON MORGAON JEJURI RD SH 65 412304,0101000020E61000000305DEC9A7935240B265F9BA0C473240
MAITREYA PETROEUM,18.809748,74.344483,,"GAT NO 1337, 1338 VILLAGE SHIRUR PUNE NAGAR ROAD (SH60) 412210",0101000020E6100000CAC16C020C9652405C001AA54BCF3240
MSHSD SOLAPUR SHAHAR POLICE PETROL PUMP ,17.66629481,75.92127566,,"HP PETROL PUMP, CTS NO.10393, FP NO 36, NEAR ASHOK CHOWK, NEW PACCHA PETH, SOLAPUR CITY 413006",0101000020E610000041932F2EF6FA5240CD71F24B92AA3140
MSHSD SIDDHI PETRO OASIS                ,17.684559,75.291201,,"HP PETROL PUMP, GAT NO : 407/1 A/P WAKHARI, PANDHARPUR-PUNE RD, NH965 VILLAGE: WAKHARI, TALUKA: PANDHARPUR, DI 413304",0101000020E610000000E48409A3D25240B62E35423FAF3140
G-LINE FUEL POINT,30.36407073,76.99904617,,"HP PETROL PUMP YAMUNANAGAR PANCHKULA ROAD, NH 344 VPO MAGHARPURA 133103",0101000020E610000005D6585FF03F5340E6C746BD335D3E40
OM SAI FILLING STATION,29.16321405,77.03282146,,"VILLAGE-SHIVPUR THANA & TEHSIL-MARIAHU ON BHADOHI-JAUNPUR ROAD,SH5 222161",0101000020E6100000A5532EBF194253406AFF5E65C8293D40
AMAR FILLING STATION,28.85739825,76.90305421,,HP PETROL PUMP KHARKHAUDA-ASAUDHA ROAD VILLAGE BARONA 131402,0101000020E6100000C49DE2A3CB395340CB65A3737EDB3C40
MILLENNIUM AHMEDABAD GOTA,23.10379447,72.53995423,,"HINDUSTAN PETROLEUM CORPORATION LIMITED T.P.S.NO- 32 (GOTA), F.P.NO- 165 (S.F.C) GOTA ROAD , GOTA, GHATLODIYA 382481",0101000020E6100000F6CB2F9C8E225240D9273E46921A3740
DAHIYA FUEL STATION,28.812515,76.942837,,HP PETROL PUMP NAHARA-BAHADURGARH ROAD VILLAGE SHOTI 131402,0101000020E61000005C1D0071573C53406B82A8FB00D03C40
"NARSINGH PETROLEUM, DHOKI",18.37458182,76.11414072,,"HP PETROL PUMP, GUT NO. 238, VILLAGE DHOKI, TALUKA OSMANABAD YEDASHI LATUR ROAD 413508",0101000020E6100000AEE2E0144E0753407F931A98E45F3240
 LAXMI PETROLEUM,16.936484,73.908693,,"HP PETROL PUMP,GAT NO- 903 KOLHAPUR RATNAGIRI ROAD,NH166 VILLAGE/TOWN-YELUR ,TALUKA-SHAHUWADI 415101",0101000020E6100000AA46AF06287A52402E3A596ABDEF3040
 HAJARE PETROLEUM,16.642529,74.179368,,"HP PETROL PUMP,SURVEY NO -248 KOLHAPUR RADHANAGARI ROAD,SH134 VILLAGE/TOWN-VASHI,TALUKA-KARVEER 416011",0101000020E6100000BB7CEBC37A8B524049BBD1C77CA43040
YASH PETRONET,28.049326,76.350482,,"HPCL RETAIL OUTLET, VPO. KHERI ATELI - BEHROR ROAD  123021",0101000020E61000008CF50D4C6E165340AED7F4A0A00C3C40
G.M PATEL,21.22945,72.89462805,,Block No. 42 Survey no. 28/1 Nana Varachha Surat 395006,0101000020E610000064350296413952403411363CBD3A3540
ANNAPOORNESHWARI FUEL STATION,12.477431,77.034903,,"HP Petrol Pump , S. No: 30/4 & 30/2 A Mellahalli Village & Gram Panchayath KM Doddi 571422",0101000020E610000011E2CAD93B425340723106D671F42840
K VINAYAGAM,12.899846,79.134918,,14 ARNI TRUNK ROAD HP DEALERS VELLORE NA DT 632001,0101000020E610000012691B7FA2C8534072DF6A9DB8CC2940
NAVA SAKTHI AUTO FUELS,12.869933,79.975639,,"HP PETROL PUMP, SURVEY NO. 33/1 & 34 VANDALUR TO WALAJABAD ROAD KARANAITHANGAL VILLAGE 602105",0101000020E6100000F06C8FDE70FE53401E6CB1DB67BD2940
R J FILLING STATION,30.17550869,76.77048179,,HP PETROL PUMP THOL SHAHABAD ROAD NALVI 136135,0101000020E6100000AB8DDA924F315340BCB63323EE2C3E40
RATHI SERVICES STATION,26.900452,75.76919,,"HP PETROL PUMP, SODALA, AJMER ROAD JAIPUR RAJASTHAN 302001",0101000020E6100000419AB1683AF15240289EB30584E63A40
SHREE MANE,18.07687437,74.85445805,,GAT NO 114 VILLAGE HAGAREWADI TALUKA INDAPUR 413114,0101000020E61000007423D170AFB65240F40CE909AE133240
SADHANA HP,27.11601,77.168739,,"HP Petrol Pump, Plot No. 1584/574, 1585/ NH11 VILLAGE HALENA, TEHSIL WEIR 321601",0101000020E6100000D3A3A99ECC4A53404B02D4D4B21D3B40
GOMATI FILLING STATION,25.26107287,75.76908,,"Khasra no. 363/104, Kota Road Near Shriram Automall Kota Govindpur Bavdi, Taleda 323021",0101000020E61000007E00529B38F15240DA85EEABD5423940
NAVBHARAT FILLING STATION,30.18204642,76.93317275,,"HP Petrol Pump Shahbad Barara Road Village Padlu, Kurukshetrs 136135",0101000020E61000002DB1321AB93B5340FE401C989A2E3E40
SIDHU ENERGY STATION,30.10842604,76.67600727,,HP PETROL PUMP HISSAR AMBALA ROAD NH152 VILLAGE ISMAILABAD 136129,0101000020E61000008720FFB3432B5340B5D517CFC11B3E40
BHADOURIYA FUEL STATION,22.708252,75.76455438,,VILLAGE BISNAVDA INODRE PITHAMPUR ROAD INDORE 453112,0101000020E610000045877E75EEF052409C53C90050B53640
MAHALAKSHMI ENERGY SERVICES,18.65397334,73.733592,,"HPCL RETAIL OUTLET SURVEY NO 61(P),RAVET MUMBAI TOWARDS PUNE 412101",0101000020E6100000DD26DC2BF36E524082C1FBCB6AA73240
SURESH PETROLEUM,17.709605,75.997104,,"HP PETROL PUMP, GAT NO. 182/1/1, VILLAGE DODDI, TALUKA SOUTH SOLAPUR, ON SOLAPUR HYDRABAD ROAD (NH 650 413216",0101000020E61000007DAD4B8DD0FF5240FD135CACA8B53140
LANS SERVICES STATION,13.018471,80.261388,,"HPC DEALERS NO. 26, GREENWAYS ROAD RAJA ANNAMALAI PURAM 600028",0101000020E610000047E4BB94BA1054404DD9E90775092A40
PANDIAN AGENCIES,12.895201,80.049821,,"HP PETROL PUMP, SURVEY NO. 183 VANDALUR - WALAJABAD ROAD KARSANGAL VILLAGE, SRIPERUMBUDUR TALUKA 601301",0101000020E6100000DB696B443003544068B114C957CA2940
MANAVA PETROLEUM,23.263641,72.641797,,"HP PETROL PUMP, SURVEY NO. 1028 MANSA-GANDHINAGAR HWY, NEAR GSPL VILLAGE PETHAPUR, TALUKA GANDHINAGAR 382610",0101000020E6100000F06AB933132952407EE200FA7D433740
SRI MANJUNATHA SERVICE STATION,13.031517,77.08162,,"HPC Petrol Pump,SY.NO.94, PLOT NO.96 KUNIGAL INDUSTRIAL AREA, UTTIDURGA HOBLI KALLANAYAKANAHALLI 572126",0101000020E6100000C5AC1743394553403B8908FF22102A40
THAKOR PETROLEUM,21.12464505,72.87677302,,"HPCL PETROL PUMP, SURVEY NO. 60 EKLERA SACHIN ROAD VILLAGE EKLERA, TAL-CHORYASI, SURAT 394210",0101000020E610000092BA950C1D385240B95BEDBCE81F3540
KUDALSANGAM FUELS,16.182397,75.998047,,HPCL DEALERS 182 KM STONE NH 13 KUDALSANGAM CROSS 587116,0101000020E6100000BD378600E0FF524076E3DD91B12E3040
MATESHREE PETROLEUM,14.328948,74.428725,,"HPCL DEALER NH17, SALIKERI HALDIPUR, TAL-HONAVAR 581327",0101000020E6100000917EFB3A709B5240522B4CDF6BA82C40
 HIGHWAY POINT,14.725136,75.473259,,"HIGHWAY POINT HUBLI - RANEBENNUR , NH4 MOTEBENNUR, HAVERI DIST 581106 581106",0101000020E610000069E21DE049DE5240F44D9A0645732D40
SUNDER SERVICE STATION,13.054032,80.234399,,"HPC DEALERS NO. 97, KODAMBAKKAM HIGH ROAD MADRAS-34 600034",0101000020E6100000C4CDA964000F5440FCDF1115AA1B2A40
 MRK AGENCIES                      ,13.061168,80.24682,,HP PETROL PUMP KUNDRATHUR KOVUR ROAD KOVUR VILLAGE 600128,0101000020E6100000EBFF1CE6CB0F54409B1F7F69511F2A40
VIJAY SERVICE STATION,13.16897,80.200652,,HPC DEALERS G N T ROAD POZAL MADRAS 600066,0101000020E610000021787C7BD70C54409F02603C83562A40
SHRI RADHEY HP FILLING STATION,27.904718,77.433082,,HODAL-HASANPUR ROAD VILLAGE KHIRBI TEHSIL HODAL 121106,0101000020E61000001F9F909DB75B53403F1A4E999BE73B40
BALAJI FILLING STATION,28.723488,77.16506,,"HP PETROL PUMP JIND- SAFIDON ROAD, SH14 VILLAGE- JAIPUR 126112",0101000020E61000002D78D157904A5340670C738236B93C40
VARDHMAN PETROLEUM,23.167309,75.701024,,"NEAR TOLL PLAZA, CHANDUKHEDI BADNAGAR ROAD UJJAIN 456006",0101000020E6100000836DC493DDEC524093533BC3D42A3740
VIRMAT FILLING PETROLEUM,22.897094,75.856961,,"HPCL Petrol Pump Opposite Rama Phosphate Indore Ujjain Rd Post Rajoda, Dharampuri 453551",0101000020E6100000A33CF372D8F652401570CFF3A7E53640
 SURINDER FILLING STATION,28.85817895,76.9931236,,HP PETROL PUMP NAHARA-BAHADURGARH ROAD VILLAGE HALALPUR 131103,0101000020E6100000B1B849568F3F5340995D9C9DB1DB3C40
VIR FILLING STATION,29.14958837,76.75927654,,HP PETROL PUMP GOHANA-KHANPUR ROAD VILLAGE GAMRI 131305,0101000020E6100000E2FAA0FC973053400F03656C4B263D40
SHREE VISHWA PETROLEUM,18.48734217,74.14507895,,GAT NO 111 VILLAGE URULI KANCHAN  412202,0101000020E6100000A26538F948895240971CDA74C27C3240
APMC SUPE PETROLEUM,18.33937368,74.37815836,,GAT NO 74(P) AT VILLAGE SUPE BARAMATI MORGAON ROAD SUPE VILLAGE 412204,0101000020E61000002D3A1FBF3398524022B98831E1563240
GURU MAULI PETROLEUM,18.26157652,77.09273417,,"HP PETROL PUMP, GAT NO 169/181 NILANGA UDGIR ROAD, SH 166 VILLAGE/TOWN-DEONI, TALUKA-DEONI, DIST-L 413519",0101000020E6100000CAD74C5BEF4553402ECDC6ADF6423240
KESARKAR PETROLEUM,16.23456741,74.26145867,,"HP PETROL PUMP,SURVEY NO- 867/2 UTTUR AAJRA ROAD,SH198 VILLAGE/TOWN-UTTUR,TALUKA-AJRA 416220",0101000020E6100000F63925BDBB9052404DA81A9C0C3C3040
PANCHAGANGA S S K LTD,16.71122,74.44805,,"HP PETROL PUMP,GAT NO - 28/A ICHALKARANJI STATION ROAD,SH192 VILLAGE/TOWN-KABNUR,TALUKA-HATHKANANGALE 416116",0101000020E6100000423EE8D9AC9C5240D942908312B63040
ADHOC KAMALA RAMSONS,26.202887,78.224505,,"HP PETROL PUMP HORAWALI ROAD VILLAGE HURAWALI, TAHSIL MORAR 474006",0101000020E61000007632384A5E8E534097C80567F0333A40
DEV MANGAL BABA FILLING CENTRE,26.18154843,78.13275407,,"HP PETROL PUMP KH NO.1140/1, 1141 & 1142/1, PH NO 62 IMLI NAKA, SIKANDAR KAMPOO CHORAHA RD 474001",0101000020E6100000E643ED0A7F8853407A7D39F5792E3A40
MAA PETROLEUM & SONS,26.218473,78.226108,,"HP PETROL PUMP SURVEY NO. 2355, SINGHPUR ROAD,KASHIPURA PATEL NAGAR, MORAR 474006",0101000020E61000004B57B08D788E53401B0FB6D8ED373A40
SHIV SHAKTI MOTOR,30.369955,76.768682,,"HP PETROL PUMP HISSAR ROAD, NH 65 HISSAR ROAD, AMBALA CITY 134003",0101000020E610000087C1FC1532315340DFFDF15EB55E3E40
RISHI MARKANDA FILLING STATION,30.42453065,77.14801514,,HP PETROL PUMP ON SH-1 (NARAINGARH-RAIPURANI ROAD) VILLAGE DEHAR 134203,0101000020E610000039677E14794953404EE6690AAE6C3E40
SHREE RAM PETROLEUM,25.21882482,74.36735738,,HP PETROL PUMP NH 758 VILLAGE BHUNASH 311001,0101000020E6100000D54287C882975240FD7345E704383940
CADELL AUTO SERVICE,19.026095,72.835941,,NR SHIVAJI PARK CADELL ROAD  400028,0101000020E6100000AD18AE0E80355240D1967329AE063340
TARE FUELS,16.746681,74.605916,,"HP PETROL PUMP,SURVEY NO- 3101 (P) SHIROL ARJUNWAD ROAD,SH137 VILLAGE/TOWN-SHIROL,TALUKA-SHIROL 416103",0101000020E6100000E107E753C7A65240698B6B7C26BF3040
HARI HARA FUELS,12.89754114,77.62127217,,"SY NO. 104/1 & 104/2 Beside SBI Bank, Hongasandra Village Begur Hobli, Bangalore South 560068",0101000020E6100000280459ECC2675340A73A26838ACB2940
AIVALLI & CO.,15.909752,75.686206,,"HPC DEALERS BADAMI BANSHANKARI  ROAD, TQ BADAMI,  BADAMI, 587201",0101000020E61000006A1492CCEAEB5240F1F09E03CBD12F40
KANAKAM SERVICE STATION,17.679831,78.595297,,"S.NO 19, RAJEEV RAHADARI TURKAPALLY SHAMEERPET MANDAL 500078",0101000020E61000000B9A965819A6534096CE876709AE3140
TONK ROAD SERVICE STATION,26.865824,75.796847,,"HP RETAIL OUTLET TONK ROAD NEAR KAMAL & CO., JAIPUR 302001",0101000020E61000009B3A8F8AFFF25240871744A4A6DD3A40
SAKTHI AUTO SERVICE ,13.036877,80.255562,,HPCL DEALERS 400 TTK SALAI ALWARPET 600018,0101000020E61000006C06B8205B105440FEF2C98AE1122A40
SUNRISE HP CENTRE,29.448465,76.375521,,"HP PETROL PUMP JIND-KAITHAL ROAD, SH 11A NAGURAN 126125",0101000020E6100000857D3B890818534090662C9ACE723D40
HINDUSTAN FUEL,28.427438,77.034197,,SECTOR-48 SUBHASH CHOWK TO HERO HONDA CHOWK ROAD GURGAON 122002,0101000020E6100000C4279D48304253405111A7936C6D3C40
AJAY FILLING STATION,29.600466,75.935665,,HP PETROL PUMP UKLANA-TOHANA ROAD VILLAGE- SAMAIN 125120,0101000020E6100000C2C073EFE1FB5240255CC823B8993D40
C.F. SHAH & COMPANY,20.761897,73.063018,,H P PETROL PUMP NH 8 CHIKHLI 396521,0101000020E6100000CC43A67C08445240A7EB89AE0BC33440
AMOL PETROLEUM,18.03473547,75.20480938,,"HP PETROL PUMP, GAT NO : 829 A/P TEMBHURNI, PUNE-SOLAPUR RD,NH65 VILLAGE: TEMBHURNI, TALUKA: MADHA, DIST: 413211",0101000020E6100000E640CD981BCD524044A97B6CE4083240
 BHARADIYA PETROLEUM,18.236567,75.665407,,"HP PETROL PUMP, GUT NO 949/2/2 BARSHI PARANDA ROAD (NH 150E) TALUKA BARSHI 413401",0101000020E6100000E3E13D0796EA52401650A8A78F3C3240
KESHAV FILLING STATION,29.243923,76.269585,,"HP PETROL PUMP JIND - BHIWANI ROAD, NH709A VILLAGE- BIBIPUR 126102",0101000020E6100000809F71E14011534001BEDBBC713E3D40
MSHSD KRISHI UTPANNA BAZAR SAMITI AKLUJ ,17.89284863,75.00926418,,"HP PETROL PUMP, GAT NO: 122/1/A/1 AND 12 A/P AKLUJ, BYPASS RAOD VILLAGE: AKLUJ, TALUKA: MALSHIRAS, DIST: 413101",0101000020E6100000F487C9C897C05240DF2052BA91E43140
SHUBHAM FUEL CENTRE,27.48051,77.321915,,"HP Petrol Pump, Plot No. 787 DEEG KAMAN ROAD NEAR AMAR CINEMA, DEEG 321203",0101000020E6100000E1455F419A545340A5660FB4027B3B40
K T FILLING STATION,24.65448763,73.71932833,,"HP PETROL PUMP OPP ZOHRA MARBLE, AMBERI AMBERI 313004",0101000020E6100000EC1BB179096E52408E7C56808CA73840
SRI MURIGAN AGENCIES,13.088697,80.174418,,G-10 INDUSTRIAL ESTATE ROAD MUGAPPAIR VILLAGE AMBATTUR 600053,0101000020E61000005C751DAA290B5440B28174B1692D2A40
BHAVANA ENTERPRISES,13.348281,74.70666,,HPC DEALERS MAIN ROAD-MALPE MALPE TALUK 576108,0101000020E61000000C59DDEA39AD5240E8A221E351B22A40
UJALA FILLING STATION,29.41078928,76.2352166,,"HP PETROL PUMP VILLAGE - KHATKATR JIND - NARWANA ROAD, NH 352 126115",0101000020E61000007C1EEDC90D0F5340BB257B7C29693D40
ARIHANT AUTOMOBILES,23.835807,73.696757,,HP PETROL PUMP SYNTEX CHAURAHA CITY DUNGARPUR 314001,0101000020E61000009510ACAA976C524093C49272F7D53740
SHRI BALAJI FILLING STATION,22.661592,76.758048,,NEMAWAR ROAD NH-59A KANNOD 455332,0101000020E61000001633C2DB83305340944BE3175EA93640
SHAAN PETROLEUM,13.408438,77.084981,,"HP Petrol Pump,SY NO 180/2, TUMKUR-SIRA ROAD,NH 4, LHS OORUKERE POST 572106",0101000020E610000002F225547045534026E318C91ED12A40
 DASOT SERVICE CENTRE,26.906959,75.84586,,HPC DEALERS AGRA ROAD TRUCK STAND JAIPUR RAJ 302003,0101000020E6100000A73FFB9122F6524018D00B772EE83A40
J B PETROLINKS,16.70863419,74.4662162,,"HP PETROL PUMP, GAT NO. 456, VILLAGE - SHAHAPUR, TALUKA - HATKANANGLE ICHALKARANJI - SHAHAPUR ROAD, 416115",0101000020E610000063F7787CD69D5240A1E0DE0C69B53040
ASHWANI SIDDHARTH YADAV FUEL POINT,28.03595411,76.50463442,,"HP PETROL PUMP, MUSTIL NO -52 KILA NO - 2/1/2,10/1/2,9/2/2/2,11/2,12/1 VILLAGE- JAISINGHPUR KHERA, TEH. - BAWAL 123501",0101000020E610000080952AEE4B205340569BDE4934093C40
 BADHWAR FILLING STATION,28.725027,76.73054,,HPCL RETAIL OUTLET VILLAGE BHAPRODA JHAJJAR -SAMPLA ROAD SH20 124507,0101000020E6100000DF1AD82AC12E53408DB7955E9BB93C40
Adani CNG Pump,28.3989415,77.3503874,,"99X2+H5C, Bihari market, opp. adani CNG pump, Sector 86, Faridabad",0101000020E61000008DFB45BF6C5653406684B70721663C40
Haryana City Gas CNG Station,28.5013195,77.0660102,,"Old Delhi Gurugram Road Near Gurgaon One Apartment, Sector 22, Gurugram",0101000020E6100000F48CD88239445340DA58897956803C40
Indraprastha Gas Limited CNG Station,28.488213,77.5162067,,"Plot - 1, Beta 2, G B, Nagarbeta 2, Beta II, Greater Noida",0101000020E6100000789ED38709615340677BF486FB7C3C40
CNG STATION,28.1142861,77.3323683,,"4, NH-19, Shiv Colony, Palwal, Dholagarh",0101000020E610000089AEB085455553402CE395DA411D3C40
HP PETROL PUMP & CNG STATION,28.3462095,77.0674833,,"Gurgaon Bhondsi, Badshahpur Sohna Rd Hwy, Vigyan Vihar, Gurugram",0101000020E6100000ADA179A5514453408410902FA1583C40
Indraprastha Gas Limited CNG Station,28.2277183,76.8013226,,"Delhi - Jaipur Expy, Malpura",0101000020E6100000ED2296DE4833534062331BBF4B3A3C40
Gurudev CNG station,28.2789602,77.2892797,,"77HQ+HPJ, Sikri",0101000020E610000063B9008F83525340B8E287EF69473C40
Adani Gas CNG Station,28.380974,77.3373734,,"Chaudhary Charan Singh Marg, Sector 9, Faridabad",0101000020E610000095E299869755534055A0168387613C40
Torrent Gas CNG Station,27.7139308,77.5282282,,"PG7H+G7, Ajnothi",0101000020E6100000CCF4A67DCE6153406C9B3D2BC4B63B40
Cng Pump,28.4318386,77.0998529,,"Near, IILM Institute, Sector 53, Gurugram",0101000020E61000004AFA6AFD63465340822678F98C6E3C40
Haryana City Gas CNG Station,28.4521581,77.0752005,,"44, Institutional Area, Prem Puri, Sector 32, Gurugram",0101000020E61000002409C215D04453401A1F1CA2C0733C40
CNG GAS STATION,28.0162107,77.3354429,,"RAJWATI GAS STATION, near MVN University, Aurangabad",0101000020E61000003A4B7FE57755534063586A6226043C40
Haryana City Gas CNG Station,28.4221882,77.075333,,"C3CG+V4G, Sushant Lok III Extension, Sector 57, Gurugram",0101000020E6100000D0D38041D2445340D2C19F86146C3C40
Haryana City Gas CNG Station,28.4140465,76.8974081,,"Pataudi Road, Village Dhorka, Sector 98, Gurugram",0101000020E6100000982A62226F395340F58590F3FE693C40
Indraprastha Gas Limited CNG Station,28.5011936,77.2889677,,"C/o KISHORE & CO.,, Pul Prahladpur,, Mehrauli Badarpur Road, near Surajkund Crossing, New Delhi",0101000020E61000006C4661727E525340EAF648394E803C40
CNG Pump,28.4084381,77.3108776,,"6 Mathura Road, NH2, Sector 16A, Faridabad",0101000020E6100000C643296BE5535340BDF039668F683C40
Haryana City Gas CNG Station,28.3644496,76.9184432,,"Hsiidc Industrial Estate, Plot NO 10, Sector 3, Imt Manesar, Gurugram",0101000020E6100000F3CEFCC5C73A5340500AA9914C5D3C40
CNG PUMP,28.4398956,77.0035572,,"Udyog Vihar Industrial Area Phase VI, Sector 37, Gurugram",0101000020E6100000956AFA473A40534080A77FFF9C703C40
Haryana City Gas CNG Station,28.4249361,76.8955513,,"Farukh Nagar - Wazirpur Rd, Dhanawas, Sector H7, Gurugram",0101000020E6100000FA5866B650395340C963BC9CC86C3C40
Haryana City Gas-CNG Station,28.4818099,76.9106326,,"Budhera, Near SGT University, On, Badli Rd, Gurugram",0101000020E6100000F9EAF4CD473A53409763C3E4577B3C40
HCG CNG Station,28.494213,76.9733599,,"LK CNG CO, next to HPCL Petrol Pump, opposite Sector-102, Daultabad, Gurugram",0101000020E6100000396F52874B3E53400F4240BE847E3C40
Cng Pump sec 15,28.4563465,77.0470625,,"14, Delhi - Jaipur Expy, LIG Colony, Sector 31, Gurugram",0101000020E61000008D976E1203435340E124CD1FD3743C40
HCG Cng Station,28.4497375,77.0911956,,"141, St Thomas Marg, DLF Phase 5, Sector 43, Gurugram",0101000020E610000081E21126D6455340E9482EFF21733C40
Indraprastha Gas Limited CNG Station,28.2737281,76.8419068,,"7RFR+FQP, Service Rd, Bilaspur Kalan",0101000020E6100000EC110FCDE1355340087F750B13463C40
Adani Gas CNG Station,27.8741287,77.3879687,,V9FQ+M54,0101000020E6100000C997AB7AD4585340B8FE02E6C6DF3B40
HCG CNG Station,28.4932969,76.657531,,"MANN FILLING STATION, Chandpur",0101000020E6100000CC46E7FC142A5340DBB7A4B4487E3C40
Indraprastha Gas Limited CNG Station,28.4461472,77.5434248,,"CGWV+F93, near Honda Power Products Ltd, Khadar Ke Marhiya, Greater Noida",0101000020E610000076F5CF78C7625340B433F1B336723C40
GAIL Gas CNG Station,27.6293842,77.5726897,,JHHF+Q34,0101000020E61000006310B3F2A66453407F9EAB521FA13B40
HCG CNG Station,28.4037766,76.8790066,,"Tehsil, Sector 97, Jhund Sarai Viran, Farukh Nagar",0101000020E6100000F6FDE5A441385340DCE33BE75D673C40
CNG Pump,28.1643848,76.7833869,,"5Q7M+Q92, Nandrampur Bass Rd, Nandrampur Bass, Alawlpur",0101000020E610000059E7CE0223325340A2F54B1F152A3C40
SKN-HCG CNG Station,28.4422592,77.0859353,,"Sector 52A, Gurugram",0101000020E61000009BC4C5F67F455340E95A20E637713C40
Haryana City Gas CNG Station,28.4562461,77.046759,,"NH 8, LIG Colony, Sector 31, Gurugram",0101000020E6100000CBF27519FE425340746D5E8BCC743C40
Indraprastha Gas Limited CNG Station,28.3753586,76.9551267,,"9XG4+434, NH 48, Sector 80, Gurugram",0101000020E61000005402BDCB203D5340B8454F8017603C40
Indianoil-Adani Gas Pvt Ltd CNG Station,28.4101165,77.8852318,,"CV6P+339, Aulina, Tanda, Bulandshahr",0101000020E6100000459847A3A7785340CC0C1B65FD683C40
Indianoil-Adani Gas Pvt Ltd CNG Station,28.3940654,77.8610289,,"9VV6+JCC, Shikarpur Bypass Rd, Upper Kot, Bulandshahr",0101000020E61000004B9AF5181B775340337C5578E1643C40
GAIL Gas CNG Station,27.7819285,77.719939,,"QPJ9+QXG, Surir Vijaru Bangar",0101000020E61000005B07077B136E5340724F57772CC83B40
Indian Oil CNG Station,27.8931076,78.034198,,"Chauraha, Khair Bypass, Ram Nagar, Nadda, Aligarh, Ashrafpur Jalal",0101000020E6100000ACE5CE4C308253401ECF1DB3A2E43B40
Megha Gas CNG Station,27.7723209,78.5694427,,Athaiya Chauraha,0101000020E61000008A5CCBBF71A453406D848FD2B6C53B40
CNG Pump,28.3619483,77.7992454,,"9Q6X+QMH, Banchawali",0101000020E61000009F9E2DD626735340C257CFA4A85C3C40
SHRI BANKE BIHARI CNG FILLING STATION,28.2157585,78.2310475,,"668J+H6, Sabalpur",0101000020E6100000A514747BC98E53408255F5F23B373C40
Indian Oil Adani Gas CNG ( Badwal Filling Station ),28.0361132,77.9761325,,"377/4/7, GT Rd, Gabhana",0101000020E6100000040473F4787E534033F4F4B63E093C40
IGL CNG Pump,28.5075127,77.6164509,,Kot,0101000020E6100000BFC579EE73675340FECD305AEC813C40
HP PETROL & CNG PUMP - BASANT SERVICE STATION,28.409757,77.8720365,,"BUS Stand, Anoopshahr Rd, near Anoopshahr, Aulina, Milka Mosamgarh, Bulandshahr",0101000020E6100000C51A2E72CF7753409C4EB2D5E5683C40
CNG Pump,28.4911297,77.956107,,"Siyana Road, Jahangirabad - Aurangabad Rd, Aurangabad",0101000020E6100000821E6ADB307D534023980FADBA7D3C40
Krishna CNG Station,28.2162764,77.9249394,,"6W8F+CMX, Shahbajpur Daulat",0101000020E61000000A720635327B534089E5E0E35D373C40
Adani Gas CNG Station,28.2487983,77.8630716,,"6VX7+G68, Khurja",0101000020E6100000CF06AA903C775340E7CCD13EB13F3C40
CNG Station,28.4663086,77.6730847,,"FM8F+G6G, GT Rd, Industrial Area, Sikandrabad",0101000020E6100000087CD9D1136B5340F3D71A0060773C40
Vijay Green Fuels CNG STATION,28.4420655,77.7318304,,"202, Netrampuri, beside CNG Pump, Sikandrabad, Junedpur",0101000020E6100000FE8D2C4FD66E53409C3061342B713C40
Hindustan Petroleum & CNG Pump,27.9241649,77.9157599,,"Andala, Aligarh, SH-22A, Khair Aligrah Road, Aligarh, Aligarh",0101000020E61000003F5F69CF9B7A5340729C251296EC3B40
CNG & Petrol Pump Shri Raghunath Filling,28.0799779,78.0437398,,Barauli Khas,0101000020E610000026A204A2CC8253401BE7806E79143C40
Adani Gas CNG Pump,28.3637826,77.91306,,"9W77+G67, Shikarpur",0101000020E61000004AD235936F7A534096DA41DB205D3C40
RS fuel station CNG pump,28.2489801,77.854903,,"Dhashra, vill, Ishanpur",0101000020E6100000259012BBB6765340D5DAEA28BD3F3C40
Dilip poddar cng pump,28.5077462,77.6168812,,"GJ58+3PX, GT Rd, Luharli 139 Basantpur Bangar",0101000020E61000001AE148FB7A67534014ABABA7FB813C40
MARUTI FILLING STATION Atrauli (CNG AVAILABLE),28.0321728,78.275784,,"Ramghat Rd, Atrauli",0101000020E6100000A530EF71A69153401DD2037A3C083C40
HP PETROL & CNG PUMP - GULAB FILLING CENTRE,27.842874,78.183085,,"145 KM Stone G.t.road Near Sahore Drain,panethi",0101000020E6100000D8D825AAB78B534011A62897C6D73B40
Namaste ji Filling station CNG ADANI,28.3422597,77.8432184,,"NH 34, Dhamrawali",0101000020E6100000ABD84E4AF7755340203DEA549E573C40
Hariom Indian Oil - Adani Gas CNG Station,28.4575521,77.7158777,,"road, Sikandrabad, Baral",0101000020E6100000E25BB3F0D06D534054B7692222753C40
Adani CNG Filling Station,28.2711942,77.8577734,,"7VC5+F4C, Subhash Road, Khurja Rural",0101000020E61000003D1867C2E576534069DDABFB6C453C40
CNG PUMP BAHIPUR JAHANGIRABAD,28.3809696,78.1171586,,"Bahipur, doraha, Jahangirabad, Bhaipur",0101000020E61000007DDCC8867F8753402CC5443987613C40
Cng pump,27.7711334,77.7208853,,"QPCC+F92, Surir",0101000020E6100000B3EA18FC226E534071DA9DFF68C53B40
Shyam Filling Station Relience Petrol Pump Cng pump,27.7006797,78.3627206,,"Mahamai, Mahamaya Nagar, NH-91, Aligarh - Kanpur Rd, Sikandra Rao",0101000020E610000079A576D0369753409978ACBE5FB33B40
"KHANCHAND FILLING STATION, BPCL CNG",28.3855688,78.0921631,,"93PR+6VF, Jahangirabad, Gahana Govardhanpur",0101000020E610000078190F00E6855340A45B0AA3B4623C40
21st ERA ENERGY CNG ⛽,28.4413276,77.7386476,,"CPRQ+GFJ, Lalpur",0101000020E610000035519500466F53407AD278D8FA703C40
Malik Fuel Centre CNG Pump,28.5076238,77.6153042,,"G. T. Road, Dadri, Greater Noida",0101000020E6100000DA05DE2461675340D7AB23A2F3813C40
Reliance petrol pump with cng,28.3930329,77.8426851,,"9RVV+637, Panni Nagar, Amba Enclave, Bulandshahr",0101000020E6100000E5547C8DEE75534086C0DBCD9D643C40
CNG Outlet,28.225325,78.20755,,"Debai-Bulandshahr Road, Near Bheempur Doraha, Daulatpur",0101000020E61000003A92CB7F488D5340A1F831E6AE393C40
HP CNG & PETROL PUMP - RISHI RAWAT HP PETROLEUM,27.8515171,78.0588709,,"Hpcldealer, Village : Dolatabad, Mathura Rd, near Sanskar City, Aligarh",0101000020E6100000E98B738AC4835340197C5006FDD93B40
Indian cng pumb,27.892918,78.0342795,,"V2VM+4HV, Khair Bypass, near cng pump, Shiv Dham Colony, Ram Nagar, Jalalpur, Aligarh",0101000020E610000016DBA4A2318253407E02284696E43B40
Petrol Pump CNG,29.2289425,73.9006171,,"6WH2+H6H, NH 15, Piperan",0101000020E6100000FAADE7B5A37952401B2AC6F99B3A3D40
"Bharat Petroleum,CNG Petrol Pump -Manshasingh Dhannaram",29.3486511,73.65612,,"JETSAR/MANDI ROAD, SRI GANGANAGAR",0101000020E61000001990BDDEFD695240E536D03241593D40
Mansha Singh Dhannaram BPCL CNG Petrol Pump,29.3449311,73.6594272,,"8MV5+XQF, Jaitsar Main Road, Dist, Jaitsar",0101000020E6100000F185240E346A524091DF91674D583D40
HCG CNG GAS FILLING STATION ELLENABAD,29.4630599,74.6674133,,"Bypass, Ellenabad",0101000020E6100000971A46E6B6AA5240CB96F6178B763D40
"Bhadu Filling Station, CNG, PETROL, DIESEL & Lubricants.",29.4012241,75.5611483,,"NH 9 Delhi to Sirsa Road, Badopal",0101000020E61000002F2D8FDAE9E35240F6DD639FB6663D40
HCG CNG Station,29.188693,75.5065748,,"Hisar Ghurshal Road, Taluka, Village, Kabrel, Hisar",0101000020E610000093BEB5B86BE05240F0FB372F4E303D40
"Bharat Petroleum, CNG Pump -Ganga Dhar Mohanlal",29.190591,74.7736931,,"NOHAR,RLY STN ROAD,HANUMAN, HANUMANGARH",0101000020E61000000469103084B1524075E95F92CA303D40
Murti SahabRam CNG Pump,29.4761102,75.5019908,,"Plot No 98, Hisar Rd, near power grid, Fatehabad",0101000020E61000002539059E20E05240C24AAA5BE2793D40
Badopal hp cng station,29.4015078,75.560862,,"NH9 India, near Bhadu filling Station, Badopal",0101000020E61000006DE4BA29E5E35240C3161637C9663D40
HARYANA FILLING STATIONcng,29.0683157,75.4902038,,"MDR107, Balsamand",0101000020E6100000FF57C27F5FDF5240A84D41237D113D40
Haryana City Gas CNG Station,29.1032753,75.8505497,,"Shaheed Mahabir Singh Filling Station, Hisar-Delhi Bypass Rd, Hisar",0101000020E6100000D94702686FF652400EFC0340701A3D40
ADANI CNG PUMP,28.6167221,76.229274,,"Power House, Dadri - Bhiwani Rd, near Charkhi, Charkhi, Charkhi Dadri",0101000020E6100000AEF4DA6CAC0E53406F38E27FE19D3C40
shri krishan filling station and online cng station,29.3315039,76.3705424,,"safidon road VPO nirjan, Jind",0101000020E6100000027278F7B617534018FF8870DD543D40
HCG CNG Station,29.0405887,76.1444188,,"NH-10(New NH-9, Taluka, Banda Heri, Hansi",0101000020E61000005DBB59283E09534050166305640A3D40
CNG Pump Station Adani Gas Bhiwani near Anaj Mandi Police station,28.7840989,76.1227531,,"Q4MF+J4J, Achina - Bhiwani Rd, New Auto Market, Dadri, Devsar, Bhiwani",0101000020E6100000E37ED12FDB0753405F549CB4BAC83C40
Ram Krishan CNG Filling Station,28.9136421,76.0643021,,"Lohari Jatu, Bhiwani",0101000020E61000001B248E861D045340AFBFDB72E4E93C40
HCG CNG Station,29.1076774,75.7890082,,"CGS, Ladwa",0101000020E6100000A7D13F1C7FF25240B084FFBE901B3D40
Hindustan Petroleum CNG Station,29.2923118,76.3938419,,79RV+WGX,0101000020E6100000D912A8B434195340223C35F2D44A3D40
G.D.PETRO BPCL CNG STATION,28.8994215,76.5557666,,"VHX4+Q86, Delhi Rd, HSIIDC Industrial Area, Rohtak",0101000020E610000062CD12AE91235340BBD1C77C40E63C40
"Bharat Petroleum, Petrol CNG Pump -Geet Filling Station",28.8244519,76.314384,,"KHARAK KHURD,KHA BHI RD,BH, Bhiwani",0101000020E6100000AF9811DE1E14534004A09B470FD33C40
HCG CNG Station,29.2895634,75.6498134,,"10, Hisar Bypass Rd, Defence Colony, Hisar",0101000020E61000002A60F18A96E952405A1EB5D3204A3D40
BPCL CNG & FUEL STATION,28.9066481,76.2563013,,"W744+MG, Sisar Khas",0101000020E6100000075B913D67105340057B02171AE83C40
CNG pump Singla Filling Station,28.8148125,76.3480625,,"R87X+W6, Kherari, Kharak Khurd",0101000020E6100000B29DEFA7461653403BDF4F8D97D03C40
HCG CNG Station,29.3291705,75.8430139,,"Nirwana Road, Bichpari, Hisar",0101000020E6100000B3A492F0F3F55240D74E948444543D40
HCG CNG Station,29.1012431,75.6853278,,"Khesar Petro Care (HPCL)- Village- Gangwa Vpo, Pali- Ambala RD, NH65, Gangwa, Hisar",0101000020E610000089022269DCEB524017725B11EB193D40
Krishna CNG Filling Station (K-CNG),29.3487754,76.3029954,,"KH No 1187/1/1, NH -352, Ahirka, Jind",0101000020E6100000A975D146641353403AA6385849593D40
HCG CNG Station,29.1195723,75.7862655,,"Hisar Southern Byp, Industrial Area, Hisar, Satrod Khas",0101000020E6100000471E882C52F25240EC014E4A9C1E3D40
HCG CNG Station,29.1172345,75.6991683,,"NH52, Azad Nagar, Gangwa, Hisar",0101000020E610000098B9652CBFEC524081768714031E3D40
RJ HALWASIYA BROTHERS CNG (Adani Gas),28.7738794,76.1119965,,"To, Loharu Rd, near Mahindra Showroom, Bhiwani",0101000020E61000000E315EF32A075340500CDAF51CC63C40
S4 Salasar Filling Station. CNG station,29.3353058,76.3570855,,"89M4+PJ, Teg Bahadurpur",0101000020E61000000D18247DDA165340BC28D599D6553D40
Kesar filling station Sarsod CNG Station,29.3120675,75.826403,,"8R6G+RHC, Hisar - Tohana Rd",0101000020E61000003E9468C9E3F45240FDA4DAA7E34F3D40
HP PETROL/CNG PUMP - AZAD PETROLEUM,29.37495,76.33802,,"98GQ+8J2, Village: Kandala Kaithal Road, Jind Dist: Jind, Jind",0101000020E61000003659A31EA21553409CA223B9FC5F3D40
Shri mata vaishno devi fuel & CNG station,28.9069349,76.2559815,,"W744+Q9H, Meham to bhiwani road, SH 16A, Meham",0101000020E610000063B83A0062105340DD19B7E22CE83C40
HCG CNG Station,29.0353199,75.7829029,,"Village Bhojraj Hisar Tosham, Kaithal, Rd, Hisar, Bhojraj",0101000020E610000063DCC3141BF25240E36597B90A093D40
Sankat Mochan Filling Station Hindustan Petroleum CNG pump,29.14875,76.395495,,"Karsola, Jind NH-71, Rohtak, Road, Jind, Julana",0101000020E6100000D1AE42CA4F195340AE47E17A14263D40
CNG fuel station,29.006676,76.393638,,"294V+RH, Nindana",0101000020E61000009F1D705D3119534008ABB184B5013D40
HCG CNG Station,29.3305614,75.9091894,,"Hansi - Barwala Rd, Daulatpur, Barwala Rural",0101000020E6100000ACB7BC2830FA5240EA5102AC9F543D40
Shree Krishna CNG Station (Online CNG),29.1025752,75.8452347,,"Mayar, Hisar",0101000020E6100000717C485318F652407361495E421A3D40
Shaheed Jasvir Filling Station & CNG BPCL,28.9557565,76.3202968,,"Rohtak NH-10, Hisar - Rohtak Rd, Delhi, Meham",0101000020E6100000DC4026BE7F1453407E703E75ACF43C40
HP CNG PETROL PUMP - HP AMANDEEP FILLING STATION,29.2825188,76.3263432,,"HPC Petrol & CNG Pump Near LPG Plant, Kishanpura, PO & Dist:, Rohtak Bypass Rd, Jind",0101000020E610000068D196CEE21453405281EE2653483D40
Cng pump,29.1484683,75.7216033,,"SANJHA TAXI STAN, Old Courts Commercial Complex, Lajpat Nagar, Hisar",0101000020E6100000E28B9BBF2EEE524023FEBC0402263D40
HCG CNG Station,29.13318,75.7536747,,"Ganpati Petro Care, Delhi Rd, Industrial Area, Hisar",0101000020E6100000A614CF343CF05240357BA01518223D40
HCG CNG Station,29.0362723,76.1532184,,"VPO Bhandheri, Bhanderi Teshil, Hansi",0101000020E61000004F498C54CE0953402E40362449093D40
CNG,28.6168458,76.229365,,"Haryana 127309, India",0101000020E6100000367689EAAD0E5340CAAC399BE99D3C40
"SHIV SHAKTI ADANI CNG PUMP, TIGRANA BHIWANI",28.8560584,76.1288498,,"V44H+CGH, Tigrana",0101000020E610000027463B133F0853405177AFA426DB3C40
152D CNG Pump,29.0084213,76.3941176,,"Rest area, National Highway 152D, 152 d, Nidana",0101000020E6100000CBB1063939195340FD16F8E527023D40
HCG CNG Station,29.1132294,75.9575734,,"AGGARWAL PETROLEUM, NH 148B, Barwala Bypass Road, Four Qutub Area, Hansi",0101000020E61000004021F1E148FD52401AF2199AFC1C3D40
Ashirwad filling station& CNG,28.9220994,76.5603706,,"NH352, Bishanpura, Rohtak",0101000020E6100000F428A61CDD23534046A9CEB40EEC3C40
Guru Kirpa Auto Care HPCL & CNG Station,29.0353097,75.7830147,,"Village Bhojraj Hisar Tosham, Kaithal - Hisar Rd, Bhojraj",0101000020E61000006232B0E91CF2524048BB760E0A093D40
Devsariya Filling Station Bharat Petroleum Petrol Pump and CNG,28.8389747,76.418701,,"RCQ9+HFP, NH709, Kalanaur Kalan",0101000020E61000005C7347FFCB1A5340E2ABC20BC7D63C40
Petrol Pump and HCG CNG,29.1295302,75.7199787,,"4PH9+RX9, Kaimari Rd, Vinayak Nagar, Patel Nagar, Hisar",0101000020E610000043948A2114EE524027D824E428213D40
CNG & Petrol Pump,29.099719,75.8994458,,"Hisar Southern Byp, Depal, Hansi",0101000020E610000092E11D8590F9524032CA332F87193D40
CNG FILLING STATION,29.3282598,75.8424786,,"8RHR+8X5, Ambala - Hissar Rd, Barwala",0101000020E61000001DA55C2BEBF552406D9791D508543D40
"Bharat Petroleum, Petrol Pump -Shaheed Jasvir Filling Station CNG",28.9643187,76.2959929,,"MEHEM,ROHTAK RD MEM GVT SC, ROHTAK",0101000020E61000004956348CF1125340D66B1F97DDF63C40
"Keshav Filling Station, CNG, BIBIPUR",29.2440534,76.269752,,"V&PO Bibipur Jind Bhiwani Road, SH 14",0101000020E6100000F581E49D43115340447A9B487A3E3D40
BPCL Petrol Pump & CNG Pump - Shri Maruti Nandan Filling Station - Bharat Petroleum - BPCL CNG/petrol/Diesel,28.9775255,76.5292114,,"jind road, Rohtak, Titoli",0101000020E6100000E7EA7D99DE2153408C81751C3FFA3C40
Haryana Agro Petrol Pump & CNG Pump,29.1724843,75.7145245,,"NH 10, Sector 14, Hisar",0101000020E610000035ECF7C4BAED5240CE925BEE272C3D40
"Hindustan Petroleum Petrol, Diesel,CNG",29.3447807,76.4116342,,"Safidon Rd, Bania Khera, Barsana",0101000020E610000091BAF836581A5340C0CA468C43583D40
Indraprastha Gas Limited CNG Station,28.6087532,77.2526082,,"Behind Old Fort Ring Road, I.P. Park Ring Road New Delhi, Nagla Machi, CENTRAL DELHI",0101000020E6100000E46C95BB2A505340D955ED3FD79B3C40
Indraprastha Gas Limited CNG Station,28.6184505,77.2486557,,"Pragati Maidan (Ip Estate) W.H.O.Bldg I P Estate , Opp. By Pargati Pawer Station, Indraprastha, New Delhi",0101000020E6100000B2DD98F9E94F5340E2B19FC5529E3C40
CNG Station Vivek vihar,28.66642,77.3075561,,"Block C, Surajmal Vihar, Delhi",0101000020E6100000DCCBC7FFAE5353407B6649809AAA3C40
Indraprastha Gas Limited CNG Station,28.6703197,77.4325483,,"MCCM+42M, Maliwara, Nehru Nagar, Ghaziabad",0101000020E61000002F9C10DFAE5B5340525D65129AAB3C40
Indraprastha Gas Limited CNG Station,28.6311106,77.2056374,,"J6J4+C7R, Bhai Vir Singh Marg, near Gole Market, Sector 4, Gole Market, New Delhi",0101000020E610000068F5C429294D5340B028DB7690A13C40
Indraprastha Gas Limited CNG Station,28.6889048,77.1040655,,"M4Q3+HJ8, Rd Number 42, Block C2, Co-operative Group Housing Societies Pitampura, Pitampura, Delhi",0101000020E610000015C95702A9465340B30EA2105CB03C40
Indraprastha Gas Limited CNG Station,28.7429165,77.4836156,,"Opposite HLM College PO Muradnagar, Dist, Duhai, Ghaziabad",0101000020E61000007775D88EF35E5340A62897C62FBE3C40
Indraprastha CNG Station Dheerpur,28.7211615,77.2174045,,"Outer Ring Rd, Gandhi Vihar, Gopalpur Village, Delhi",0101000020E6100000356090F4E94D534062A2410A9EB83C40
Indraprastha Gas Limited CNG Station,28.66687,77.4814973,,"MF8J+PHX, Delhi - Meerut Expy, Avantika Extension, Mahagunpuram, Ghaziabad",0101000020E610000030270DDAD05E5340FBAE08FEB7AA3C40
Indraprastha Gas Limited CNG Station,28.6759907,77.0944656,,"Out Ring Road, Near Milansaar Appartment, Dda Mig Flats, New Delhi",0101000020E610000036A671B90B46534070E6FCB90DAD3C40
Indraprastha Gas Limited CNG Station,28.7011216,77.4101065,,"PC26+C2X, Sehani Khurd, Ghukna, Ghaziabad",0101000020E61000002158552F3F5A5340EA8486B47CB33C40
Zaildar CNG Station,28.6753086,76.9365444,,"Najafgarh Bahadurgarh Rd, Bank Colony, Arya Nagar, Bahadurgarh",0101000020E61000002050EC57F03B534022B53F06E1AC3C40
IGL Indraprastha Gas Limited CNG Pump,28.6545462,77.346402,,"299/2 Prahladgarhi, Sector 9, Vaishali, Ghaziabad",0101000020E610000037514B732B56534098B8FA5690A73C40
CNG PUMP,28.6184576,77.1054773,,"Tihar Jail, Shaheed Bhagat Singh Marg, Block EC, Maya Enclave, Hari Nagar, New Delhi",0101000020E61000001B7EDC23C046534070F6BD3C539E3C40
Indraprastha Gas Limited CNG Station,28.6617659,77.3005125,,"Vishwas Nagar Extension, Vishwas Nagar, Shahdara, New Delhi, Delhi",0101000020E610000082E2C7983B535340A61B727D69A93C40
Indraprastha Gas Limited CNG Station,28.6905152,77.4850713,,"Block I, G-Block, Govindpuram, Ghaziabad",0101000020E61000009B6E7E680B5F53401264A99AC5B03C40
Indraprastha Gas Limited CNG Station,28.6556039,77.2993483,,"Cross River Mall, Near, Karkardooma, Shahdara, New Delhi",0101000020E61000003FA7C585285353404BA13DA8D5A73C40
Indraprastha Gas Limited CNG Station,28.6444259,77.1988083,,"SS(BPCL, C/o, Bagga Link Rd, New Delhi",0101000020E610000018AB7246B94C534004328518F9A43C40
Indraprastha Gas Limited CNG Station,28.6724019,77.1524968,,"Rohtak Road Near Ashoka Park Main Metro Station, Rampura, Golden Park, New Delhi",0101000020E6100000A82FF081C2495340AD44EA8722AC3C40
Indraprastha Gas Limited CNG Station,28.6503283,77.2684244,,"W 102, Geeta Colony Rd, Taj Enclave, Geeta Colony, New Delhi, Delhi",0101000020E6100000B3DC88DD2D515340CD295CEA7BA63C40
Indraprastha Gas Limited CNG Station,28.6676111,77.0874867,,"Opp. Bosco Public S, Sunder Vihar, Paschim Vihar, adjoining BPCL Petrol Pump, New Delhi",0101000020E610000070D5D0619945534053F2A08FE8AA3C40
Indraprastha Gas Limited CNG Station,28.6634087,77.0073478,,"M274+9W9, Shaheed Chander Shekhar Aazad Marg, Pocket A, Lok Nayak Puram, Bakkarwala, Delhi",0101000020E6100000A52CE86278405340C3610E27D5A93C40
THINK Gas CNG Station - Shiv Filling Station,28.9133521,77.2395674,,"W67Q+8P, Pali",0101000020E6100000040C8112554F5340A13B7771D1E93C40
Indraprastha Gas Limited CNG Station,28.6668591,77.0921058,,"C/o CHANKYAPURI(IOCL), Road No.26, Pachim Vihar, Outer Ring Road, New Delhi",0101000020E610000067B1B90FE54553403D8A2947B7AA3C40
Indraprastha Gas Limited CNG Station,28.6700343,77.2264246,,"New, Central, Ludlow Castle, Civil Lines, New Delhi, Delhi",0101000020E6100000A2009BBD7D4E5340C1B22D5E87AB3C40
Indraprastha Gas Limited CNG Station,28.7277578,77.1424984,,"P4HR+4X5, Block A, Sector 19, Rohini, Delhi",0101000020E6100000DEEE9BB11E495340AE68CE554EBA3C40
OM FILLING STATION - CNG Station In Jakhoda - CNG Station In Bahadurgarh,28.7190464,76.8787363,,"Old, Delhi - Rohtak Road Jakhoda, opp. HSIIDC, Sector 17, Bahadurgarh",0101000020E6100000B7932D373D385340794EC46C13B83C40
Shriom CNG Station,28.9231112,77.0773633,,"W3FG+6W5, Levan, Sonipat",0101000020E610000048DA3285F34453404292FE0351EC3C40
Indraprastha Gas Limited CNG Station,28.7177689,77.0663529,,"P398+4G4, Begampur Extension, Sector 22, Rohini, New Delhi, Delhi",0101000020E6100000AADF3B203F445340FD95DFB3BFB73C40
CNG Filling Station,28.6328479,77.2015611,,"19/4A, Old Ramakrishna Ashram Marg, Edward Square, Gole Market, New Delhi",0101000020E610000055298760E64C5340A0D7E95102A23C40
Indraprastha Gas Limited CNG Station,28.6085582,76.953409,,"MADHAV FUELS, IOCL Village Mithraon, C/o, Main Gopal Nagar Rd, Basco Colony, Arya Nagar, Najafgarh, New Delhi, Delhi",0101000020E610000092AD2EA7043D53406FB65E78CA9B3C40
GAIL Gas CNG Station,29.0037858,76.9891695,,"Sonipat Gohana Rd, Mayur Vihar, Sector 21, Sonipat",0101000020E6100000D82C978D4E3F53406F302F1BF8003D40
Indraprastha Gas Limited CNG Station,28.6138691,77.2919539,,"B, 9, Patparganj Rd, near Temple, South Extension I, Patparganj, Mayur Vihar, New Delhi, Delhi",0101000020E6100000231C695FAF52534063867C86269D3C40
Indraprastha Gas Limited CNG Station,28.8373862,77.1296383,,"Plot No. 38/17/1/2&38/14/2 Khampur, GT Karnal Rd, Nh 1, Narela",0101000020E6100000C7B370FE4B485340291F27F15ED63C40
Indraprastha Gas Limited CNG Station,28.6524382,77.1562297,,"Sardar Patel Road, Main Patel Rd, opp. by Shadipur Depot, Patel Nagar, New Delhi",0101000020E61000007D0ADBAAFF4953403EA99B3006A73C40
Indraprastha Gas Limited CNG Station,28.6328973,77.3510342,,"Nyay Khand I, Indirapuram, Ghaziabad",0101000020E6100000C331265877565340093AB58E05A23C40
Indraprastha Gas Limited CNG Station Rohini sector 21,28.7127465,77.0634879,,"Rohini Sec 21 Rd, near Shivam Plaza, near Ganga International School, Sec 21, Rohini, DELHI, Delhi",0101000020E6100000458C8D2F10445340A6D6FB8D76B63C40
Indraprastha Gas Limited CNG Station,28.6731943,77.2781821,,"90, Grand Trunk Rd, New Seelampur, Shahdara, Delhi",0101000020E610000049754BBCCD515340865A2E7656AC3C40
Indraprastha Gas Limited CNG Station,28.6301406,77.4342648,,"JCJM+75C, Crossing Republic-1 Near Police Chowki Goal Chakkar, Crossings Republik, Ghaziabad",0101000020E6100000747396FECA5B5340BFE1F4E450A13C40
Indraprastha Gas Limited CNG Station,28.631762,77.468231,,"Lal Kuan, Ghaziabad",0101000020E61000004CFE277FF75D534005DB8827BBA13C40
Indraprastha Gas Limited CNG Station,28.6189032,77.1126993,,"near Junk Market, Delhi Milk Sscheme Colony, Block F, Phase -2, Mayapuri, NEW DELHI, Delhi",0101000020E61000000EF21F7736475340C663AB70709E3C40
Central Up Gas Limited CNG Station,28.7938467,77.5343179,,"QGVM+9Q, Sadabad Jakhaiva",0101000020E6100000B78AB443326253409B898E8939CB3C40
Indraprastha Gas Limited CNG Station,28.7055806,77.1854193,,"Model Town, near Chhatarsaal Stadium, New Delhi",0101000020E61000000663E9E8DD4B53402BB121EEA0B43C40
Indraprastha Gas Limited CNG Station Rohini sector 30,28.757063,77.0896582,,"Q34Q+RV2, Sector 30, Rohini, Delhi",0101000020E61000005E34BFF5BC455340FB027AE1CEC13C40
Prime CNG Filling Station,23.0255183,91.3658783,,"29G8+693, Feni City Bypass",0101000020E61000003B34D18C6AD7564014F3075E88063740
Indraprastha Gas Limited CNG Station,28.7344456,77.3216526,,"P8R7+8QH, nahar, Tila Shahbazpur, Loni, Ghaziabad",0101000020E6100000186BC9F495545340ECB078A004BC3C40
GAIL Gas CNG Station,29.0145664,77.0479223,,"Vikash Nagar, Jeevan Vihar, Sonipat",0101000020E6100000F1CFB12811435340D69EA39FBA033D40
Indraprastha Gas Limited CNG Station,28.6306991,77.1112787,,"C/o SAKSHAM (BPCL), Beriwala Bagh,, Hari Nagar, near DDU Hospital, New Delhi",0101000020E6100000734FB2301F475340DC1D087F75A13C40
Indraprastha Gas Limited CNG Station,28.6589756,77.1828679,,"Millatry Road, near by MCD office Karol Bagh, Block 26 B, Dev Nagar, Anand Parbat, New Delhi, Delhi",0101000020E61000003F7F901BB44B5340ABDCFA9FB2A83C40
Indraprastha Gas Limited CNG Station,28.6764856,77.3142879,,"Grand Trunk Rd, near JHILMIL METRO, Block R, Dilshad Garden, Delhi",0101000020E6100000D301FF4A1D545340063708292EAD3C40
Indraprastha Gas Limited CNG Station,28.7011993,77.0921471,,"P32R+FVC, Kanjhawala Rd, Pocket C, Sector 1, Rohini, Delhi",0101000020E6100000F63AF3BCE5455340647A1DCC81B33C40
"Hindustan Petroleum, Petrol Pump and CNG station - Mahaluxmi Filling Station",28.6877748,77.3722102,,"RO NEAR LONI INDUSTRIAL AREA,GZB, Sahibabad, Ghaziabad",0101000020E6100000350FBB4AD25753405003610212B03C40
Indraprastha Gas Limited CNG Station,28.623394,77.10173,,"C/o SPEEDWAYS, JAIL ROAD, near Hari Nagar Dtc Depot, New Delhi",0101000020E61000006AC18BBE82465340CB85CABF969F3C40
Indraprastha Gas Limited CNG Station,28.675027,77.2628914,,"Shastri Park, Shahdara, Delhi",0101000020E610000094597336D3505340C0EAC891CEAC3C40
"CNG Station, Punjabi Bagh",28.662718,77.1295615,,"M47H+3RM, West Punjabi Bagh, Punjabi Bagh, New Delhi, Delhi",0101000020E6100000865451BC4A485340757808E3A7A93C40
Indraprastha Gas Limited CNG Station Rohini sector 27,28.7582557,77.1110832,,"Q456+7CX, Sector 27, Rohini, Delhi",0101000020E6100000A4C8B5FC1B4753406E81A90B1DC23C40
IOC Petrol Pump & CNG Station,29.2967504,77.4275073,,"Uttar Pradesh 251309, India",0101000020E6100000481394475C5B53402E138FD5F74B3D40
Bawana 5 CNG Pump,28.8055469,77.0743945,,"R34F+6Q6, DSIIDC Industrial Area, Sector 5, Holambi Khurd, Delhi",0101000020E6100000252026E1C2445340E9E4565238CE3C40
IGL CNG Station Loni Road,28.6966127,77.291459,,"Loni Rd, opposite Vinay Bakery, Kardam Puri Extension, Kardam Puri, Shahdara, New Delhi, Delhi",0101000020E6100000FE47A643A75253406F7ABC3555B23C40
GAIL GAS CNG : PERFECT FILLING STATION,29.0620716,77.063813,,"52, km stone, GT road, opposite Sukhdev Dhaba, near Gurunanak Institute of Higher Education, Sonipat",0101000020E6100000D1031F8315445340A902A4ECE30F3D40
Syana cng pump,28.6279101,78.0609138,,"J3H6+597, Siyana",0101000020E610000001B8FE02E6835340FE5360B7BEA03C40
GAIL Gas CNG Station,28.968521,77.7367967,,"XP9P+CM4, CCS University Rd, Mangal Pandey Nagar, Ramgarhi, Meerut",0101000020E61000003F9358AD276F53403D7D04FEF0F73C40
GAIL Gas CNG Station,29.0447222,77.6971514,,"2MVW+VVJ, Queensland Park Colony, Modipuram, Meerut",0101000020E610000014D7E7209E6C5340B96702EA720B3D40
GAIL Gas CNG Station,29.0364763,77.6767827,,"2MPG+HQJ, Nangla Tashi, Meerut",0101000020E6100000E9BF6268506B53403F94C38256093D40
GAIL Gas CNG Station,28.9699837,77.6520176,,"Rishi Nagar, Meerut",0101000020E6100000A61A07A8BA69534030270DDA50F83C40
HAYAT PETROL & CNG STATION,29.1197944,78.2750594,,"479G+W27, SH 51, Chandpur",0101000020E610000046DDBD929A915340733E86D8AA1E3D40
GAIL Gas CNG Station,28.9307028,77.6597659,,"WMJ5+6X6, Delhi Rd, near DN Polytechnic College, Block 4A, Sector 2, Partapur, Meerut",0101000020E610000006E1C09A396A5340AE4BE88942EE3C40
GAIL Gas CNG Station,28.9994584,77.7481326,,"XPXX+Q6X, B-Pocket, Krishna Garden, Ganga Nagar, Meerut",0101000020E610000093848E67E16F534066B67581DCFF3C40
GAIL Gas CNG Station,28.9444973,77.6796851,,"WMVH+RWV, Surya Palace Colony, Meerut",0101000020E61000000605EFF57F6B534009A93693CAF13C40
GAIL Gas CNG Station,29.030753,77.6771045,,"2MJG+7RV, Meerut",0101000020E61000005DDE1CAE556B5340FF40B96DDF073D40
GAIL Gas CNG Station,28.9338172,77.7283252,,"E Block, Lohia Nagar, Meerut",0101000020E610000092B64CE19C6E53403A71DEA40EEF3C40
IGL DODO TRIVANI CNG STATION,28.7616388,77.7779168,,"QQ6H+M53, Hapur - Kithore Rd, Dhir Khera",0101000020E610000093C08B63C97153405C5DA9C2FAC23C40
CNG OM FILLING STATION,28.6837425,78.0754696,,"M3MG+F5X, Garh - Siyana Rd, Sadarpur, Wahabpur Thera Ideva",0101000020E6100000E7F5717ED4845340A2629CBF09AF3C40
GAIL Gas CNG Station,28.9336068,77.7240075,,"WPMF+CJR, NH 34, Meerut",0101000020E6100000C2A38D23566E5340BE52F1DA00EF3C40
OM CNG FILLING STATION Indraprastha gas limited CNG Station,29.4000933,77.7003116,,"NH 58, to, Delhi - Haridwar Rd",0101000020E61000009BC0BEE7D16C534046D9B6836C663D40
GAIL Gas CNG Station,29.0026596,77.6472559,,"NH58, Meerut",0101000020E610000028A902A46C6953403C05AF4CAE003D40
Indraprastha Gas Limited CNG Station,29.3170797,77.7232752,,"NH-334, Khatauli Bypass, Vill, Bhainsi",0101000020E6100000818010244A6E5340BAB99D222C513D40
CNG Pump,29.1690059,78.3904074,,"599R+H5R, Bijnor - Moradabad Rd, Asadpur Dhamdauli",0101000020E610000073C7516FFC985340BF547DF8432B3D40
GAIL Gas CNG Station,28.8946577,77.6220771,,"VJVC+VRJ, Mohiuddinpur",0101000020E6100000CB05781CD0675340559D7A4908E53C40
SIROHI CNG STATION,29.3942167,77.701614,,"9PV2+MJQ, Nara, Jarouda, Muzaffarnagar",0101000020E61000009C1A683EE76C53407C09BA62EB643D40
Indraprastha Gas Limited CNG Station,28.7489742,77.7693075,,"Budhana Rd, Sanjay Colony, Hapur",0101000020E6100000524486553C7153403A8CEEC5BCBF3C40
IGL CNG STATION,29.1837214,77.9536868,,"Vill samaspur, Mawana Bypass, NH119, Meerut",0101000020E61000001F285C34097D534049939C5D082F3D40
Narayan energies Gail gas CNG pump,29.0374071,77.7888358,,"2QQQ+8HF, Muzaffarnagar Saini, Saini",0101000020E61000007FBA26497C7253406123FF8293093D40
CNG pump,29.1736624,77.7165341,,"5PF8+FJ7, Sakoti, Ruhasa",0101000020E6100000017ED7B1DB6D53407D8B9823752C3D40
Nayara Petrol Pump and CNG Station,28.6990178,77.6087281,,"NH-24, Hapur Rd, near Mother Dairy Plant",0101000020E6100000FF69B466F566534066529ED4F2B23C40
CNG Pump IGL,29.4300583,77.731265,,"CPJJ+2GC, Muzaffarnagar",0101000020E610000067EDB60BCD6E534094DFFD4C186E3D40
IGL CNG Pump Pilkhuwa (CNG),28.7048733,77.6397285,,"40.6 KM stone, NH-24, Hapur Rd, Mohan Nagar Colony, Pilkhuwa",0101000020E61000006D74CE4FF1685340D7529B9372B43C40
MARWARI CNG STATION,28.9236946,77.6409823,,"07, Royal Kunj, Partapur, Meerut, Aminagar Urf Bhurbaral",0101000020E610000027F49FDA05695340E77DD23F77EC3C40
cng pump,29.4179127,77.6995237,,"CM9X+5R6, Vehalna",0101000020E6100000B9910DFFC46C53404315A353FC6A3D40
GAIL Gas CNG Station,28.951069,77.6411533,,"Sushant City, Sector - 3, Ansal's Sushant City, Meerut",0101000020E61000003DCED9A7086953404B3D0B4279F33C40
TPN IGL CNG Station hapur,28.7207594,77.7272379,,"opposite for Hyundai, Hapur",0101000020E61000005A3AD5108B6E5340DA4823B083B83C40
CNG JAIBHEEM FILLING STATION,29.3742876,78.1542361,,"JAIBHEEMFILLING STATION, Ring Rd, Bijnor",0101000020E610000035571701DF8953405F4CE94FD15F3D40
HP Petrol and CNG pump,28.9596604,77.7483153,,"sector-5, jagriti vihar, Jagrati Vihar, Meerut",0101000020E61000002C26DB65E46F53402B44D14DACF53C40
GAIL Gas CNG Station,28.9404658,77.77448,,"Village kamalpur, Garh Rd, Meerut",0101000020E6100000FDD98F1491715340A801DE5DC2F03C40
cng pump meerut,28.9305288,77.6598973,,"WMJ5+6X6, Block 4A, Sector 2, Partapur, Meerut",0101000020E6100000FF8DE2C13B6A534073FCAB2237EE3C40
"Bharat Petroleum Petrol Pump & CNG Station, OM MOTORS",28.746331,77.727715,,"KHASRA NO. 417, Hapur - Modinagar Rd, VILLAGE BADALI, Hapur",0101000020E6100000C173EFE1926E5340B1FD648C0FBF3C40
HP PETROL CNG PUMP - TOURIST SERVICE CENTRE,29.4300344,77.7312091,,"Delhi Dehradun Highay, NH 58, Village Jaroda, Meerut",0101000020E610000068C24021CC6E5340AD2704BC166E3D40
Cng Pump,28.7124203,77.6756573,,"24, National Highway, Duhri, Pilkhuwa",0101000020E61000006FB31DF83D6B5340AB81412D61B63C40
Bharat Petroleum And CNG Station,28.8724236,77.6045126,,"VJC3+XR6, Govindpuri, Modinagar",0101000020E610000047C19D55B066534033422E2757DF3C40
IGL Cng Pump,28.7212244,77.7263745,,"PPCG+FGQ, Hapur Bypass Rd, Girdhari Nagar, Hapur, Tatarpur",0101000020E61000007F8978EB7C6E5340C5138B29A2B83C40
CNG Pump Indraprastha Gas Limited,28.6138003,77.6101919,,"JJ76+G3G, Uncha Amirpur",0101000020E61000002FB253620D67534066C63604229D3C40
Indraprastha Gas Limited CNG Station,28.6987462,77.6031309,,"C/o NCR Filling Station,, Khasra No.143, Village;-Lakhan, N.H-24, HAPUR",0101000020E610000040AD58B2996653404B34ED07E1B23C40
CNG pump,29.437721,77.7365783,,NH334,0101000020E61000005F5C4F19246F5340BDC5C37B0E703D40
HP CNG and PETROL PUMP - RAJSHREE FUELS HP,28.9932683,77.6516413,,"HP Petrol Pump Near Rohta Road Crossing, Rohta Road Village Shobhapur, Meerut",0101000020E6100000440EB67DB46953404DA7D0D446FE3C40
Bharat petroleum petrol cng pump &Santosh filling station,28.7608285,77.7755019,,"Mawana-Kithaur-Hapur Marg, Hapur",0101000020E6100000189FB8D2A17153405F5D15A8C5C23C40
IGL CNG station,29.4709209,77.7512427,,"RTO, Muzaffarnagar, Mustafabad",0101000020E6100000F6F6425C14705340BD80A8458E783D40
CNG FILLING STATION KHATAULI,29.3093787,77.7290493,,Bhainsi,0101000020E6100000FD2A65BEA86E534039944671334F3D40
"Cng Pump, Garh",28.7812227,78.0713719,,"Q3JC+FGQ, Badarkha",0101000020E61000009E16725B918453409064FB35FEC73C40
Bharat Petroleum +CNG,29.1819008,77.718178,,Sakoti,0101000020E61000003AADDBA0F66D5340C21D030D912E3D40
Bharat Petroleum & Raj Auto CNG,28.7812847,78.0713597,,"NH9, Siyana, Garh Mukteshwar, Badarkha",0101000020E610000027704628918453407C5D2B4602C83C40
CNG PUMP,29.3398433,78.2250126,,"86QG+V38, Bijnor - Nehtaur Rd, Jhalu",0101000020E6100000078C3F9B668E5340C44373F8FF563D40
Indraprastha Gas Limited CNG Station,28.7709134,78.0977518,,"Vibhor service Station, Hapur",0101000020E61000000208C49041865340550CA1945AC53C40
HP PETROL CNG PUMP - SHYAM FILLING STATION,29.3905,78.1727,,"HPC Petrol Pump Bijnor - Kotwali Road Deeda Nagla, Dist: Bijnor, Meerut",0101000020E61000003B014D840D8B53408716D9CEF7633D40
Ram Filling Station HP CNG- Petrol Pump,29.3075498,78.5204018,,"SH-49 Dittanpur, Dhampur",0101000020E6100000E4F159434EA153402FE46C95BB4E3D40
HP PETROL PUMP CNG PUMP - KIRATPUR AUTOMOBILE FILLING S,29.4946283,78.1981965,,"NH-34, Bijnor - Najibabad Rd, Kiratpur",0101000020E6100000A06B5F40AF8C5340132DD4F59F7E3D40
Bharat petrol Pump cng pump,28.7117429,77.6409773,,"PJ6R+M9X, Partapur Rd, near Rajkumar Goel Engineering College, Fatak, Pilkhuwa",0101000020E61000009E3EA7C50569534003A95EC834B63C40
"Bharat Petroleum, CNG Petrol Pump",29.395597,77.7864354,,"SIKHERA,JANSATH ROAD, Muzaffarnagar",0101000020E6100000ABDA24F5547253404D6551D845653D40
Rajpura Filling Station Bharat Petroleum CNG Filling Station also working,29.961573,74.1989352,,"Rajpura, Fazilka, SH-16, Fazilka Road, Abohar, Abohar",0101000020E61000007C81B45ABB8C524074B7EBA529F63D40
"Bharat Petroleum CNG PUMP , BHAWANI FILLING STATION",29.635312,74.03946,,"PO, 24 Jrk, Goluwala",0101000020E610000003603C8386825240A0C1A6CEA3A23D40
"BPCL CNG STATION,HANS RAJ MIDDHA FUELS",30.1233519,74.1896649,,"Kandhwala Rd, near DR resort 0, Abohar, Azimgarh",0101000020E6100000BEAC3F78238C5240436678FD931F3E40
Ridhi Sidhi Fuel Station (CNG) Bharat Petroleum,29.8870625,73.8931875,,"Suratgarh Hanumangarh Bypass, Ramdev Colony, Hanumangarh, Sri Ganganagar",0101000020E61000008B6CE7FB297952400C022B8716E33D40
Chhokra Petroleum BPCL CNG,30.3598511,74.219909,,"Mahuana Bodla Rd, Mahuana Bodla",0101000020E610000026C632FD128E5240FCEDA1331F5C3E40
"Kumar Brothers - Bharat Petroleum, CNG Pump",29.6092134,74.2959717,,"HANUMANGARH JUNCTION,FLY O, Hanumangarh",0101000020E6100000A8024933F1925240F448CD68F59B3D40
Manes PETROL DIESEL & CNG PUMP - OASIS HP OIL JUNCTION,30.061803,74.60373,,"Hpcl Petrol Pump Village Lambi Malout Dabwali Road, Bhathinda",0101000020E61000004D672783A3A6524071CB4752D20F3E40
Dashmesh Pita Filling Station (CNG) Bharat Petroleum pump,29.962268,74.1948288,,"Rajpura, Fazilka, SH-14, Fazilka Road, Abohar, Abohar",0101000020E610000069143713788C5240C2FC153257F63D40
Bhamba Enterprises CNG,29.9638593,74.2393092,,"X67Q+CGG, Vpo, Dodewala",0101000020E610000071E888D7508F52400972AB7BBFF63D40
"Bharat Petroleum,CNG Petrol Pump -Sufi Sanjeev Highway Services",30.4806114,74.0995177,,"BAEHK KHAS ON FAZILKA ROAD, Fazilka",0101000020E6100000E2B77C7F5E865240B4154559097B3E40
Saiyad Wala Filling Station BPCL CNG,30.118683,74.107157,,"Saiyad Wala, Fazilka SH-15, Shri Gangranager, Road, Fazilka",0101000020E610000066A208A9DB86524057975302621E3E40
BPCL Petrol Pump CNG - BP Maujgarh,30.0689425,73.9951899,,"National Highway 15, Maujgarh",0101000020E6100000CF73FA30B17F5240F2CD3637A6113E40
BPCL Petrol Pump (CNG) - Rehmat Corporation,29.876598,73.9223175,,"Unnamed Road, 3Ml",0101000020E6100000D3C1FA3F077B524030BDFDB968E03D40
Burjmohar Petro Centre BPCL CNG Pump,30.180803,74.1722796,,Abohar Rural,0101000020E610000026F103A1068B5240C904FC1A492E3E40
Srikaranpur Agro Service (CNG) Bharat Petroleum corporation Limited,30.0220186,73.9250487,,"NH 62, Usman Khera",0101000020E6100000456D76FF337B524059E7CE02A3053E40
BPCL Usmankhera Filling Station (CNG) Bharat Petroleum,29.97738,73.900646,,"Fazilka, NH-15, Fazilka Road, Fazilka, Fazilka",0101000020E61000007CD11E2FA4795240B5C35F9335FA3D40
Gujarat Gas CNG Station,30.160119,74.9789429,,"Ground Floor, Jassi Chowk, Phus Mandi, Nacchatar Nagar, Bathinda",0101000020E6100000B1091F00A7BE5240DE770C8FFD283E40
Gujarat Gas CNG Station,30.1740163,74.9295413,,"5WFH+JPX, Lal Singh Nagar, Bathinda",0101000020E610000001F2CA9A7DBB52408F780D558C2C3E40
Gujarat Gas CNG Station,29.9099666,75.3637549,,"Ashwini filling station, Nangal Kalan",0101000020E6100000A0D0A1C247D75240CB733392F3E83D40
Gujarat Gas CNG Station,29.9971504,75.3992624,,"X9WX+RM4, Guru Arjun Dev Nagar, Khalsa, Mansa",0101000020E610000070A1E1838DD952407D31A53F45FF3D40
CNG PUMP AND HP PETROL PUMP - GODARA PETROLEUM,29.6622598,75.5637522,,"VPO Ratia Near Ratia Teshil Ratia-fatehabad Rd,ratia, Hissar",0101000020E610000013831B8414E452409C74B6DB89A93D40
ThinkGas CNG Filling Station,30.3698632,75.5457314,,"Pakka College Rd, Barnala",0101000020E61000009ED96443EDE2524071FECB5AAF5E3E40
Gujarat Gas CNG Station,29.7036738,75.2390734,,"P63Q+FJ8, Sardulgarh",0101000020E6100000FC9584FA4CCF5240530D56F723B43D40
THINK Gas CNG Station,30.3324308,75.4971657,,"294//1/2, National Highway-07, Modern Auto Fuels Village Handiaya, Khata No.-369 Khasra No.-257, 20/21, Handiaya",0101000020E6100000598C1590D1DF5240E12E562F1A553E40
Devraj Fuels CNG PUMP,29.9802614,75.1001814,,"SH17, Talwandi Sabo",0101000020E6100000B82A3F5F69C65240FB873E69F2FA3D40
Petrol Pump CNG pump,30.2221948,75.0382346,,"Bathinda Rd, Bathinda",0101000020E6100000D724896F72C252405D5727C2E1383E40
ARC Cng Filling Station,30.309597,75.4987516,,"Khewat No 232, Khatoni No 357, SH13 Barnala, to, Mansa Road, Handiaya",0101000020E6100000F9B4D48BEBDF524091F0BDBF414F3E40
HP PETROL AND CNG PUMP - SETH HEMRAJ FLG STN,30.0890459,74.6920258,,"Bathinda Badal Road Kaljharani, Badal - Bathinda Rd",0101000020E61000003FBF94264AAC5240C7574CB6CB163E40
CNG HP PETROL PUMP - HANSRAJ SUDARSHAN KUMAR CNG pump,29.951665,74.726466,,"Mandi Dabwali Sirsa, Hissar",0101000020E6100000FBE93F6B7EAE524072BF4351A0F33D40
THINK GAS ONLINE CNG PUMP,30.4858639,75.5680775,,"FHP8+5QM, Barnala Rd, Sherpur",0101000020E6100000FB05BB615BE4524098CE9893617C3E40
️⛽️ Bharat Petroleum & CNG Petrolpump,30.5051273,74.8579627,,"Jaito Road Kotkapura, Romana Albel Singh",0101000020E6100000066C62DCE8B6524019D1D10550813E40
Bharat Petroleum Corporation Limited - Hind Motors Regd & CNG PUMP,30.3943042,75.4704245,,"Barnala - Amrotsar Bypass Road, NH 71, Barnala",0101000020E61000002DAF5C6F1BDE5240EAACBB1EF1643E40
CNG PUMP,30.193214,74.9525479,,"5XV3+72M, opposite EPFO, Guru Ki Nagri, Bathinda",0101000020E6100000E797778BF6BC52401D21037976313E40
Jaitu Oil Store Hindustan Petroleum CNG,30.434575,74.8897307,,"CVMQ+RWQ, Jaitu - Bathinda Rd, Jaito",0101000020E6100000D2AF0859F1B85240C1A8A44E406F3E40
CNG Online - Chahal Gas Station,30.3355491,75.5235568,,"NH7, Handiaya, Barnala",0101000020E61000004C6661F481E15240C6B3BA8BE6553E40
"HP PETROL PUMP, CNG - JAGDISH HP OIL LEHRA",30.2566916,75.1848837,,"Lehra Soundha Bathinda, Barnala Bypass, Rampura Phul",0101000020E610000010447122D5CB52406D286B8AB6413E40
Gujarat Gas Limited CGS,30.2521827,74.9118575,,"7W26+VPH, Guru Nanak Dev Thermal Power Plant Area, Bathinda",0101000020E610000030478FDF5BBA5240F21DA10B8F403E40
"Bharat Petroleum, Petrol Pump & Online CNG Station -M.M.Filling Station",30.1977829,74.9034255,,"MULTANI ROAD IN BATHINDA, Bathinda",0101000020E6100000D63730B9D1B9524042356FE6A1323E40
GUJARAT GAS Office,30.2448517,74.9336936,,Bathinda,0101000020E6100000021FCDA2C1BB5240B9DEDB99AE3E3E40
Torrent Gas CNG Station,30.313399,76.4204658,,"Torrent Gas CNG Station, at Ghalori H.P. Centre HPCL Station, Village Ghalori, Patiala - Devigarh Rd, opposite Sunny Enclave, Patiala",0101000020E6100000890563E9E81A53405F99B7EA3A503E40
Grand Filling PETROL & CNG Station,30.2892368,76.3482677,,"NH7, Patiala Bypass, Patiala",0101000020E610000033709B044A165340B9CC446C0B4A3E40
Torrent Gas CNG station,30.4035534,76.1980486,,"C53X+C6F, Kuber Filling Station,Nabha, Bhadson Rd, near Meen Motors Lubana, Patiala",0101000020E6100000310109D4AC0C53408A308F464F673E40
Torrent Gas CNG Station,30.3558718,76.4544381,,"Torrent Gas CNG Station, at Mehta Service Centre HPCL Station, Opposite Punjabi University, Rajpura Rd, Karheri, Urban Estate, Patiala",0101000020E61000009C638A83151D534093910E6A1A5B3E40
Torrent Gas CNG Station,30.4133766,76.4070344,,"Torrent Gas CNG Station At Saini CNG Filling Station at IOCL Station, Village Akali Majrian, Sirhind - Patiala Rd, Patiala",0101000020E6100000351603DA0C1A534082EE810CD3693E40
Cng pump Kaithal,29.7425953,76.4033437,,"SH 11, Chandana",0101000020E61000000C231862D0195340CFA9BFB91ABE3D40
Cng pump kalayat,29.6972377,76.2970793,,"M7WW+VRW, Kaithal - Tohana Rd",0101000020E61000006374E55803135340CB097F2B7EB23D40
HP CNG & PETROL PUMP - GHALORI HP CENTRE,30.3129506,76.4203876,,"Vill Ghalori Devigarh Patiala, Road, Chandigarh",0101000020E6100000366964A1E71A53407A43D0871D503E40
Green fuels cng station,30.2620484,76.0965432,,"Balad Kalan, Bhawanigarh",0101000020E6100000ADA987C32D06534019F89B9A15433E40
Torrent CNG Pump,30.2620981,76.0972711,,"Bathinda - Chandigarh Hwy, Sangrur",0101000020E6100000245690B039065340FFD76FDC18433E40
CNG SIDHU FILLING STATION HINDUSTAN PETROLEUM,30.0044382,76.5967075,,"Hpcl Sidhu Filling Station, Kaithal - Ambala Rd, Saraswati khera, Pehowa, Sarusti Khera",0101000020E6100000C971A7743026534065DAA3DC22013E40
Torrent Cng Gas Station,30.1077244,76.1681019,,"4559+JC2, Mavi Kalan",0101000020E61000004FB9782EC20A534031FB86D3931B3E40
CNG gas HP PETROL PUMP - AJAY FILLING STATION,29.6270696,75.9329281,,"Villlage- Samain VPO Samain Uklana Tohana RD, Hissar",0101000020E61000003EC10F18B5FB5240D85020A287A03D40
CNG Petrol Pump,30.3277604,75.8444491,,"8RHV+4Q4, Sangrur",0101000020E6100000BFE83C740BF6524083EC061BE8533E40
MEHTA SERVICE CENTRE (CNG AVAILABLE),30.3558753,76.4544328,,"Rajpura Rd, opposite Punjabi University, Patiala, Professor Colony, Karheri, Urban Estate, Patiala",0101000020E6100000B48E4F6D151D534046F4C6A41A5B3E40
CNG Pump,30.2366505,75.8432956,,"5421, College Road, Hargobindpura Colony, Haripura Colony, Partap Nagar, Maan Colony, Sangrur",0101000020E610000016B71B8EF8F5524001158E20953C3E40
Rakhra Filling Station ( CNG available),30.3736187,76.2441807,,"Nabha-Patiala Rd, Rakhra",0101000020E61000001F3416A8A00F53408EACA179A55F3E40
"Bharat Petroleum, Petrol and CNG Pump -Garg Filling Station",30.2597351,75.7340746,,"DUGGAN ON SANGRUR-BADBAR R, Sangrur",0101000020E6100000C1F40714FBEE5240901FE0FF7D423E40
"R S Fuels (Petrol, Diesel, CNG Pump, EV Charging)",29.7061353,76.4088999,,"SH - 11 Kaithal - Rajound Road Near Titram, Mod, Kaithal",0101000020E61000009C757C6A2B1A5340180D7448C5B43D40
"Sp filling station bpcl ( diesel petrol ,CNG)",29.6611448,76.4081826,,"Jind - Kaithal Rd, Kasan",0101000020E6100000F672E9A91F1A5340A3EB1DC940A93D40
Sardar Gas & Petro pvt.ltd,30.5022214,75.877222,,"GV2G+VVQ, Unnamed Road, Somsons Colony, Malerkotla",0101000020E61000003B55BE6724F85240F159E89491803E40
Torrent Gas CNG Station,30.4507067,76.6535278,,"Map ShowOn, Road, opposite Side, Jakhepal",0101000020E6100000B8014466D32953408D96A88361733E40
Torrent Gas CNG Station,30.4217081,76.8968943,,"Torrent Gas CNG Station at Guru Harkrishan H.P Centre VPO, Ambala - Dehradun Rd, Dist, Handesra",0101000020E6100000019E59B76639534053F5E10FF56B3E40
Torrent Gas CNG Station,30.5062005,76.7247339,,"GP4F+FVQ, Balmajra",0101000020E61000005DB34B0A622E534006B8205B96813E40
Inderparsth gas limited station IGL CNG gas station,29.9078836,76.9124119,,"WW56+5X3, Samana Bahu",0101000020E6100000CCBEE1F4643A53402393420F6BE83D40
Shree Hari Cng Station,29.6302966,76.9783763,,"Shree hari Cng station, near toyota agency, Madhuban, Karnal",0101000020E61000009DEBA0B79D3E5340AEC7331E5BA13D40
C.N.G GAS Saraswati Filling Station (Bharat Petroleum),30.0810473,77.3401935,,"National Highway 73, Mandauli",0101000020E6100000F433F5BAC5555340DAED0E84BF143E40
Shree Ganesha Filling Station and CNG,30.4089883,76.7548894,,"Khasra No. 21//13/2, village Patti Jattan, New, NH-152, Ambala",0101000020E61000003646A11B5030534057F20C75B3683E40
Hpoil Gas Pvt Ltd CNG Station,30.1115644,76.8722762,,"Haryana 136135, India",0101000020E610000011058E5FD3375340DA65097C8F1C3E40
LACHHMANDASS FILLING STATION AND CNG STATION- HP PETROL PUMP AND CNG STATION,29.9783891,76.9085662,,"Pipli-Ladwa road, dist, village sirsma, Kurukshetra",0101000020E610000010D0D8F2253A53404C4343B577FA3D40
Indraprastha Gas Limited CNG Station m ikki Gujjar,29.6564093,77.02734,,"Karnal - Shamli Rd, Karnal",0101000020E6100000D97745F0BF4153404E4A9C700AA83D40
Suvarnabhumi Fuels Bharat Petroleum ( CNG ),29.8966875,76.9151875,,Samana Bahu,0101000020E6100000508D976E923A5340643BDF4F8DE53D40
Shree Hari Cng Station,29.6302903,76.9781951,,"JXJH+478, Kambopura, Karnal",0101000020E6100000E0E69EBF9A3E53406C7C81B45AA13D40
Torrent Gas CNG Station,30.0814097,76.8755376,,"3VJG+H5F, Ramnagar, Charhuni Jattan",0101000020E6100000C69ADBCE08385340C1131F44D7143E40
Indraprastha Gas Limited CNG Station,29.8898135,76.9175078,,"VWQ9+W2F, Jammu - Delhi Rd, Samana Bahu",0101000020E6100000CBB4A272B83A53400F0A4AD1CAE33D40
CNG PUMP 24*7 Cng filing Station,29.7619797,76.9651782,,"QX68+Q3V, Unnamed Road, Kurak, Dadupur",0101000020E6100000FAF3C87AC53D534045B7031A11C33D40
"CNG PUMP, HP NAGGAL FILLING STATION (PETROL PUMP WITH CNG & EV)",30.2648092,76.7126805,,"Police Station, On NH-152, Village, near Naggal, Sakhraon, AMBALA",0101000020E6100000CEFFAB8E9C2D53400FAE2589CA433E40
CNG GEETANJALI FILLING STATION,30.473951,77.2089497,,"Village Asgarpur, Tehsil, Sadhaura",0101000020E61000009400906E5F4D534010E84CDA54793E40
Indraprastha Gas Limited CNG Station,29.7619752,76.9651682,,"Opposite Vivaan Resorts, Karnal NH-1, Grand Trunk Rd, Dadupur",0101000020E6100000E888D750C53D5340F15C84CE10C33D40
CNG STAR RESORTS AND SERVICE STATION,30.4256607,76.7001671,,Bapraur,0101000020E61000000D0FAB89CF2C534046B18119F86C3E40
HPOIL Gas Pvt.Ltd. (CNG STATION),30.3111761,76.7685935,,"Jalbera Rd, Jalbera, Rawalan",0101000020E6100000C39ACAA230315340FDCBA43CA94F3E40
CNG MOTHER STATION (BPCL),29.8852903,77.5033659,,"VGP3+4C4, Tuglakpur",0101000020E6100000FC9A9B25376053404EF79562A2E23D40
CNG PUMP Saharanpur Road Sarsawa,30.0162101,77.4058777,,"Sarsawa, Saharanpur NH-73, Saharanpur Bypass Rd, Yamuna Nagar, Saharanpur",0101000020E61000003FEB75E6F9595340695D595826043E40
IGL Exclusive CNG Station: Open 24/7 for Your Convenience,29.6302594,76.9783843,,"Madhuban exit, near vishvash nursery on NH44, Karnal, Kamboh Pura Part",0101000020E6100000DFDA2ED99D3E534020FF16AE58A13D40
TORRENT ASJ CNG FILLING STATION,30.5023458,76.6211258,,"KM STONE 26 NH-7, CHANDIGARH HIGHWAY RHS, near SHAHI FURNITURE, VILLAGE PEHAR KHURD, Rajpura",0101000020E6100000EB6C6D86C02753407048FEBB99803E40
"CNG PUMP IN KARNAL Radhe Radhe Filling Station , BEST IGL CNG STATION IN KARNAL,GAS STATION ON INDRI LADWA YAMUNANAGAR ROAD",29.7504563,76.9947306,,"Karnal Indri, Road, Salaru Village",0101000020E610000026D588AAA93F5340C19371E71DC03D40
Mohali CNG,30.5072968,76.724009,,"GP4F+WJ6, Banur - Shambhu Rd, Balmajra",0101000020E61000009E40D829562E53408E5DFD33DE813E40
"RJ filling station (CNG, PETROL &DIESEL),nalvi",30.1753217,76.7705146,,"Thol-nalvi, road, Shahbad",0101000020E6100000CB05781C5031534075C707E2E12C3E40
TORRENT CNG PUMP ⛽⛽,30.4578201,76.7868463,,"FQ5P+2VQ, Alamgir",0101000020E6100000A15E95B05B32534092F3B4B233753E40
CNG Gas Gautam Filling Station,30.263897,76.7134625,,"Nh152, Ambala - Hissar Rd, opposite Naggal Police Station, Ambala, Landiali",0101000020E6100000091B9E5EA92D53403483F8C08E433E40
Indraprastha Gas Limited CNG Station,29.7118547,77.0157269,,"P278+J6M, ITI Chowk, near AADRASH PABLIC school, LIC Colony, Shakti Puram, Vasant Vihar, Karnal",0101000020E6100000B84A66AB01415340FF00101C3CB63D40
HPCL Petrol & CNG Pump - Mohinder Filling Station Sarsini Lalru,30.4605967,76.7877374,,"Mohinder filling station, sarsini, Lalru",0101000020E610000082B5204A6A325340412553AAE9753E40
24 Hour - CNG Petrol Diesel,30.2870475,77.0023779,,"72P2+RX6, Kalpi",0101000020E6100000ECAEA2F52640534008E6E8F17B493E40
Fateh filling Station (HPCL) CNG Pump,30.2404375,77.1204375,,"73, Fateh Filling Station, (HPCL, National Highway, Khan Ahmedpur",0101000020E610000091ED7C3FB5475340643BDF4F8D3D3E40
CNG and HP petrol pump,30.4570943,76.7863481,,"FQ4P+JC7, near kartar dhaba, Sarsini, Lalru",0101000020E61000006431FB865332534022B0CD2104753E40
SIDHU ENERGY STATION CNG PUMP PETROL DIESEL,30.1087623,76.6766275,,"NH152, Ismailbad",0101000020E6100000C0046EDD4D2B5340A98999D8D71B3E40
Premium HP - Online CNG & Petrol Pump,30.2676691,76.9613644,,"Saha - Shahabad Hwy, Bihta, Saha",0101000020E610000079628CFE863D534056A64EF685443E40
"Dalel Singh Filling & CNG Gas Station, BPCL Petrol Pump .",30.1247046,77.2184987,,"On, NH344, Gollanpur",0101000020E6100000FCADF8E1FB4D534028A902A4EC1F3E40
HPCL Petrol&CNG Dhillon Filling Station,30.0274862,76.8840306,,"NH-1, Grand Trunk Rd, Village, Khanpur Kolian",0101000020E610000073EA14F5933853406017EA5509073E40
"Bharat Petroleum Petrol and CNG Pump , NARAYAN ENERGY STATION",30.3076469,77.5639019,,"Tajewala, road, Paonta Sahib",0101000020E6100000BFA9FEF7166453403E377EF2C14E3E40
Bharat Petroleum Partakh Fueling & CNG Station,30.089093,77.2759888,,Karera Khurd,0101000020E6100000FC83EDCCA9515340724D81CCCE163E40
CNG and HP petrol pump,30.024946,76.8850775,,"2VFP+X2G, Thanesar",0101000020E61000003A3B191CA5385340802A6EDC62063E40
HP PETROL PUMP & CNG SAVIL FILLING STATION,30.0836888,77.3011032,,"HP PETROL PUMP, NH344 Village Tigri, Yamuna Nagar",0101000020E6100000242E5B46455353409F0A13A16C153E40
Phandpuri CNG Filling Station,29.9302983,77.4225111,,"WCJF+426, Khazoor Heri",0101000020E61000009B2CFF6B0A5B53403F06860728EE3D40
CNG and petrol pump,29.8186632,76.9444311,,"RW9V+FQ7, Grand Trunk Rd, Tikhana Part",0101000020E6100000D2F4238F713C53404F7056E993D13D40
"C.N.G GAS M.K Filling Station , Sudhail",30.162087,77.233697,,"566M+V65, Kalawar",0101000020E6100000180B43E4F44E5340541B9C887E293E40
CNG and petrol pump,30.1409835,76.8674355,,"4VR9+F47, NH 44, Kishan Garh, Shahbad, Mohanpur",0101000020E6100000ECF82F10843753408FC6A17E17243E40
Sangameshwar Filling Station Cng Bharat Petroleum,30.2773411,77.4805893,,"CHUHARPUR KALAN, Paonta Sahib, Pratap Nagar",0101000020E6100000AF939FF9C15E534030568AD3FF463E40
CNG Pump,30.4523455,76.6512583,,"FM22+WGJ, Jammu - Delhi Rd, Jakhepal",0101000020E6100000E8EF4A37AE29534026FE28EACC733E40
CNG and petrol pump,30.0794781,76.8766048,,"3VHG+Q42, NH 44, Ramnagar",0101000020E610000010E1044B1A3853408B3F40AD58143E40
CNG and petrol pump,30.2050484,76.8569661,,"6V45+733, Sidhu Dhani, Kaliana, Goripur",0101000020E6100000F6515788D8365340DD184C0D7E343E40
"Bharat Petroleum, CNG & Petrol Pump - Balaji Filling Station",30.0852726,77.2143053,,"DAMLA , NEAR DAMLA ITI, Yamuna Nagar",0101000020E610000002B7932DB74D5340B13ED46CD4153E40
"Bharat Petroleum, Petrol Pump & CNG Pump -Jagan Nath & Co.",29.9509326,77.5471989,,"Court Rd, Navin Nagar, Saharanpur",0101000020E61000000FFA884E0563534044B3A15170F33D40
CNG Pump - Bharat Petroleum,29.9442501,78.1513662,,"85, 6, Devpura, Haridwar",0101000020E610000011AEDBFBAF895340A7BEE25FBAF13D40
Dev Bhoomi CNG Station,29.8864996,77.9565117,,"bypass road, near coer college, Haridwar, Roorkee",0101000020E6100000726FD97C377D5340C6EA45A3F1E23D40
KN Filling Station BPCL PETROL DIESEL CNG,29.9795576,78.1819339,,"X5HJ+RMQ, Bhoopatwala, Motichur Range",0101000020E610000029A215CEA48B53405A8C7049C4FA3D40
CNG Anaerobic CNG pump,29.8999602,78.1324743,,"V4XJ+XXQ, Laksar Rd, Noorpur Panjanhedi",0101000020E6100000DF837C757A8853409DB3AACA63E63D40
Bharat Petroleum Petrol & Cng Pump,30.303365,78.074966,,FILLING STATION BPCL DEALERKHSRA NO 1588 JOGIWALAMUSOORIE ROADNATHANPUR,0101000020E6100000F793313ECC84534044C02154A94D3E40
"CNG Station, GAIL Gas Limited",30.2852954,77.988771,,"Transport Nagar, Subhash Nagar, Dehradun, Sewla Khurd",0101000020E6100000ED0E2906487F534001B38C1E09493E40
Cng station,30.3856512,78.0740796,,"93PF+8M3, Residential colony, Malsi, Dehradun, Sinaula",0101000020E610000040D35CB8BD845340C5A97B09BA623E40
Shree Mahadev Filling Station With CNG Pump,30.1476809,77.6126421,,"NH 709B, Mahmoodpur Mazra, Behat",0101000020E6100000C7E93587356753406DBE5B6ACE253E40
HP PETROL PUMP & CNG STATION - PAONTA SAHIB HP CENTER,30.4620462,77.6176002,,"FJ69+R29, Taruwala, Paonta Sahib, Shimla",0101000020E61000003240FDC286675340B73DE6A848763E40
"Bharat Petrolium with CNG Pump, Dehradun Highway",29.9966296,77.7002303,,"Sayyed Majra Main Rd, near Toll Plaza, Saharanpur, Sayyed Mazra",0101000020E6100000C58ABF92D06C5340BE39121E23FF3D40
Hamara Pump Sidcul and CNG Station,29.9397828,78.0517337,,"Pallvika Nursery Sidcul Rd, Salempur Mahdood, Haridwar",0101000020E61000007866DD9A4F835340E357079B95F03D40
Shree Kunj fuel and CNG pump,29.7870321,77.6414182,,"Saharanpur-Muzaffarnagar, State Highway, Talheri Buzurg",0101000020E6100000CA03ECFE0C695340F7668AEF7AC93D40
HP CNG & Petrol Pump,30.3014326,77.9203626,,"8W2C+H4H, East Hopetown",0101000020E61000008ADD8838E77A5340C0F2D6AF2A4D3E40
Airwing Petrol Cng Pump,30.0580381,78.2278245,,"58, National Highway, Khairi Kalaa, Namberdar Farm, Rishikesh",0101000020E6100000902E36AD948E5340076CBD95DB0E3E40
HP Petrol and CNG Pump,29.7825614,78.5833014,,"QHMM+484, Amsaur",0101000020E6100000812D65CF54A55340AA1CA4F155C83D40
"KATARIYA FUELS, CNG Pump",29.7617684,77.6509823,,"SH 59, Shahpur, Talheri Buzurg",0101000020E61000009731AAB1A96953405220FD4003C33D40
Kuldeep filling station with CNG,29.8627842,78.1850105,,"NH 734, near khaira punjabi dhaba, Shyampur",0101000020E6100000AABA4736D78B53406A81E26CDFDC3D40
HNG CNG Pump (Haridwar Natural Gas),29.8861953,77.9565416,,"bypass road, near coer college, Haridwar, Roorkee",0101000020E6100000DD5042FA377D5340715EF7B1DDE23D40
Bharat petroleum Petrol Pump.And CNG,30.3390684,77.9561429,,"Ambala - Poanta Sahib - Herbertpur - Dehradun - Rishikesh National Hwy, Kehri Gaon, Prem Nagar, Dehradun",0101000020E61000005E73FD71317D5340671BC92FCD563E40
CNG pump,30.3056246,78.0405393,,"Amarshahid Anand Colony, Ajabpur Kalan, Dehradun",0101000020E6100000FAEC25329882534064DAED693D4E3E40
Cng pumps,30.3164945,78.0321918,,"828J+HVW, Jhanda Bazar, Jhanda Mohalla, Dehradun",0101000020E6100000C30C326E0F82534027DD96C805513E40
Haridwar Natural Gas CNG Pump,29.9172446,78.0845242,,"W358+GJ, Ruhalki Kishanpur Urf Ikkad, Haridwar",0101000020E61000001EAE30D868855340BF6EC78AD0EA3D40
Veramara Kustia Cng Station,24.0213567,88.9922478,,"2XCR+GWV, Bheramara",0101000020E6100000CAA1EAFC803F5640EC0CF8A177053840
Ratandhan CNG Filling Station BPCL Pump,29.9346223,77.9818368,,"Daulatpur, Kamalpur Saini Bas",0101000020E61000009880046AD67E5340C09C346843EF3D40
Haridwar CNG and Petrol Pump,29.934619,77.9817489,,"WXMJ+RMQ, Daulatpur, Kamalpur Saini Bas",0101000020E6100000939856F9D47E53406138D73043EF3D40
Shri Kunj Fuel Junction CNG,29.788156,77.6414333,,"Shree Kunj Fuel Junction, Main Road, Nangal",0101000020E61000002F84413E0D6953406C257497C4C93D40
HP PETROL PUMP & CNG Station - AMBIKA FILLING STATION,29.926651,77.577871,,"Nagala-saharanpur Road Sheikhpura Kadim, Meerut",0101000020E6100000A393A5D6FB64534042CEFBFF38ED3D40
Bio cng gas plant,29.7837863,78.2387646,,"Q6MQ+GG6, Unnamed Road, Pathari Forest Range, Chidiyapur Forest Range",0101000020E6100000521C51EB478F5340878D0D38A6C83D40
Garhwal Gasoline Station,30.1115353,78.3028133,,"Laxman Jhoola Road, Chauda Bigha, Rishikesh",0101000020E6100000CE12094B619353407CD9D1938D1C3E40
"Oakswood(Petrol,Diesel,CNG) Filling station",30.4547985,77.5670714,,"NH 07, Surajpur, Dist, Paonta Sahib",0101000020E6100000CE5FD7E54A64534015C5ABAC6D743E40
CNG Station,30.9283075,73.6978581,,N-5,0101000020E6100000EB2F05B5A96C5240AB21718FA5ED3E40
CNG Station,31.0277877,73.8328087,,"2RHM+447, Bypass, Pattoki",0101000020E6100000C194DCBC4C75524027BB3E181D073F40
Jamber CNG Station,31.1422259,73.9194956,,"4WQC+8PV, Service Rd, Jamber",0101000020E610000038B41204D97A5240E824A5EA68243F40
Urooj CNG Station,31.0402391,73.8497171,,"2RRX+3VW, Pattoki - Raiwind Rd, Pattoki",0101000020E610000087D6D4C3617652403E85121C4D0A3F40
Ayub CNG Station,31.0369038,73.8384186,,"Halla Bi Pass Pattoki, Pattoki",0101000020E6100000EBD67CA6A87552401F19068772093F40
Attock CNG / Petrol Pump,31.456316,74.4449773,,"FC4W+G2C، Lidhar, PACE Woodlands, Lahore",0101000020E610000098BD11827A9C52403CA41820D1743F40
Grace CNG Station,31.1221897,74.4632615,,"4FC7+V8C, Shahbaz Khan Rd, Ali Ahmad Shah Colony Ali Ahmed Shah Colony, Kasur",0101000020E6100000BDFF8F13A69D52407668FDD2471F3F40
CNG Station,31.4899081,74.2612653,,"F7Q6+XG6, Multan Rd, near waves factory, Hanjarwal, Lahore",0101000020E610000019C51792B8905240A68B039E6A7D3F40
5 Star CNG,31.1318379,73.9189434,,"4WJ9+PHP, Service Rd, Jamber",0101000020E61000000178FAF7CF7A524092DFEC20C0213F40
Kwik CNG Station,31.2377894,74.4255021,,"6CQG+466, Lahore-Kasur Rd, Kasur, Punjab, Lahore – Kasur Rd, Mustafabad",0101000020E610000047F8286D3B9B5240E15520C4DF3C3F40
Mian Jee CNG Filling Station,31.4008295,74.2304996,,"8.5 KM, Raiwind Rd, Dream Avenue Lahore, Lahore",0101000020E61000006EEF6481C08E5240A4C519C39C663F40
Buraq CNG Station,31.2280426,73.9763402,,"6XHG+6G8, Multan Rd, near TCF School, Phool Nagar",0101000020E610000049319B5B7C7E52404518F5FF603A3F40
Askari CNG Station,31.4587676,74.3289836,,"F85H+GH5, Maulana Shaukat Ali Road, Quaid-e-Azam Industrial Estate Kot Lakhpat, Lahore",0101000020E6100000E7BA3A110E955240E4761ECB71753F40
Hi-Noon CNG & Filling Station,30.8905665,73.6204138,,"VJRC+65F, Lahore - Multan Rd, Renala Khurd",0101000020E61000002C3F15DCB4675240C669882AFCE33E40
Shahid CNG Filling Station,31.391735,74.1511288,,"Khasra No 651-652, Khewat No 91, Khatooni No 140, Multan Rd, Maraka, Maraka Village, Lahore",0101000020E6100000F55E2118AC895240D5B2B5BE48643F40
Al-Askaria CNG & Petrol Pump,30.8679185,73.583965,,"VH9M+5H9, Renala Khurd Rd, Renala Khurd",0101000020E61000008E40BCAE5F655240E71725E82FDE3E40
Pakistan-CNG,31.2355345,73.9872257,,"6XPP+6VF, Phool Nagar",0101000020E610000053D1B3B42E7F524068942EFD4B3C3F40
Aaj cng station,31.4620594,74.4327776,,"FC6M+R4C Aaj cng, cob line range road, near Askari 11, Askari XI, Rawalpindi",0101000020E61000003F9CD1A0B29B524034CF5B8649763F40
PSO - AL Shamia Filling Station & CNG,31.4494895,74.206299,,"17 KM, Multan Rd, Oppsite, Park View, Lahore",0101000020E6100000A48CB800348D524038656EBE11733F40
Farooq CNG Station 2,31.4816615,74.3072956,,"Plot 11/27, 12/28, Main Blvd, Block M, Model Town, Block M Model Town, Lahore",0101000020E61000001A0D2ABBAA935240083E062B4E7B3F40
Heera CNG Station,31.1642671,73.921145,,"5W7C+PF2, Khanke Morr",0101000020E6100000EE77280AF47A52400B4F9E680D2A3F40
Pearl CNG & Petrol Pump,30.9483498,73.7451672,,"WPXV+FX9, 4 HabibAbad Shergarh Road, Habibabad",0101000020E61000005283C4D1B06F52400B2B700DC7F23E40
Nankana CNG Station🚉Ahmad...Sher,31.4810389,73.6994396,,Khepanwala,0101000020E6100000C0E14F9EC36C5240949A875D257B3F40
Three Star CNG Station,31.1267715,73.9154551,,"4WG8+P54, Jamber",0101000020E610000036DDFCD0967A52409B90D61874203F40
Buraq CNG Station,31.2459281,74.0050686,,Dina Nath,0101000020E610000023CF3F0B53805240DCAADA24F53E3F40
Shafaf Enterprises CNG Station,31.1919179,73.9478736,,"Khasra No 11873/6360/1, Khewat No 759, Khatooni No 1398, Bhai Pheru Bypass, Phool Nagar",0101000020E6100000792F08F6A97C52405A04108821313F40
CNG Station,30.8833819,73.6133313,,"VJM7+993, bypass, Renala Khurd",0101000020E61000003EC7ECD140675240DB60F25025E23E40
Al-Razzaq CNG,31.3020134,74.2241009,,"20Km, Raiwind Rd",0101000020E610000044204DAB578E52402AF40BC0504D3F40
Attock - Kayber Petroleum & CNG,31.441368,74.195652,,"C5RW+8H, 18km Multan Rd, Kot Gujra, Lahore",0101000020E61000006859F78F858C52403D80457EFD703F40
Bismillah CNG Filling Station,31.2348766,73.9863754,,"Khewat No 120, Khatooni No 229, Khasra No 2344, 2375/2346, Dina Natha, Pattoki",0101000020E61000000D2549C6207F52407E9873DF203C3F40
Silver Star CNG,31.4433601,74.3554146,,"C9V4+95C, Service Road, Gulshan Yaseen Colony, Lahore",0101000020E610000057E1E01CBF965240EED9290C80713F40
Al-Munawwar CNG,31.4291387,74.4773367,,"Bedian Rd, Block G Acro Green (Bakers Avenue), Lahore",0101000020E61000008EEB3AAF8C9E5240ADF2A908DC6D3F40
Four Star-CNG,31.2349832,73.9863026,,"6XPP+2G2, Multan Rd, Lahore",0101000020E61000006DBDF0941F7F5240031CE7DB273C3F40
Shaheen Filling Station & Shaheen CNG Total Parco Pump,31.2508878,74.0114671,,"7226+9H4, Multan Rd, Sarfraz Nagar, Pattoki, Punjab, Dina Nath",0101000020E6100000B8DE80E0BB80524024F7CF2E3A403F40
Al Bashir CNG Filling Station,31.1651744,74.1064749,,"5484+3H9, Pattoki - Raiwind Rd, Kot Radha Kishan",0101000020E61000001256197CD0865240ED2296DE482A3F40
Best CNG,31.4437751,74.3553457,,"C9V4+G56, Gulshan Yaseen Colony, Lahore",0101000020E61000008D11E4FBBD9652407547B53E9B713F40
Aspro CNG,31.47009,74.30813,,"F8C5+27J, Main Blvd, Block C, Faisal Town, Lahore, Punjab, Block C Faisal Town, Lahore",0101000020E6100000A83AE466B8935240382D78D157783F40
Usman Maqbool CNG Station,31.0292037,73.8333142,,"2RHM+M8P, Pattoki - Shamsabad Rd, Kasur",0101000020E6100000B712150555755240156CC8E479073F40
Euro 18 CNG,31.4748712,74.3734092,,"F9FF+W9V, Sector Y DHA Phase 3, Lahore",0101000020E6100000A281B3EFE5975240F1CFB12891793F40
Tri Star CNG Station,30.8666367,73.6018488,,"Khewat No 46, Khatooni No 159-174, N5, Renala Khurd",0101000020E6100000C248D4B0846652406C031CE7DBDD3E40
Tareen CNG Stations,31.5000171,74.2758639,,"G72G+285, Wahdat road Service lane, Kamran Block Allama Iqbal Town, Lahore",0101000020E610000069290FC1A7915240D6F0E31E01803F40
Pearl CNG Station,31.2025663,73.9619276,,"6X36+2QF, bypass, Phool Nagar",0101000020E6100000AAC7C738907D524090C59162DB333F40
Tiger Enterprises CNG Station,31.2006581,73.9600008,,"Khasra No 11643/4386, Khewat No 1127, Khatooni No 2354-2360, Bhai Pheru Bypass, Phool Nagar",0101000020E6100000910832A7707D5240702D49545E333F40
Quality 1 Gillani CNG Filling Station,30.6730541,73.6587155,,"MMF5+5F4, Dipalpur-Hujra Shah Muqeem Rd, Saddar, Dipalpur, Punjab, Depalpur",0101000020E610000092770E65286A524050F003464DAC3E40
ECO Petrol Pump & Gasoline CNG Station,31.1485353,74.455631,,Kasur,0101000020E6100000CD02ED0E299D524032CDCF6806263F40
Amaan CNG Station,30.9441125,73.7288827,,"WPVH+JHR Umer Abad, Multan Rd, Umarabad, Pattoki",0101000020E6100000B1C79F03A66E5240AB3E575BB1F13E40
CNG PUMP,30.7605946,75.1191872,,"SH16, Singhan Wala",0101000020E6100000848659C3A0C75240A383E453B6C23E40
THINK Gas CNG Station,31.0891577,75.3379203,,"Khasra No: 18//22, RR Filling Station, 18//23/2, Malsian Road, Shahkot",0101000020E6100000E349777CA0D55240C4AFFD09D3163F40
THINK GAS (SS Gill CNG Station),30.7862792,75.2368371,,"Q6PP+PM, Dala",0101000020E6100000B0BECB5628CF52406986F99749C93E40
THINK Gas CNG Station,31.2787852,75.2997812,,"Dream HP Vill. Ishwarlal, Sultanpur Rd, Kapurthala",0101000020E6100000297D7C9D2FD35240DC9B84775E473F40
THINK Gas CNG Station,31.2298075,75.5172283,,"6GH8+WQH, Singh",0101000020E61000003444BA441AE1524022E010AAD43A3F40
Think Gas CNG Station,30.6307452,75.5854929,,"JHJP+75, Raikot",0101000020E6100000936236B778E55240E61B768478A13E40
THINK Gas CNG Station,31.4506951,75.4690454,,"Sahil Petroleum, NH 1, Kartarpur, Jalandhar",0101000020E6100000B655FFD604DE5240ABF70AC160733F40
THINK Gas CNG Station,31.1240742,75.4902089,,"Vij Brothers, Nakodar - Nurmahal Rd, Dana Mandi, Tooran, Nakodar, Miranpur",0101000020E6100000526D26955FDF52400147A753C31F3F40
"CNG Filling Station Naushera,Tarn Taran.",31.3150021,74.9522492,,Naushehra Pannuan,0101000020E610000019E9A0A6F1BC5240DCAB45FAA3503F40
Asha filling station CNG PUMP,31.1174491,74.9648177,,"4X87+XWG, Makhu, Talwandi Nepalan",0101000020E61000008606BD92BFBD5240D471EB24111E3F40
"GTK Filling Station, THINK Gas CNG Station",31.4922566,75.3507205,,"F9V2+926, Ghuluwal",0101000020E61000005A62653472D652407B3D4E87047E3F40
Think Gas CNG Station,31.3359884,75.3490797,,"88PX+9JW, Hussainpur, Ladhewal",0101000020E6100000A4CC615257D65240DBD5F55503563F40
MARHANA NH 54 FUEL CNG STATION,31.195513,74.9544565,,"Nh 54, Barnala - Amritsar Bypass Rd, Jauneke",0101000020E6100000193DB7D015BD52405EF1D4230D323F40
Think Gas CNG Station,31.3873612,75.3749883,,"99PG+X24, Police Line, Kapurthala",0101000020E61000007D38EDCEFFD7524044BD851A2A633F40
THINK Gas CNG Station,31.1227861,75.3863996,,"Dahiya Filling Station NH703, Billi Chahrmi, Shahkot, Jalandhar",0101000020E6100000004C63C5BAD8524044E7EBE86E1F3F40
THINK Gas CNG Station,30.8231193,75.5758581,,"Mann Highway, Ferozepur Rd, Chaukiman",0101000020E6100000C0A8EEDBDAE45240D7344AF2B7D23E40
HP PETROL cum CNG PUMP - MANN HIGHWAY SERVICES,30.8229396,75.5757649,,"NH-95, near Ludhiana Group of Colleges, Chaukiman",0101000020E6100000D2EB0555D9E4524055956C2BACD23E40
CNG Pump,30.701677,74.8125654,,"Faridkot, Road, Pakka",0101000020E61000001DB74E1201B45240FB5A971AA1B33E40
Cng pumg moga(barnal road),30.7864569,75.2368698,,"Q6PP+PM, Dala",0101000020E61000003E1AF3DF28CF5240AB36493D55C93E40
"MEGHA GAS CNG Filling Mother Station, Kadgill Tarn-Taran.",31.477736,74.9557193,,"Vill. Kadgil Plot N0. 77/191 - 197 Bhatinda -Amritsar NH- 54, Tarn Taran Sahib",0101000020E6100000FC6948812ABD5240321F10E84C7A3F40
HP PETROL PUMP & cng pump - SAHIL PETROLEUM,31.4509896,75.4687562,,"KM ST-395, Kartarpur (PB, National Highway 1, Jalandhar",0101000020E61000000633011A00DE52400CD6EE0D74733F40
CNG Grewal Petrol Pump,30.8071787,75.476292,,"Tehsil Rd, Heera bagh, Jagraon",0101000020E61000002CD670917BDE52401E876643A3CE3E40
HP Petrol Pump - Doaba Filling Station Cng Pump,31.3875262,75.3750547,,"HPC Dealers Kapurthala PB, Amritsar Rd, Jalandhar",0101000020E610000083AD6DE500D85240D957C3EA34633F40
THINK Gas CNG Station,30.784469,76.0495655,,"THINK Gas CNG Station Gurbax Singh Khem Singh Gurbuxr, ( Ludhiana to Delhi, Grand Trunk Rd, near McDonald, Ludhiana",0101000020E6100000A260C6142C035340D0B9DBF5D2C83E40
petrol pump and CNG Station,30.6135833,76.3758384,,"Ward No. 13, Barra, Sirhind",0101000020E61000002F2581BC0D1853402BDF8ECB139D3E40
Bharat Petroleum CNG Station,31.389957,76.3445069,,"98QV+XRQ, Naya Nangal, Bhabhaur",0101000020E6100000C42FAB660C165340A5D8D138D4633F40
THINK Gas CNG Station,31.0647999,76.270389,,"ESS ESS Filling Station, Chandigarh Rd, Balachaur",0101000020E6100000AE0CAA0D4E115340B948EBB996103F40
THINK Gas CNG Station,31.0889967,76.221291,,"H.B No:-180, Garle Mother Station Khasra No:-29//7/1, 29//14/2, 29//17/1/2, Balachaur",0101000020E61000008BF9B9A1290E5340B1F3DB7CC8163F40
THINK Gas CNG Station,31.0078605,75.7856881,,"Kudrat HP Vill. Panjdhera, NH 1, Phillaur, Jalandhar",0101000020E6100000CF96BDB648F25240226E4E2503023F40
THINK Gas CNG Station,31.1383094,76.1205731,,Nawanshahr,0101000020E6100000C0513C78B7075340B9BAAD3E68233F40
THINK Gas CNG Station,30.8245625,75.8658125,,Ludhiana,0101000020E6100000F4FDD47869F752400C022B8716D33E40
Think Gas CNG Station,30.9794543,75.7916008,,Ladhowal,0101000020E610000032DF6696A9F25240346D5A84BDFA3E40
THINK Gas CNG Station,31.4638468,75.6289706,,"Lajwanti CNG Filling Station, Pathankot - Jalandhar Rd, NH1, Jalandhar",0101000020E61000005049E70D41E85240B05AF4A9BE763F40
THINK Gas CNG Station,30.8182728,75.9124039,,"Randhawa Auto, Ludhiana Bypass Rd, Ludhiana",0101000020E61000008BCF53D364FA5240D33483537AD13E40
Think Gas CNG Station,31.2444545,75.7439777,,"6PVV+QHQ, Kanshi Nagar, Mehat",0101000020E6100000039DA4549DEF52402BDCF291943E3F40
"CNG Pump Sardar Bachan Singh Marg, Balloke, Ludhiana",30.9270499,75.7924059,,"Haibowal Dairy Complex, on Sardar Bachan On Hambran Road _, to, Ladhowal Sardar bachan Singh Marg, Bank Colony, Haibowal Kalan, Ludhiana",0101000020E6100000146A3CC7B6F2524094426A2453ED3E40
CNG STATION,31.0880512,76.2234791,,"36QF+69, Thathiala",0101000020E6100000BB75487B4D0E5340A15F00868A163F40
Think Gas CNG Station,30.7110855,76.2064353,,"P664+CHM, Kukrain Colony, Khanna",0101000020E61000005B8F673C360D5340E92807B309B63E40
Think Gas CNG Station,30.8676122,75.9845527,,"VX9M+2RV, Jandiali",0101000020E610000010EC53E902FF5240519C48D51BDE3E40
THINK Gas CNG Station,31.027358,75.8034346,,"Jindal Filling Station, 5//5, Phillaur Nawanshahr Rd, Garha, Phillaur, Jalandhar",0101000020E610000064DEF4786BF35240B24813EF00073F40
Think Gas CNG Station,30.7128619,76.2048015,,"P673+5W7, Grand Trunk Rd, Bhattian, Khanna",0101000020E6100000FE2AC0771B0D53407E10131E7EB63E40
Think Gas CNG Station,30.8124606,75.9532867,,RX63+X8M,0101000020E61000008E0D38A602FD5240DE49FA6AFDCF3E40
CNG Station,31.0583975,75.7814038,,"3Q5J+9H2, Jammu - Delhi Rd",0101000020E6100000177E158502F252400DAB7823F30E3F40
BP fuel & CNG (Ganpati Filling Station),30.7591378,76.456554,,"QF54+MJ, Doomchheri",0101000020E6100000E9B6442E381D53404B28D8DA56C23E40
Think Gas CNG Station,30.908466,75.763602,,"WQ57+9CQ, Garden Enclave",0101000020E6100000414AECDADEF0524027874F3A91E83E40
Sant Baba Santokh Singh CNG Station (ONLINE),30.6425851,76.4083234,,"Chandigarh Rd, Modern Valley, Fatehgarh Sahib",0101000020E6100000424C78F8211A53409B65057580A43E40
Cng pump ludhiana - Suvidha Fuels,30.9086306,75.7634614,,"Near F2 Raceway, Canal Road, S City Rd, Ludhiana",0101000020E61000008930348DDCF052401525D7039CE83E40
Think Gas CNG Station,30.7723881,76.0695999,,"Q3C9+XR5, Barmalipur",0101000020E61000008393235374045340D051FD39BBC53E40
CNG pump gahaur,30.8613884,75.7198151,,"VP69+GR8, National Highway 95, Dakha",0101000020E6100000B06A5A7311EE52405D273FF383DC3E40
Shahideep CNG station,30.791232,76.502549,,"QGR3+F2V, Surjit Nagar, Morinda",0101000020E6100000CDE847C329205340768C2B2E8ECA3E40
Think Gas CNG Station,31.2013948,75.713214,,"6P27+G7G, Nakodar - Phagwara Rd, Phagwara, Dhak Darwesh Pind",0101000020E61000002843554CA5ED52409F950F9C8E333F40
THINK GAS Online CNG Station,30.7610722,76.0854192,,"Q36P+C5F, Jammu - Delhi Rd, Payal",0101000020E6100000D59C17827705534010E5B0A0D5C23E40
Bharat Petroleum CNG gas station,31.2371189,76.4748711,,"6FPF+RX2, Garhshankar-Nawanshahr Rd, Aggampur",0101000020E61000003214C149641E534074C300D3B33C3F40
Farm Cng Gas,30.9341058,75.8632363,,"WVM7+J7X, Near Basti Chowk, Jodhewal, Ludhiana",0101000020E6100000154E77433FF752400101C68E21EF3E40
CNG filling station,30.8095637,76.5853036,,"RH5P+R4F, Kurali Bypass Rd",0101000020E6100000CA0E3B9D752553405D870F913FCF3E40
CNG pump harbanspura,30.6328454,76.3456792,,"J8MW+47M, Arain Majra",0101000020E610000014BAA69B1F1653408E6CF82702A23E40
Think Gas CNG Station,31.2401125,75.7484531,,"6PRX+29W, Phagwara, Mehat",0101000020E6100000C0C5D4A7E6EF52405DDC4603783D3F40
CNG PETROL PUMP (MODERN SERVICE STATION),31.301027,76.0703813,,"main road, Saila Khurd",0101000020E6100000FF6F9120810453408736001B104D3F40
IRM Energy CNG Station,30.6709818,76.2792784,,"M7CH+9M9, Service Rd, Nasrali, Mandi Gobindgarh",0101000020E6100000AB9E82B2DF11534012369776C5AB3E40
"THINK GAS, Online CNG Station",30.8438153,76.1718708,,Chehlan,0101000020E6100000CA4862EEFF0A53404B5D8D4704D83E40
CNG Filling,30.6514965,76.309356,,"A-08, Focal Point, Mandi Gobindgarh",0101000020E610000091B41B7DCC1353405EF58079C8A63E40
THINK Gas CNG Station,31.0442322,75.7835995,,"Insta Gas NH 44 Jalandhar to Ludhiana Phillaur, Bir Phillaur",0101000020E61000005D6A847E26F252401D6E2CCD520B3F40
"Bharat Petroleum,CNG and Petrol Pump -BP-Chaklan",30.8816598,76.5531049,,"CHAKLAN RUPNAGAR, ROOPNAGAR",0101000020E61000007830181266235340AA32E774B4E13E40
Online CNG Station - Think Gas,30.7724695,76.0695857,,"NH-44, Jaspalon",0101000020E61000003C7194177404534050A8A78FC0C53E40
Indian oil CNG/CBG,30.9164273,75.8142121,,"Main Hambran Rd, opp. kitchlu Nagar, Kitchlu Nagar, Ludhiana",0101000020E61000007B60110D1CF452405DA9C2FA9AEA3E40
CNG HP Petrol Pump Jeet Singh Randhawa Filling Station,30.8182769,75.9124106,,"Punjab 141122, India",0101000020E610000085E16DEF64FA524080924C987AD13E40
Petrol Pump Indian Oil & Torrent CNG pump,30.6493666,76.3485596,,"National Highway 64, Professor Colony, Karheri, Urban Estate",0101000020E61000003DADECCC4E1653405E1DB6E33CA63E40
Choudhary Fuel Point & CNG Gas Station,31.3507001,76.3875102,,"992Q+72J, SH22, Jol",0101000020E610000073F794F7CC1853403534547BC7593F40
HP PETROL PUMP - GAGAN HP CENTRE CNG,30.788245,76.408431,,"Vill Polomajra NH-95, Tehsil Khamanoo, Chandigarh",0101000020E61000000BEBC6BB231A53404B3CA06CCAC93E40
Think Gas CNG,31.2213375,75.7996094,,"6QCX+GRQ, Phagwara",0101000020E6100000BFA4E7CC2CF35240DFE00B93A9383F40
"Bharat Petroleum, Petrol Pump/ Cng Pump -Lakshmi Chand Ram Saran Dass",30.989505,76.5445523,,"KHWASPURA RUPNAGAR, ROOPNAGAR",0101000020E61000008BDDE3F1D92253407E3A1E3350FD3E40
Prem Filling BPCL Petrol Pump CNG Available,31.4341464,75.8544848,,"Prem Filling Station VPO, Tanuli",0101000020E610000076BB03E1AFF6524017ADED37246F3F40
"punjab oil carrier,dealer Bharat petroleum and cng",30.8125162,75.9531902,,Tibba,0101000020E610000088F7771101FD52405F78CA0F01D03E40
Puri Filling Station- Bpcl Petrol & CNG Pump,31.3565218,76.3154568,,Una,0101000020E610000041D3B77130145340A14F3F03455B3F40
SHRI KRISHNA PETRO - CNG Filling Station,31.3221521,76.4109523,,"Nangal, Chandigarh Rd, Ajouli",0101000020E6100000D32DE00A4D1A534075D65D8F78523F40
IRM Energy CNG Station,30.7880697,76.4083923,,"QCQ5+69C, Chandigarh Rd, Pohlo Majra",0101000020E61000000C1C7519231A5340F27794EFBEC93E40
Indianoil-Adani Gas Pvt Ltd CNG Station,30.7123527,76.8483002,,"92, Modern Housing Complex, Sector 13, Chandigarh, Panchkula",0101000020E61000002D0CEC8C4A365340A1B71DBF5CB63E40
Indianoil-Adani Gas Pvt Ltd CNG Station,30.6242903,76.6911349,,"JMFR+PF6, NH 205A, JLPL Industrial Area",0101000020E6100000F327E08D3B2C5340C4B5357DD19F3E40
Bharat Petroleum & CNG Station,30.7201252,76.8095508,,"Madhya Marg, 28B, Sector 28, Chandigarh",0101000020E6100000D79C28AECF335340840607205AB83E40
Bharat petroleum CNG & Gas station Radhey filling station,31.272453,76.7114564,,"Zakatkhana, Kiarian",0101000020E6100000EAA16C80882D534074B2D47ABF453F40
Indianoil-Adani Gas Pvt Ltd CNG Station,30.7371274,76.6838198,,"PMPM+VG4, Sahibzada Ajit Singh Nagar",0101000020E6100000DD561FB4C32B53404AFC9B61B4BC3E40
CNG station HP Manimajra,30.7123506,76.8483339,,"Booth No 68, Sector 5, Panchkula",0101000020E6100000A425451A4B3653403649E29B5CB63E40
Indianoil-Adani Gas Pvt Ltd CNG Station,30.7364375,76.7159375,,"Sector 56, Sahibzada Ajit Singh Nagar",0101000020E6100000B81E85EBD12D53404A0C022B87BC3E40
Adani Gas Pvt Ltd CNG Station,30.8544049,76.8598326,,"VV35+QW8, Kalka",0101000020E61000003842507F07375340CA0A8F47BADA3E40
Amalia Pump CNG Filling Centre,30.7097261,76.748739,,"44C, NH21, Chandigarh",0101000020E6100000588FFB56EB2F53401D9E149CB0B53E40
Adani Gas Pvt Ltd CNG Station,30.6999746,76.7268467,,"MPXG+XPW, Sector 62, Sahibzada Ajit Singh Nagar",0101000020E6100000276D05A8842E5340DB070F8931B33E40
Indianoil-Adani Gas Pvt Ltd CNG Station,30.6179571,76.9404327,,"JW9R+55X Indian Oil Petrol Pump, Mattewali",0101000020E6100000B2A5A20C303C5340BDD4BE6F329E3E40
Indianoil-Adani Gas Pvt Ltd CNG Station,30.7056812,76.7875114,,"20, Dakshin Marg, Tribune Colony, 31B, Sector 31, Chandigarh",0101000020E61000008A0E379666325340EC66EB85A7B43E40
Indian Oil - Adani Gas CNG Station,30.6077345,76.8367422,,"Ambala - Chandigarh Expy, Dappar",0101000020E6100000B80B282F8D355340A226FA7C949B3E40
Cng pump,30.6928173,76.7138826,,"MPV7+2F, Sector 70, Sahibzada Ajit Singh Nagar",0101000020E6100000BE0BA540B02D5340609A7D795CB13E40
Torrent Gas CNG Station,30.7776109,76.7219418,,"QPHC+2QW, Sukhija Fuels, Tira, Opposite of Punjab Cricket Stadium, Mullanpur Garibdas New Chandigarh Mohali, Tira",0101000020E61000006227614B342E53405C83088211C73E40
"Bharat Petroleum, Petrol & CNG Pump -Jai Durga Filling Station",31.2106045,76.6352141,,"CHAMROLI RUPNAGAR, ROOPNAGAR",0101000020E6100000515D0A59A7285340F3E32F2DEA353F40
"Bharat Petroleum, Petrol Diesel _EV CHARGING and CNG Pump -Rajindra Filling Station",31.4315297,76.7136324,,Ghumarwin,0101000020E61000006CD73A27AC2D5340B0C0FCBA786E3F40
Sukhija Fuels HPCL Pump & CNG,30.7775583,76.7218687,,"Village Tira,petrol pump, opposite Punjab Cricket Stadium, Mullanpur Garibdass",0101000020E610000063A0C618332E5340BD3B8D0F0EC73E40
Alishan Gas Service And Filling,30.7459039,76.6459463,,"4594, Ward No 13, Pathran Wala Khoo, Kharar",0101000020E6100000395E262F572953407775D88EF3BE3E40
CNG pump sirsa,29.5303958,75.0874805,,"Sirsa - Fatehabad Rd, Sirsa",0101000020E61000006AA2CF4799C552408EEFE604C8873D40
Petrol Pump & CNG station,29.5259805,75.449399,,"GCGX+9QR, Professor Colony, Fatehabad",0101000020E6100000BAF605F4C2DC52406FD575A8A6863D40
Indora Filling Station & CNG Filling Station,29.5246606,75.468301,,"NH9, Industrial Area, Khan Mohammad",0101000020E6100000C8EBC1A4F8DD5240EF7F362850863D40
"CNG,PETROL PUMP",29.532922,75.1999133,,"NH9, near Bhavdeen Toll Plaza, Sirsa, Hisar",0101000020E610000045622761CBCC5240A45181936D883D40
ABHE RAM CNG AND PETROL PUMP,28.8957119,76.6125503,,"1, Rohtak - Sonipat Rd, Model Town, Rohtak",0101000020E6100000EB692C0634275340552305604DE53C40
Spectrum Gas CNG Filling Station,28.8696135,76.6551876,,"VM93+MR8, Rohtak - Delhi Rd, Sector-30 Commercial, Garhi Bohar, Rohtak",0101000020E6100000AAAFF897EE295340FCA886FD9EDE3C40
HCG CNG Station,28.6688743,76.6377721,,"HP Jagan Filling Station, Dujana, Dojhana-n",0101000020E610000048F31142D128534088A29B583BAB3C40
Cng Pump,28.8828649,76.6217134,,"Sector 14, Rohtak",0101000020E61000000A1F0027CA2753404C49206F03E23C40
Bharat Petroleum Petrol Pump and CNG pump,28.860419,76.6595332,,"Kheri Sadh, Rohtak",0101000020E61000001428BDCA352A534066DB696B44DC3C40
Indraprastha Gas Limited CNG Station,29.510941,76.9721337,,"Vill- Sarai Kohand, Post, Grand Trunk Rd, Gharaunda",0101000020E6100000BA354470373E53407F2F8507CD823D40
IGL CNG Station Rohini Sector 3,28.6961668,77.1114,,"next to Rohini Depot, Institutional Area, Rohini, Delhi",0101000020E61000009031772D214753409C8FC6FC37B23C40
Shivaay CNG Station,28.6965665,77.4286077,,"Khasra No 829, Noor Village, opposite Vvip Style Mall, Sehani Khurd, Raj Nagar Extension, Ghaziabad",0101000020E61000001594FD4E6E5B53403BFDA02E52B23C40
Indraprastha Gas Limited CNG Station,28.7860858,77.0406191,,"K No. 178/14, Pooth to, Bawana Rd, Delhi",0101000020E6100000F385DA809942534099D942EB3CC93C40
Indraprastha Gas Limited CNG Station,28.7055295,77.4510178,,"PF42+6C6, Raj Nagar Extension, Ghaziabad",0101000020E61000007D3AC379DD5C5340FDDCD0949DB43C40
Comet CNG Ltd.,24.3186567,89.5615542,,"8H96+FJ7, Ullapara, old bus stand",0101000020E61000009DFB0681F0635640BA26497C93513840
THINK Gas CNG Station,29.100428,77.2812829,,"Onkar Filling Station, Binoli Rd, near Varda Jyoti Garden, Baraut, Baraut Rural",0101000020E6100000231BFE89005253404A9A3FA6B5193D40
Indraprastha Gas Limited CNG Station,28.7186662,77.070724,,"Kanjhawala Rd, Sector 23, Rohini, Delhi",0101000020E6100000B5C2F4BD8644534098BD1182FAB73C40
Indraprastha Gas Limited CNG Station,28.666348,77.3076294,,"M885+G36, Rd Number 71, Block C, Surajmal Vihar, Delhi",0101000020E610000070123933B053534048C153C895AA3C40
Jahangirpuri CNG Pump,28.7323795,77.157544,,"89A, Grand Trunk Rd, Block L 2, Bhalswa, Delhi",0101000020E610000096EB6D33154A5340C6C210397DBB3C40
Narela Mega Igl Cng station,28.8412367,77.1198156,,"Main, Narela Road, near Kastiri Ram School, Sector B-2, Narela, New Delhi, Delhi",0101000020E61000003DE30C0FAB475340E9B1D2495BD73C40
Indraprastha Gas Limited CNG Station Sawda Ghewra,28.7063692,76.9855984,,"PX4P+G6J, J J Colony, Sawda, Delhi",0101000020E61000005BBF4F0B143F5340D5E6A49CD4B43C40
Vir filling GAIL Gas CNG Station,28.9446346,76.9855315,,"WXVP+V63, NH334B, Sonipat",0101000020E6100000616BB6F2123F534088ABB992D3F13C40
Shree Siddhi Vinayak CNG Station,29.5135887,77.7195627,,"in front of Ganpati Dhaba, Muzaffarnagar",0101000020E6100000F9FAB5500D6E53405C188E8C7A833D40
IGS FUEL & ENERGY CNG STATION INDRAPRASTHA CNG GAS STATIONS. .,29.5383758,77.7376499,,"GPQQ+932, Muzaffarnagar",0101000020E61000007319EDA7356F534035F515FFD2893D40
Torrent CNG pump,28.8194942,78.6273552,,"RJ9G+QWX, NH9, Dhanupura",0101000020E61000006FBE6C9626A85340FE42345FCAD13C40
SHREE TIRUPATI IGL ONLINE CNG FILLING STATION PUMP,29.5287122,77.7010094,,"Saharanpur Rd, opposite Tejas Farm, Muzaffarnagar, Rampur",0101000020E610000012CC8756DD6C534008FFC7AE59873D40
CNG Siti Moradabad,28.8198619,78.6280178,,"NH9, Dhanupura",0101000020E61000009313927131A8534086BC2F78E2D13C40
Green Energy Solutions Torrent Gas Online CNG Station,28.9376979,78.6892678,,"WMQQ+3PC, SH 49, Jamalpur Madi Nagla, Ladawali",0101000020E6100000E5CBB0F61CAC5340230736F80CF03C40
Torrent Gas CNG Station,29.0694192,78.6327244,,"FIFA Energy, IOCL, SH-49, Kanth Rd, Kanth",0101000020E610000066587B8E7EA85340E8B6E974C5113D40
Chandravati Filling Station IOCL(CNG pump ),29.5241222,77.7041829,,"SH - 59, District - Muzaffarnagar, Saharanpur Rd, near Rampur Tiraha, Muzaffarnagar",0101000020E6100000C2792755116D53408A1B5CDF2C863D40
Triveni gas CNG pump,28.7619932,77.777662,,"QQ6H+Q3V, Hapur - Kithore Rd",0101000020E6100000E355D636C57153403EC681FC11C33C40
Sushmaa Gas Station ( only CNG),28.8379647,78.2860262,,"opp. Nirmar Fibre Factory, Salarpur, Gajraula",0101000020E610000025B3D5404E925340D4B3C5DA84D63C40
Torrent Gas CNG Station,28.7095267,78.7024449,,"PP52+RX8 On, Garib Nawaz Filling Station, IOCL Station, Naseerpur Kundarki, Sambhal Rd, Moradabad",0101000020E61000007D2F74DBF4AC53408923B48AA3B53C40
Dev Fuels Bharat Petroleum & CNG Station,28.7585012,79.0477016,,"Faizullah Nagar delhi Roadra NH-24, Rampur Bypass Rd, Rampur",0101000020E6100000E1FD028B0DC353400DFA77222DC23C40
PAC CNG Station Rudrapur,28.9886346,79.3998853,,"X9QX+FX2, NH109, Rudrapur, Jagatpura",0101000020E6100000AC6983B897D95340ADB13A2817FD3C40
Torrent Gas CNG Station,28.8229875,78.7773932,,"RQFG+5XR, Mohd Bux, PCL Station, Double Fatak Crossing Sambhal Chauraha, Rampur Rd, Moradabad",0101000020E6100000808868CFC0B153404D840D4FAFD23C40
CNG Pump Bazpur Shree Balaji Filling Station,29.1520426,79.1430495,,"Rampur Road, Bazpur",0101000020E6100000630D17B927C953404C998A43EC263D40
Torrent Gas CNG Station,29.2325119,78.7136235,,"6PM7+2C5, Rampur Ghogar",0101000020E61000000D8AE601ACAD53404A6E5EE6853B3D40
Bhagwati Filling Station CNG,28.9243176,78.8715782,,"Rana, Sugal Mill, opp. Torrent Gas Pump, Moradabad",0101000020E6100000053AEEEFC7B75340011E0714A0EC3C40
Gopal jee petroleum Torrent Gas CNG Station,28.8271062,78.8586271,,"Gopal Ji Petroleum, BPCL Station, Village Dillari Near Adam & Eve Convent School, NH 24, Road, Rampur, Moradabad",0101000020E6100000667D14BFF3B653409F515F3BBDD33C40
Torrent Gas CNG Station,28.8677454,78.7475935,,"VP9X+32W, Ram Ganga Vihar 1, Moradabad",0101000020E6100000F04C6892D8AF53402341029024DE3C40
Indraprastha Gas Limited CNG Station,28.7709375,79.0978125,,"Q3CX+946 IndianOil, Rampur, Milak Ibrahim Shah",0101000020E6100000F6285C8F42C653408FC2F5285CC53C40
Torrent Gas CNG Station,28.9030984,78.721679,,"WP3C+6MV, Ranvir Filling Station, HPCL Station, Najibabad Kotdwar Rd, near Amrapali Farm, Mugalpura, Moradabad",0101000020E610000070CD1DFD2FAE5340E711ED7431E73C40
Life CNG station,28.8106001,78.745739,,"RP6W+67Q, Near Venus India Factory, Lakri Fazalpur Road, Mini By Pass, Moradabad",0101000020E610000083161230BAAF534063A2F77C83CF3C40
Torrent Gas CNG Station,28.9176562,78.7551835,,"Cosmos to Darak, Harsh Kisan Seva Kendra, IOCL, Dilari - Moradabad Rd, Islampur Rampura, Pandit Nagla Bypass Road, Moradabad",0101000020E6100000A5BE2CED54B05340BDF84784EBEA3C40
MD. Bux CNG Filling station,28.8231245,78.7773237,,"RQFG+5XR, Rampur Rd, Shivpuri, Moradabad",0101000020E6100000F779E7ABBFB153404E098849B8D23C40
Torrent Gas CNG Station,29.0347159,78.7643988,,"SS Filling Station, Dilari - Moradabad Rd, OPCL, Changeri",0101000020E610000081C6F1E8EBB05340B5262724E3083D40
HP PETROL PUMP AND CNG - HAMARA PUMP Lamachaur,29.22753,79.42137,,"Haldwani - Kaladhungi Road OPP. Amrapali Institute Lamachaur, Dist: Nainital, Dehradun",0101000020E6100000FE60E0B9F7DA5340E0DBF4673F3A3D40
CNG HP PETROL PUMP - JINDAL FUEL CENTRE,29.3127527,79.1949438,,"Bail Parao, Pattapani",0101000020E6100000B6638FF579CC5340573C9A8F10503D40
Cng pump,28.8395649,78.8266367,,"Rampur Rd, Tajpur Mafi, Moradabad",0101000020E6100000180B9E9DE7B45340985EACB9EDD63C40
Torrent Gas CNG Station,28.8105759,78.7456448,,"RP6W+67V, Life CNG Station, Torrent Gas, Menather, Mini By Pass Lakdifajalpur to RTO office",0101000020E6100000AD9BF7A4B8AF5340FF6CF5E681CF3C40
Torrent Gas CNG Station,28.817749,78.8917782,,"HP Centre, HPCL Station, Mundapandey, NH-24, Before Moradabad Rampur Toll Plaza, Moradabad",0101000020E61000004A12DFE412B9534032569BFF57D13C40
Adani Gas Pvt Ltd CNG Station,29.1857458,79.0032488,,"Kashipur - Sitarganj Hwy, Kundsebara",0101000020E61000001470743A35C053408E5E68098D2F3D40
Himalayan Petrol Pump and CNG (HP),29.0370598,79.3824473,,"Tehsil Gadarpur, Khasra No.166, Matkota-Dineshpur Road Village Jainagar, Rudrapur",0101000020E6100000627C3D047AD853400EFF44C07C093D40
Wings and Nest CNG Pump,28.7265669,79.0673302,,"9TH MILESTONE, VILL, Kakrawwa",0101000020E61000001FC253234FC453402ADBD14900BA3C40
CNG petrol pump,29.1950546,78.8683461,,"Thakurdwara Kashipur Rd, Thakurdwara",0101000020E6100000FC4685FB92B7534032EF2719EF313D40
SIDICL CNG PUMP,28.9891381,79.3993638,,"X9QX+MP, Rudrapur, Jagatpura",0101000020E6100000340D2F2D8FD9534043BA8E2738FD3C40
Gurunanak Sales Cng pump Dhoulpur,29.0083422,79.2965951,,"Kashipur Rd, Khanpur, Mahtosh",0101000020E6100000D9A9036AFBD253403C2DE4B622023D40
Petrol and cng pump,28.6657101,79.1299116,,"M48H+7XM, Milak, Menhdipur",0101000020E6100000BF57BE7850C85340EC1D24FA6BAA3C40
"Bharat Petroleum, Petrol Pump -Gopaljee Petroleum CNG Pump",28.8275806,78.8589495,,"MUNDHA PANDEY, Moradabad",0101000020E610000098DA5207F9B65340D7CD7B52DCD33C40
Darshan Fuels or CNG Bharat Petroleum,28.7524572,79.4947304,,"Saidpur Buzurg, Bareilly SH-37, Bareilly - Nainital Rd, Bareilly",0101000020E61000009115B2A9A9DF5340C5A3F908A1C03C40
MS HSD HAMARA PUMP KEMRI HPCL- CNG &PETROL PUMP,28.8107947,79.2108408,,"near Sejni river pul, bilaspur road, Kemri",0101000020E6100000662A696A7ECD53402745D03D90CF3C40
CNG gas pump,28.7584634,79.0483882,,"NH530, Chak Shadi Nagar",0101000020E6100000CA20D2CA18C3534085364AA82AC23C40
CNG ONLINE PUMP JATPURA,28.7489398,78.7323702,,"PPXJ+HWH, Jatpura, Aledadpur",0101000020E610000029644227DFAE53403BACCB84BABF3C40
HP PETROL & CNG PUMP - C GEMS & JEWELS P LTD,30.5504502,76.4858899,,"HPC Petrol Pump Village Patarsi Sirhind Rajpura Road, NH 1, Chandigarh",0101000020E61000003B7DF3D1181F5340A013E74DEA8C3E40
Petrol diesel and cng pump,30.5165252,75.8886845,,"Guru Teg Bahadur Colony, Malerkotla",0101000020E610000093FDF334E0F85240538FD9FE3A843E40
Club HP CNG,30.5497918,76.4873515,,"GFXP+WW9, Jiuna Pura",0101000020E6100000058A58C4301F5340E69BC827BF8C3E40
IRM Energy CNG Station,30.5503435,76.486086,,"HF2P+4CP, Village Patarsi Sirhind Rajpura Road, NH 1, Chandigarh",0101000020E6100000C84274081C1F5340F110C64FE38C3E40
Bharat petroleum-Adani Gas Pvt Ltd CNG Station,30.5161445,76.985729,,"GX8P+F75, NH 7",0101000020E6100000016E162F163F5340A182C30B22843E40
Gujarat Gas CNG Station,31.5295647,75.2669297,,"G7H8+RQF, Chhapianwali",0101000020E610000031F54E6015D15240B69D5B8D91873F40
"Bharat Petroleum, CNG ,Petrol Pump -Shri Guru Arjan Dev Filling Station",31.5474364,74.8906703,,"BALACHAK, Tarn Taran Sahib",0101000020E61000002F8100BE00B95240D5A3BACA248C3F40
CNG filling and Bharat Petroleum,30.793663,76.4971181,,"Morinda City Rd, Garden Colony, Morinda",0101000020E6100000FA6F6FC8D01F5340950B957F2DCB3E40
CNG Pump Destination filling station Bela,30.9366365,76.407126,,"opposite State Bank of India, Bela",0101000020E61000007CD6355A0E1A53406ABDDF68C7EF3E40
Petrol Pump CNG Station,30.9284449,76.4533261,,"WFH3+98G, Chaunta Kalan",0101000020E6100000167B794B031D534053A3A190AEED3E40
Petrol pump cng gas,31.5130553,75.8467129,,"GR7W+6MG, Khalwana",0101000020E61000007CA64D8B30F652401B8A969757833F40
Cng patrol pump anandpur sahib panjap,31.2355318,76.5012734,,"6GP2+6G6, Keshgarh Sahib, Anandpur Sahib",0101000020E6100000B4D606DD14205340032BE2CF4B3C3F40
Bharat Petroleum: Fuel Care (CNG available),31.5239231,75.9520508,,"Una Rd, New Bains Colony, Hoshiarpur",0101000020E61000005C887A66EEFC5240731E04D31F863F40
Bajwa Petro Zone ( CNG),31.5150379,75.9023972,,"Hoshiarpur City, NEAR GRAI, Mount Avenue, Hoshiarpur",0101000020E610000020802FE0C0F9524055B31886D9833F40
Hindustan Petroleum Pump cng,30.7675871,76.7493677,,"Sector 14 West, HBC, Dhanas, Chandigarh",0101000020E6100000700BF1A3F52F5340DC54939680C43E40
Cng At Khambra Motors,30.8395952,76.9532118,,"37, Kalka - Shimla Rd, Sector 1, Kalka, Parwanoo",0101000020E610000053CA106C013D5340EBE005B6EFD63E40
Gujarat Gas CNG Station,31.669497,74.8418511,,"MR9R+QQR, Gumtala Sub Urban, Sahibzada Jujhar Singh Avenue, Gumtala, Amritsar",0101000020E610000081A66FE3E0B5524026C5C72764AB3F40
Gujarat Gas CNG Station,31.7159298,75.0122326,,"P286+9VH, Kotla Saidan",0101000020E61000007C3C3E6BC8C05240593BE52C47B73F40
Gujarat Gas CNG Station,31.6650141,74.8600552,,"MV86+223, Gumtala Sub Urban, Gumtala, Amritsar",0101000020E61000004E30F7240BB75240FEE0325D3EAA3F40
Gujarat gas ltd cng station,31.8090576,75.1787131,,"Batala - Amritsar Rd, Batala",0101000020E610000079F7110970CB52408B941C661ECF3F40
CNG Station,32.1251223,75.4675727,,"4FG9+22W, Dinanagar",0101000020E610000028C00BB6ECDD52400A40ED0104104040
BABA DEEP SINGH filling station cng,31.8187672,75.1703027,,"Vill. Suniya National, Batala - Amritsar Rd, Batala",0101000020E6100000E9BA4B3DE6CA524099092BBA9AD13F40
Cng pump,31.7698558,75.2265801,,"Q69G+WJX, Batala Rd",0101000020E61000002ADBD14980CE5240CBA20B4515C53F40
Guru Hargobind Petroleum Retail Outlet CNG,31.8335556,75.655857,,"Usman Shaheed, Dasuya",0101000020E61000009276A38FF9E95240CD6559E663D53F40
Bio CNG,32.3027566,75.6018782,,"Ground Floor, Madhopur Road, Nh 44, Jammu Kalihari, near Ms 7, Sujanpur",0101000020E6100000394B242C85E65240F7D26FBAC0264040
GSPL Mehta COCO CNG Station,31.658922,75.2600008,,"M756+H26, Mehta",0101000020E6100000C43B65DAA3D052406B9DB81CAFA83F40
HP PETROL PUMP - UPPAL HIGHWAY HP FUEL & CNG POINT,32.0080862,75.3714262,,"HPC Petrol Pump, V&PO. Babri Batala Dhariwal Road Babri",0101000020E61000002A786572C5D752404346F6F708014040
CNG Station,32.2739744,74.665568,,"7MF8+H6P, Pasrūr",0101000020E6100000E75086AA98AA52407AF8D79711234040
CNG HP PETROL PUMP - APNA SERVICE STATION,32.013849,75.01727,,Vill:pakhoke Mushara Po:derababanank,0101000020E6100000EC4CA1F31AC15240890AD5CDC5014040
Bharat Petroleum Petrol + cng Pump,31.8050034,75.2175026,,"Jalandhar Rd, Guru Nanak Colony, Batala",0101000020E6100000E1720690EBCD5240372BECB314CE3F40
PSO patrol pump and CNG,32.3472114,74.7187994,,"8PW9+VGM, Chawinda",0101000020E61000009AD832CF00AE524031E6536C712C4040
Butt Petroleum and CNG,32.3472921,74.718717,,"8PW9+WF8, Chawinda-Zafarwal Rd, Chawinda",0101000020E610000012859675FFAD52405FD44911742C4040
Indian gas station,32.0393649,75.3839076,,"29QM+PHV, Desh Bhagat Nagar, Gurdaspur, Nabipur",0101000020E6100000E5AB2EF191D852401F0EB7E809054040
THINK Gas CNG Station,31.791943,76.3389581,,"Shaheed Subedar Mansingh FS Bedli, Dehar, Kangra, H.P, Bedli",0101000020E6100000B78D507DB1155340CF4BC5C6BCCA3F40
Daulatpur Cng pump,31.768291,76.003396,,"Q293+896, Daulatpur, Chalet",0101000020E6100000FB3BDBA337005340A7CF0EB8AEC43F40
Surender Singh and Sons Hindustan Petroleum & CNG Pump,31.825609,76.484214,,"Blath, Hamirpur, SH-39, Maranda Hamirpur Sujanpur Road, Sujanpur Tira, SH 39, Sujanpur Tira",0101000020E6100000FB90B75CFD1E53408448861C5BD33F40
Bharat Patrol Pump & CNG Station,31.7665531,76.3594865,,"Nadaun H.P., Shimla",0101000020E6100000A036AAD301175340BD25EFD23CC43F40
Balaji Filling Station (CNG),31.9377668,75.8958877,,"Daulatpur, road, Talwara",0101000020E6100000E0185D3956F952404A46297C11F03F40
Bharat Petroleum Petrol Pump and CNG pump,31.8774347,76.2250355,,Dehra Gopipur,0101000020E6100000193C4CFB660E534025E07C8F9FE03F40
Hp gas,32.1011803,76.2724462,,"472C+FXV, Haripur, New Kangra, Kangra",0101000020E6100000D9BA2FC26F115340EFBFDF79F30C4040
CNG pump,32.2147859,77.1967396,,"657W+VPJ, Kullu - Naggar - Manali Rd, Manali, Gadherni",0101000020E610000000F5B061974C53402B12B81A7E1B4040
Harisons CNG Filling Station,32.221591,77.19159,,"NH21, Rangri, Manali",0101000020E6100000670FB402434C5340410B09185D1C4040
Hp Petrol Pump - Jay Kay Gas Co,32.7124974,74.8602976,,HP Dealers Gandhinagar Jammu (J&K),0101000020E6100000F234AA1D0FB7524015BE631D335B4040
"KAPILESHWAR FILLEX CNG PUMP, KALIKAPRASAD",21.9745292,85.6101713,,"XJF6+R37, Kalikaprasad",0101000020E61000004D9DEC0B0D6755403EFFE2BE7AF93540
"Bharat Petroleum, CNG cum Petrol Pump -B.S.Fillex",21.594457,85.6640561,,"JAMUNALIA, Keonjhar",0101000020E6100000650D28E57F6A5540D6E07D552E983540
Bharat Petroleum & CNG Filling Station,21.290419,85.189159,,"Khamar, Anugul, NH-23, Chas Talcher Highway, Khamakhyanagar, Khamakhyanagar",0101000020E61000009FAF592E1B4C554014234BE6584A3540
KENDUJHAR PETROLEUM BPCL Petrol Pump & CNG,21.669313,85.584863,,"Kendujhar, NH-215, Panikoili Rajmundra Highway, Keonjhar, Keonjhar",0101000020E6100000FD6838656E655540A3C9C51858AB3540
Adani Total Gas CNG,21.3263515,86.7363112,,"8PGP+GGV, Dandaharipur",0101000020E61000006DEB02B91FAF554024809BC58B533540
CNG GAS FILLING STATION,21.9487987,86.7443746,,"WPXV+GP9, Sastri Colony, Baripada",0101000020E610000047BE5CD5A3AF5540C1FCBA78E4F23540
Bharat Petroleum CNG Pump Prudential Filling Station,21.4891178,85.8404779,,"FRQR+M66, Tikira",0101000020E6100000B060D163CA75554037E4FAD2367D3540
"SRICHARAN SERVICE STATION, CNG HPCL",21.4821818,86.8864809,,"HPCL Dealer NH5, Channapur Dist, Balasore",0101000020E6100000D581621ABCB85540F6B93544707B3540
GAIL Gas CNG Station,22.2347649,84.7240019,,"6PMF+WJG, Kalunga, Chikatmati, Rourkela",0101000020E61000007BAF100C562E5540ABBF6F8D193C3640
GAIL GAS CNG STATION-Utkal,22.215862,84.5416066,,"6G8R+8JX, Kunumuru",0101000020E61000000E93BAAEA9225540FC7266BB42373640
GAIL GAS COCO CNG STATION,22.2397658,84.8775393,,"6VQH+W23, Sector 2, Rourkela",0101000020E61000001A9D989A2938554004B39D4A613D3640
"CNG station Bharat Petroleum Fuel Station, Jhinkpani.",22.4097594,85.7647914,,"NH 20, Jhinkpani, Jorapokhar",0101000020E6100000C5D0A057F2705540843AF6FDE5683640
GAIL CNG Maa Shakambari Filling Station,22.2840017,86.7490417,,"7PMX+JJ, Matihana",0101000020E6100000C735994CF0AF55402782DD55B4483640
Gail CGS CNG station,23.6381754,86.5181521,,"Sidhu Kanhu Statue, Basti Ground, Deuli - Khairpal Rd, Sindri",0101000020E6100000A3F66C6729A155409A1C88765FA33740
Indianoil-Adani Gas Pvt Ltd CNG Station,23.5664669,87.285112,,"zzzzz, Prantika, A-Zone, Durgapur",0101000020E61000009EEC66463FD255403AC489F903913740
Maa Auto Centre CNG Station,23.5665322,87.0988588,,"near Mejia Girls High School, Mejia, Jemua",0101000020E6100000FF3ADCB353C655408521174108913740
Jitu CNG Fitment Center,24.7527759,84.3612142,,"NH-2, near K K Singh Hospital, Aurangabad",0101000020E610000074F629221E1755408BB7DFEBB5C03840
"IOC CNG STATION, AGRAWAL AUTOMOBILES",24.57357,84.7841038,,"NH2 molana chak, Sherghati",0101000020E6100000D66AB4C12E3255407BF7C77BD5923840
CNG STATION & HP PETROL PUMP - NARESH FUEL CENTRE,24.5832854,84.9309458,,"86, Khata NO 01, Mouza- Pipra, Plot NO 80, PS, Dobhi, Bajaura",0101000020E61000004F56B19D943B5540FA3B253152953840
MS..JIYA FUEL SERVICE.(CNG)DUMRI KALA,24.4027587,84.8091598,,"CR35+4M3, Dumri Kalan",0101000020E61000003A8F2F46C9335540F2ADB4311B673840
Gail india pvt. Ltd. Cng pump,25.5425126,82.8004112,,"GRV2+253, Agro Park, Karkhiyaon, Katharawan",0101000020E610000089D6E5EF39B35440FDAA121BE28A3940
Indian Oil petrol pump and cng pump,25.5777813,83.4977772,,"HFHW+4W5, Fatehullahpur",0101000020E610000072ACE694DBDF544089BDAB79E9933940
JMDS CNG FILLING STATION,25.5631529,83.9629068,,"HX77+757, Chausa Gola, Charitra Van, Buxar",0101000020E610000025C6D743A0FD5440C625D8C92A903940
GAIL CNG Raghunath Filling Station,25.6219054,85.0443039,,"J2CV+QP7, near Saguna, Saguna More, Chowk, Danapur, Patna",0101000020E6100000756506E0D5425540AF343A31359F3940
GAIL CNG Raghunath service Station,25.6195437,85.0477063,,"J29X+R38, S. K. Puram, Danapur Nizamat, Patna",0101000020E61000000B94B99E0D4355405EF1796A9A9E3940
CNG FUEL STATION,25.5821276,84.9239108,,"HWJF+VH3, Kanhauli",0101000020E6100000F59AC35A213B554056197C5006953940
Proposed CNG station,25.6100306,85.1361962,,"302-514, Jawaharlal Nehru Marg, Budh Vihar, Lodipur, Patna",0101000020E6100000BA354470B74855402C8F24F72A9C3940
CNG Pump Online,25.5831202,85.114119,,"Indian Oil Petrol Pump, Main Bypass, Alkapuri, Shivpuri, Chitkohra, Patna",0101000020E61000008B36C7B94D47554011A38C5D47953940
GAIL CNG Sonali Service Filling Station,25.5928043,85.1912835,,Care SRI Bidhan ROY 3 SRI Daroga PD ROY Road,0101000020E6100000EC3026FD3D4C55409D6DC905C2973940
GAIL CNG SAI Petro Mart Filling Station,25.5532257,85.1204228,,"Punpun, Rd, Chanakya Colony, Kurthoul, Patna",0101000020E610000056ECD401B547554084CE1033A08D3940
GAIL RB petroleum,25.5813299,85.2179703,,"H6J9+G5Q, Ranipur, Patna",0101000020E6100000F57FB339F34D5540DCAF4C09D2943940
Green CNG Station Teghra (Think Gas),25.5234712,85.9170901,,"CNG Station, NH-28, near Shiv Mandir, Kailasthan, Teghra, Adharpur",0101000020E610000010BFAC9AB17A5540DB65643502863940
Gas Refill Point,25.8822163,85.7941712,,"VQJV+VMM, Samastipur",0101000020E610000034DB70B3D3725540857F6CEDD8E13940
AG&P Pratham CNG Station,13.1237913,75.6289779,,"P A Adyanthaya Son Kadur Mangalore Road, SH 64, Mudigere",0101000020E6100000089A852C41E85240040FC292613F2A40
AG&P Pratham CNG Station,13.6773781,76.7870091,,"Sri Ram Fuels, NH 69, near Kadekal Mattur Circle, Sulebailu, Shivamogga",0101000020E6100000E2896A5B5E325340A10D654DD15A2B40
MeghaGas CNG Station,13.0314907,77.0816205,,"Plot no 96, kunigal, industrial area, uttidurga hobli, kallanayakanahalli",0101000020E6100000B98B3045394553409D418D8C1F102A40
Megha Gas CNG Station,13.4084375,77.0849375,,"C35M+9XP, Oorukere Pune - Bengalur Highway, Tumkur-Sira Rd, Oorukere",0101000020E61000000E2DB29D6F45534085EB51B81ED12A40
AG&P Pratham CNG Station,12.9583505,76.5936864,,"Sri Lakshmirangantha Fuel Station NH 75, Bangalore - Mangalore Hwy, Hirisave",0101000020E61000001E053EF5FE255340E335AFEAACEA2940
AG&P Pratham CNG Station,12.970217,76.8023663,,"Ridhi Enterprises NH-75, Beechanahalli, Bellur Cross Bangalore-Mangalore Highway, Taluk, Nagamangala",0101000020E6100000677A2EF859335340E50B5A48C0F02940
CNG Megha Gas,13.4185181,76.6173414,,"CJ99+75F, BH Rd, Chikkanayakanahalli",0101000020E6100000E1DD8085822753407091200148D62A40
AG&P CNG Station,12.9796812,76.8388316,,"XRHQ+VGG, Yadiyur",0101000020E61000007D36BC6AAF355340170335C698F52940
CNG PUMP HASSAN,12.9795884,76.8385632,,"XRHQ+RW7, Ajjanapalya",0101000020E610000043E8FB04AB355340FA145B9C8CF52940
Srinivasa Service Station HP Petrol Bunk and CNG Station,13.3718058,77.1117806,,"94C6+PP7, Service Rd, Antharasanahalli, Tumakuru",0101000020E6100000F254D169274753401EED6E545DBE2A40
MeghaGas CNG Station,13.3107563,77.126894,,"Sky Line Indian Oil, Shettahalli, Bypass Road, Shetty Halli, Tumakuru",0101000020E6100000C00303081F4853404B0D23731B9F2A40
MeghaGas CNG station sira,13.755187,76.8812128,,"QV3J+PHM, NH Service Road, Sira",0101000020E610000043345FCA653853408CBAD6DEA7822B40
"Bharat Petroleum, CNG GAS Petrol Pump -Sri Honnadevi Enterprises",13.111514,77.1656059,,"Kudur, Ramanagara",0101000020E610000094217D49994A5340A017EE5C18392A40
MeghaGas CNG Station,13.3715851,77.1117212,,"94C6+HG9, Shanti Nagar, Tumakuru",0101000020E61000004611AD70264753409E5CF86640BE2A40
Bharat Petroleum CNG gas,13.3695353,77.1164784,,"9498+RH9, Satyamangala, Tumakuru",0101000020E610000030ACD16174475340636F18BB33BD2A40
GAIL station,13.6864309,76.8158272,,"MRP8+H8G, Chikkasandra Kaval",0101000020E6100000FCCB4983363453407DEDF4DE735F2B40
I Love Go Gas,13.0175785,77.0067488,,"2294+2P6, Jodi Krishnaraja Sagara",0101000020E610000062D284926E405340B939950C00092A40
Essar Gas Station,13.3579488,77.1035837,,"9453+5CG, Sira Rd, TUDA Layout, Tumakuru",0101000020E610000084F9861DA1465340EF48AB1045B72A40
Gail gas station 20,13.1873266,77.1490523,,54PX+VJV,0101000020E61000003079A8128A4953407D57A945E95F2A40
GAIL Gas CNG Station,13.1654907,77.6290825,,5J8H+5JW,0101000020E610000019FF3EE34268534094957032BB542A40
GAIL gas cng station,12.9900359,77.574306,,"202, Seshadripuram Main Rd, Sripuram, TR Layout, Sampangiram Nagar, Bengaluru",0101000020E610000062F9F36DC16453405BBB48FCE5FA2940
GAIL Gas CNG Station,13.0050209,77.6855884,,"2M4P+268 Iti Gate, Malur - Byranahalli Rd, ITI Colony, Krishnarajapuram, Bengaluru",0101000020E610000016212BAEE06B5340CD97721992022A40
Gail Gas CNG Station,13.0191506,77.6284957,,"2J9H+M99, 1st Block, HBR Layout 2nd Block, 1st Stage, HBR Layout, Bengaluru",0101000020E61000004E4B074639685340C665811BCE092A40
GAIL Gas CNG Station,13.0574823,77.5465672,,"6 & 7, Kalathur Layout, Jalahalli East, Bengaluru",0101000020E61000003E44FEF4FA6253409E32ED516E1D2A40
GAIL Gas CNG Station,12.8856595,77.7443811,,"VPPV+7Q6, Dommasandra, Thigala Chowdadenahalli, Bengaluru",0101000020E6100000AC10A0F0A36F53408EC8772975C52940
GAIL Gas CNG station,12.8842066,77.6102952,,"VJM6+M4M, Royal Residency Layout - BTM 4th stg, Royal Residency Layout, Hulimavu, Bengaluru",0101000020E6100000F83999130F67534091D03BBAB6C42940
GAIL Gas CNG Station,13.0222186,77.7141854,,"2PC7+VMX, Hosabasavanapura, Krishnarajapuram, Bengaluru",0101000020E6100000F711AE36B56D5340CFB9803C600B2A40
GAIL Gas CNG Station,12.9473507,77.5796563,,"WHWH+WVV, MN Krishna Rao Rd, Basavanagudi, Bengaluru",0101000020E6100000E7DABC161965534077AFA4260BE52940
Gail Gas CNG Station,13.096939,77.5988233,,"3HWX+QGX, Nehru Nagar, Bengaluru",0101000020E61000004D65F61E53665340F56915FDA1312A40
S L V GAIL Gas CNG Station,13.0416225,77.7607666,,"2QR6+J9R, Goravigere Colony, Sannatammanahalli",0101000020E6100000E7B86466B0705340378E588B4F152A40
AG&P Pratham CNG Station,13.1231601,78.0654438,,"Sri Sai Balaji Service Station, 13, Bengaluru - Tirupati Hwy, Cheluvanahalli, Kaparasiddanahalli",0101000020E6100000762E313B308453401C5833D70E3F2A40
Gail CNG gas filling station,13.0104614,77.6813516,,"166, Nagappa Reddy Layout, Dooravani Nagar, Bengaluru",0101000020E6100000F2C4BD439B6B5340A2BD55325B052A40
Gail Gas CNG Station,12.8733673,77.5402694,,"VGFR+84R, Vajarahalli Village, Bangalore City Municipal Corporation Layout, Vajarahalli",0101000020E6100000E4011BC693625340A9CAADFF29BF2940
GAIL Gas CNG Station,13.0516283,77.5749725,,"4, Kodigehalli Main Rd, Balaji Layout, Bhadrappa Layout, Sanjayanagara, Bengaluru",0101000020E61000005CE67459CC6453409E1848066F1A2A40
GAIL Gas CNG Station,12.9097544,77.6877712,,"WM5Q+W42, Sarjapur - Marathahalli Rd, Kaikondrahalli, Bengaluru",0101000020E61000005DC87E71046C5340C2C82654CBD12940
GAIL Gas CNG Station,12.9247853,77.6504814,,"WMF2+W59, Sarjapur - Marathahalli Rd, Agara Village, Jakkasandra Extension, HSR Layout, Bengaluru",0101000020E610000001EABC7CA1695340A2A476757DD92940
GAIL Gas CNG Station,12.8894189,77.4379242,,"VCQQ+Q57, Subbarayappanapalya Cross, Bengaluru",0101000020E6100000204839F3065C53407BE3FFE961C72940
GAIL Gas CNG Station,13.0514433,77.4883569,,"NH 4 toll booth, Tumkur Rd, beside Parle Factory, Teachers Colony, Chikkabidarakallu, Bengaluru",0101000020E6100000A9914C3D415F53405732B6C6561A2A40
"Gail Gas CNG Station , Harohalli",12.9905478,77.4909661,,"XFRR+698, Harohalli Main Road, opp. Hariyali lake, Vishwaneedam, Madeshwara Layout, Sunkadakatte, Bengaluru",0101000020E610000075BC13FD6B5F5340DF3FCC1429FB2940
Gail gas cng station,12.9908064,77.5208888,,"100 Feet, Ring Road, Jeewan Griha Colony, 2nd Phase, J. P. Nagar, Bengaluru",0101000020E61000009236FA3D56615340C255F9F94AFB2940
Gail Gas CNG Station HENNUR,13.0312993,77.6301519,,"376, 3A Main Rd, Block 4, HBR Layout, Bengaluru",0101000020E6100000C980A2685468534080C63B7606102A40
GAIL GAS CNG BUNK,12.9251897,77.6341404,,"WJGM+3MC, 1st Cross Rd, 1st Block Koramangala, Koramangala, Bengaluru",0101000020E6100000A2C49DC1956853402E31E076B2D92940
GAIL GAS CNG STATION ( COCO STATION ),12.9699051,77.4913677,,"XF9R+XG9, M P M Empyloyees Layout, Kengunte, Annapurneshwari Nagar, Bengaluru",0101000020E6100000E3738291725F53407D72B96697F02940
Gail gas CNG,13.0165276,77.6685417,,"2M89+H9Q, Hoysala Nagar, Horamavu, Bengaluru",0101000020E6100000C9602063C96A534076F63A4E76082A40
GAIL Gas CNG Station,13.1052389,77.6608276,,"4M46+38W, Mitganahalli, Kadusonnapanahalli, Bengaluru",0101000020E6100000D492D8FF4A6A5340B68883DFE1352A40
CNG pump,13.1603221,77.6288668,,"No .1, S.G.R Complex, Vidya Nagar Cross Rd, Subs Nagar, Chikkajala, Bengaluru",0101000020E610000092E2885A3F685340EFA600BD15522A40
GAIL Gas CNG Station,13.2152375,77.5527344,,"6H83+33X, Suradhenupura",0101000020E6100000F3D71A0060635340E0BE0E9C336E2A40
GAIL Gas CNG,12.9985909,77.6878667,,"XMXQ+C5C, Kamadhenu Nagar, B Narayanapura, Mahadevapura, Bengaluru",0101000020E61000007A200D02066C53409A2A734E47FF2940
Gail Cng pump,13.1545693,77.6850343,,"Mahadeva Kodigehalli, Kiadb Hardware Park Main Rd, Bhatramarenahalli",0101000020E6100000D9C81A9AD76B534065EE10B5234F2A40
Gail gas cng bunk,12.9603139,77.5936548,,"XH6V+4FC, Kengal Hanumanthaiah Rd, Raja Ram Mohanroy Extension, Wilson Garden, Bengaluru",0101000020E610000042C7B370FE655340D6C97443AEEB2940
AG&P Pratham CNG Station,13.1334931,77.9750176,,"IOCL COCO Narsapur , NH 75 Byrasandra, Village, Belur, Kolar",0101000020E6100000904138B0667E5340BB7B253559442A40
Gail Gas CNG Station,13.0405647,77.6187183,,"2JR9+6FG, Vyalikaval HBCS Layout, Nagawara, Bengaluru",0101000020E6100000F3FBA314996753407DBE77E5C4142A40
GAIL CNG PUMP,12.9166849,77.6137475,,"8-9, Outer Ring Rd, Old Madiwala, Jay Bheema Nagar, 1st Stage, BTM 1st Stage, Bengaluru",0101000020E61000001D2098A3476753405C7924B957D52940
GAIL Gas CNG Station,13.1532099,77.7282835,,"5P3H+78M, SH 104, Singahalli, Kondenahalli",0101000020E6100000DAAD65329C6E5340CCD82B87714E2A40
Gail CNG gas station,12.9062894,77.5757019,,"614, 38th Main Rd, Rose Garden, Sarakki, J. P. Nagar, Bengaluru",0101000020E6100000AF2FC84CD8645340456C0B2A05D02940
Gail Gas CNG,12.9561267,77.5474088,,"XG4W+FX3, Srinagar, Banashankari 1st Stage, Guddadahalli, Bengaluru",0101000020E6100000BA62EBBE0863534031AA567089E92940
GAIL CNG,12.9089939,77.5125987,,"WG57+H2X, Kenchena Halli Rd, Hemmigepura Ward 198, Rajarajeshwari Nagar, Bengaluru",0101000020E6100000371EC76ACE605340E98601A667D12940
GAIL Gas CNG Station,12.9887445,77.510976,,"Magadi Main Rd, Muthuraya Swamy Extension, Sunkadakatte, Bengaluru",0101000020E61000009E42AED4B3605340223317B83CFA2940
AG&P Pratham CNG Station,13.1474508,78.1293814,,"44WH+WHP, Rahmath Nagar, Kolar",0101000020E61000007C6DECC847885340BF89D7AB7E4B2A40
GAIL CNG,13.0086518,77.6428036,,"173, 1st Main Rd, Ram Gopal Layout, Jai Jawan Nagar, Subbaiyapalya, Banaswadi, Bengaluru",0101000020E610000011F0B5B123695340631A3C026E042A40
Gail CNG Gas station,12.9466485,77.7468746,,"WPWW+GPV, SH 35, Devasthanagalu, Varthur, Bengaluru",0101000020E6100000A34D1FCBCC6F53406B9DB81CAFE42940
HP PETROL AND CNG BUNK - SRI SAI RANGANATHA FUEL STATION,12.929437,77.5040944,,"Metro Station, 22, KENGERI, MYSORE ROAD ,Towards Bangalore University Near WHITE PALACE, Mysore Road Opposite to METRO PILLAR # 541 Kengeri, Mysore Rd, towards, Gnana Bharathi, Bengaluru",0101000020E610000031862815436053407C629D2ADFDB2940
AG&P Pratham CNG Station,13.0132108,77.9375423,,"96/2B, 2C, MANJUNATHA FILLING STATION, Malur, Kolar",0101000020E610000077476BB1007C534072E8E390C3062A40
AG&P Pratham CNG Station,13.1891208,78.0206621,,"Sri Lakshmi Venkateshwara Survey No, 100, Channappanahalli Village Vemagal - Hobli, Taluk, Malur, Kolar",0101000020E610000011F120875281534099FC0571D4602A40
CNG Gail Gas station,12.8734977,77.5668105,,"VHF8+9PV, JP Nagar 9th Phase, J. P. Nagar, Bengaluru",0101000020E6100000E2218C9F466453402F432D173BBF2940
Gail CNG bunk,13.0217837,77.5228705,,"164, 10th Main Rd, Phase 3, Peenya, Bengaluru",0101000020E6100000C362D4B576615340F82BAE3B270B2A40
Gail gas CNG,13.1189803,77.6328519,,"Sy No 6/3 Jala, Hobli, Kattigenahalli, Srinivasa Nagar, Bengaluru, Sathanur",0101000020E6100000896D41A5806853408EBC62FCEA3C2A40
GAIL GAS CNG STATION ( COCO STATION ),12.9699663,77.4913705,,"1916, Muddinapalya Main Rd, near Karnataka bank, ITI Employees Layout, gidadakonehalli, Bengaluru",0101000020E610000007EE409D725F5340BA71416C9FF02940
CNG GAS,13.0123958,77.6163768,,"753, Arabic College Main Rd, Arokkyamma Layout, Kadugondanahalli, Bengaluru",0101000020E6100000D780ADB7726753402C3707BE58062A40
HP Petrol and CNG Pump,13.0222707,77.7142184,,"Main Rd, near sjes college, Rifco Shantiniketan Layout, Hosabasavanapura, Medahalli, Bengaluru",0101000020E6100000E48C17C1B56D53406C51B010670B2A40
Gail CNG point,12.8661762,77.655884,,"7, Service Rd, Pragathi Nagar, Electronic City, Bengaluru",0101000020E61000000F7EE200FA695340A92567727BBB2940
Gail gas cng pump,12.9963837,77.5194597,,"K.H road Double road, Bengaluru",0101000020E6100000C2C5E5D33E615340F3881B0126FE2940
Coco KR Puram 2nd CNG pump station,13.0001103,77.686942,,"Singayyanapalya, Mahadevapura, Bengaluru",0101000020E6100000ED0F94DBF66B534016C90D750E002A40
Cng,13.097625,77.5983433,,"520/432, Nehru Nagar, Bengaluru",0101000020E6100000F751B2414B665340448B6CE7FB312A40
Gail CNG fuel bunk,12.9429615,77.4939769,,"Jagajyothi Layout, 1st stage, Nagdevanahalli, Bengaluru",0101000020E6100000B09E49519D5F534032C687D9CBE22940
GAIL CNG PUMP,12.9264009,77.5013894,,"Indian Oil Petrol bunk, Service Road, Agara Village, 1st Sector, HSR Layout, Bengaluru",0101000020E6100000E8E390C3166053404EF8003851DA2940
Santhosh CNG,13.0660134,77.6416227,,"94/6, BDS Nagar, Narayanapura, Bengaluru",0101000020E6100000C237A858106953400E322482CC212A40
AG&P Pratham CNG Station,14.7536979,75.1219473,,"TMC NO. 5947, Shree Tuljabhavani Petroleum RSNO, 173/B, Sirsi - Haveri Rd, Haveri",0101000020E610000079550CFCCDC75240B520EFB0E4812D40
Venkateshwara Petroleum with CNG Station,14.6060155,75.6462024,,"PB Rd, Sri Ram Nagar, Gouri Shankar Nagar, Ranebennur",0101000020E610000031A64F615BE95240F9BCE2A947362D40
CNG and petrol pump,30.4466879,76.7823574,,"CQWJ+MW, Sarsini",0101000020E610000026B2C52412325340D80462235A723E40
AG&P Pratham CNG Station,14.6197598,75.6244258,,"BP, Magod Rd, Gouri Shankar Nagar, Ranebennur, Hulihalli",0101000020E6100000D571A197F6E7524042C01028513D2D40
AG&P Pratham CNG Station,14.6059983,75.6436158,,"Venkateshwara Petroleum, PB Rd, Sri Ram Nagar, Gouri Shankar Nagar, Ranebennur",0101000020E6100000170C530031E95240FADCBF6845362D40
AG&P Pratham CNG Station,13.8870598,75.6444361,,"Jayalakshmi Fuel Station, Bangalore - Honnavar Hwy, opp. Mallikarjun Transport Jayalaxmi Fuels, Machenahalli, Shivamogga",0101000020E61000002777E9703EE952404E31BDB32CC62B40
Swathi fuel station.CNG.EV charging 30kw,13.9394403,75.6260408,,"N.H.13, Holebenavalli to, Shivamogga - Chitradurga Road Shimoga ro holehonur, road, Shivamogga",0101000020E61000008C7D6E0D11E85240BF16AA51FEE02B40
Gas Station,14.2344998,75.6448118,,"6JMV+QWP, SH 52, Honnali",0101000020E6100000CB44B69844E952404BD6975B10782C40
Ashok CNG. STATION. INDIAN OIL,13.9537663,76.6229588,,"XJ3F+G6C, Maruthinagara",0101000020E61000005930968EDE275340C90D750E54E82B40
B.Kurvatappa N Sons BPCL PETROL PUMPS(NO CNG),13.9415202,76.6184026,,Hiriyur,0101000020E6100000BAB07FE893275340F80B87EF0EE22B40
"Gas Line Controlling Station(Gail), G R Halli",14.2755049,76.4007884,,"7CG2+684, Guddadarangavvana",0101000020E61000006FA76384A619534087C66EFA0E8D2C40
AG&P Pratham CNG Station,14.4190343,77.719619,,"urvey NO 414, Adhoc Mourya HPCL, 1 & 6, Tadipatri - Dharmavaram Rd, Gandhi Nagar, Sanjay Nager, Dharmavaram",0101000020E610000022A5D93C0E6E5340F4CDECA98BD62C40
Sai Gas Agencies,15.2270088,74.1572381,,"65G4+RWC, Netravli, Sanguem",0101000020E6100000DA4B6430108A5240F4CE577F3A742E40
"Bharat Petroleum, CNG & EV Charging Station",15.3939832,75.6517075,,"Adavi Sompur, Gadag NH-63, Gadag Koppal Road, Ballari - Hubballi Rd, Gadag-Betageri",0101000020E6100000B5C35F93B5E95240CB587E2AB8C92E40
Shri Vinayak Petroleums BPCL and CNG and EV CHARGING,15.4228125,75.6136875,,Gadag-Betigeri,0101000020E6100000B29DEFA746E7524014AE47E17AD82E40
Srinivas Petroleums (Aegis Autogas),15.4285188,75.6356876,,"3795/3Pala badami road,neheru road, near bhoomreddy circle, Gadag-Betageri",0101000020E6100000411E0B1BAFE852403D71EFD066DB2E40
BPCL petrol pump and cng,15.218706,76.626678,,"NH 67, Buvvanahalli",0101000020E6100000DAC70A7E1B285340C1E09A3BFA6F2E40
CNG stations,15.194636,76.681787,,"5MVJ+VP3, to, Hospet, mumbay",0101000020E6100000A1F5F065A22B53409E3F6D54A7632E40
Sri shivaParvathi Petroleum CNG BPCL,15.0615625,76.8751875,,"3V6G+J3, Bobbukunta",0101000020E61000008D976E1203385340EC51B81E851F2E40
"Bharat Petroleum, Petrol Pump and CNG pump-Sri Ramakrishna Petroleums",15.6477808,76.8961109,,"Siruguppa, Ballari",0101000020E6100000B44588E15939534014F4CDECA94B2F40
"Bharat Petroleum, Petrol Pump and cng-M.Maruthi Setty & Sons Filling Stn",15.6077389,76.8936808,,"SIRUGUPPA, BELLARY",0101000020E61000000A44F410323953409703988D29372F40
Gas filling station Small gas,15.1392539,76.927327,,"44, Cowl Bazaar, Ballari",0101000020E6100000A96C5853593B534050AE84494C472E40
HP CNG Goa Road,15.9420613,73.7499326,,"WPRX+RXF, Zarap",0101000020E610000012CD4DE5FE6F52408DA7D4DB55E22F40
India auto Bharat Petrol CNG Pump,16.7523794,74.279058,,"Q72H+XJ3, Service Rd, MIDC, Shiroli",0101000020E6100000FBEB1516DC915240212FB5EF9BC03040
Tare CNG Pump Shirol,16.7466265,74.6058989,,"Main Rd, Shirol",0101000020E6100000AC0B2E0CC7A65240B3D30FEA22BF3040
AG&P Pratham CNG Station,16.1685896,75.613684,,"Survey No: 142, AGP COCO, KIADB Agro Tech Park Navangar, Plot No : 68, Navanagar Rd, Bagalkote",0101000020E61000000685419946E752401B7222B0282B3040
AG&P Pratham CNG Station,16.1691047,75.6479553,,"Hindustan Petroleum Corporation Limited, M/s Balaji fuels HPCL Autonagar, Navanagar Rd, Bagalkote",0101000020E610000046B1811978E95240921914724A2B3040
AG&P Pratham CNG Station,16.3423628,75.6459562,,"M/s Venkateshwara Fuels, Badagandi",0101000020E61000008069AC5857E95240F35DA516A5573040
AG&P Pratham CNG Station,16.1862171,75.6125796,,"SS Meligiri, Gaddanakeri Cross, M/s, Gaddanakeri, Bagalkote",0101000020E6100000980C118134E75240BA7482ECAB2F3040
GO GAS BUNK HONAKERI,16.1808088,75.6605809,,"5MJ6+86G, Vijay Nagar, Vidayagiri, Bagalkote",0101000020E61000002F771CF546EA52403AD44A7C492E3040
AG&P Pratham CNG Station,15.9918444,76.9996131,,"SYNO: 63, Farah Fuel Filling station, M/s, Sindhanur Road, Nasalapur",0101000020E6100000CE4939A9F93F534005717907D3FB2F40
AG&P Pratham CNG Station,16.3049264,77.1482566,,"M/s Sri Mailarlingeshwar filling station SY NO 791 AND 785, Gabbur",0101000020E6100000A21A40097D495340E0AF13A80F4E3040
MeghaGas CNG Station,16.5099475,76.7584735,,"Ground Floor, GQ55+X9P, Kumbarpet, Shorapur, Aldhal",0101000020E61000007D586FD48A3053404D2D5BEB8B823040
MeghaGas CNG Station,16.5098521,76.758501,,"Ground Floor, Kumbarpet, Shorapur, Aldhal",0101000020E6100000EE3EC7478B305340034CCFAA85823040
MeghaGas CNG station,16.7560625,77.1435625,,"Q44V+CCV, Yadgir-Raichur Rd, Yadgiri",0101000020E6100000A69BC42030495340643BDF4F8DC13040
CNG STATION MANVI,15.992301,76.9992927,,"XXRX+WPF, Road, Nasalapur",0101000020E61000006B685E69F43F534081936DE00EFC2F40
"DKR ALIVELAMMA FILLING STATION -BPCL , CNG meghagas",16.3654902,78.0585779,,"HXP8+HR, Sankalamaddi, Kothakota Rd",0101000020E61000002D3185BDBF8353402D0208C4905D3040
Mahanagar Gas CNG Station,17.7515081,73.4145796,,"Mumbai - Goa Hwy, Valanjawadi",0101000020E6100000AEE5DF78885A5240D92DB8D562C03140
"CNG Pump, Satara",17.7666212,73.989022,,Satara,0101000020E61000009241EE224C7F5240976B764941C43140
Mahanagar CNG Gas Lote,17.6067971,73.4864806,,"JF4P+PHH, Unnamed Road, Asurde, Ghanekhunt",0101000020E6100000DCC8867F225F5240C2CE030E579B3140
"HP CNG - Shri Marleshwar Petroleum,Devrukh",17.0686911,73.6149745,,"near Sahyadri Nagar, Devrukh",0101000020E6100000EF5701BE5B675240B9066CBD95113140
"Bharat Petroleum, Petrol Pump & CNG -Sai Samarth Petroleum",17.0261605,74.6121076,,"TASGAON MANERAJU RD TASGAO, SANGLI",0101000020E610000084E85AC52CA752406FF25B74B2063140
Kadam Fuels & CNG,17.0101543,74.6102779,,"2J56+P6V, Tasgaon",0101000020E61000002E7E09CB0EA75240ED69E27899023140
"YM KRISHNA SSK petrol pump (CNG, Petrol, Diesel)",17.1658823,74.2481649,,"568W+56X, RETHRE BHUDRUK AT SUGAR FA FA,RETHRE BR, Shivnagar, Rethare bk.",0101000020E6100000F86008EFE18F52403A7C2D43772A3140
IMC LIMITED CNG Pump Filling station,17.7519076,75.801852,,"QR22+QP9, Chincholikati",0101000020E6100000DC0E0D8B51F35240259D37047DC03140
Chincholi MIDC CNG pump Solapur road,17.7518526,75.802007,,"QR22+QP9, Chincholikati",0101000020E6100000700A2B1554F352409E69786979C03140
AG&P Pratham CNG Station,17.3262342,76.8548674,,"Sy. No 71, Bilgundi Automobiles, Sedam Rd, Rajapur, Kalaburagi",0101000020E6100000A95AC125B636534033D6A31584533140
AG&P Pratham CNG Station,17.1180406,77.0697192,,"Survey No. 541/4, M/s.Vihwaguru Petroleum, K Nagav, Village, Chittapur",0101000020E6100000CFF9844776445340A899A4E8371E3140
AG&P Pratham CNG Station,17.1990077,76.7965855,,"Asmitha Petroleums On NH-50, Kalaburagi to Jewargi (LHS) Road, Farhatabad",0101000020E6100000F1BDBF41FB325340F5262B2BF2323140
AG&P Pratham CNG Station,17.384791,76.8608711,,"KIADB, MS Kapnoor Survey No, 6/1 & 6/2, Plot No. CA-1/2, Industrial Area, Kapnoor, Kalaburagi",0101000020E610000094241983183753408ECBB8A981623140
AG&P Pratham CNG Station,17.4222802,76.8853629,,"Survey No. 146, Sugureshwar Petroleum M/s HPCL, M/s, Aurad (B) Village, Kalaburagi",0101000020E6100000DF2527C9A938534093BF208E1A6C3140
AG&P Pratham CNG Station,17.1359056,76.9393156,,"Sy No. 215/21, Ustad Petroleum, on SH-125, near JP Cement Factory, Kalaburagi, Shahabad",0101000020E6100000D9A72DBF1D3C5340E0579BB5CA223140
AG&P Pratham CNG Station,17.3011167,76.8358938,,"Sri Saravana Fuels, Survey No. 37/4 & 37/5, Naganhalli, Cross, Ring Rd, Kalaburagi",0101000020E6100000777BB5487F3553408AC7EAFB154D3140
Petrol station and gas station,25.4223665,79.4826107,,"CFCM+W2X, Rath Rd, Panwari, Haiwatpura Brahama",0101000020E6100000C74CFD17E3DE53400D6D0036206C3940
AG&P Pratham CNG Station,17.390203,76.8649221,,"No. 11, Smieetaa Kawwale Petroleum, R S, 2/A, Humnabad Rd, Kapnoor, Kalaburagi",0101000020E61000009C4539E25A37534014CD0358E4633140
AG&P Pratham CNG Station,17.565289,76.9708508,,"Sy NO : 342/5, M/S, Kamalapur, Navadgi",0101000020E6100000E8D2646B223E5340DEC9A7C7B6903140
"Bharat Petroleum, Petrol Pump & CNG -V.R.Chidri - ಭಾರತ್ ಪೆಟ್ರೋಲಿಯಂ, ಪೆಟ್ರೋಲ್ ಬಂಕ್ ಮತ್ತು ಸಿ ಎನ್ ಜಿ - ವಿ ಆರ್ ಚಿದ್ರಿ",17.768405,77.104616,,"HUMNABAD NH-9, NH 65",0101000020E6100000DAA84E07B24653403815A930B6C43140
VR Chidri CNG station,17.7683951,77.1045804,,"Q493+9R4, Humnabad Industrial Area",0101000020E61000005E73FD71B14653401AE8908AB5C43140
MS PETROLEUM (BPCL) CNG,17.7637662,77.1556101,,"NH 65, opp. Thakur Dhaba, Humnabad, Hudgi",0101000020E6100000599B1084F54953404ACA822E86C33140
Bilgundi Petrol pump & CNG,17.3263289,76.8550243,,"Sedam Rd, Rajapur, Kalaburagi",0101000020E61000004272D7B7B83653405A3D714A8A533140
BPCL CNG station,17.6877776,77.0691324,,"M3Q9+4M6, Humnabad Rd, Kallur",0101000020E610000004464DAA6C445340DFEB5A3112B03140
Megha Gas CNG Station,17.4536773,78.13857,,"opposite to National Motors Washing Center, Shankarpalle",0101000020E61000003B8DB454DE88534005700E3224743140
Seashell Fuels and CNG station,8.9486757,76.5357937,,"WGXP+987, Cheelanthi junction, Salem - Kochi Hwy, Neendakara, Kollam",0101000020E6100000C8B9A8714A225340130544D2B8E52140
AG&P Pratham CNG Station,9.2522863,76.5163494,,"Vishnu Fuels, Thattarambalam, Mavelikara",0101000020E6100000CA935ADE0B2153402B757FAB2B812240
AG&P Pratham CNG Station,8.948676,76.5357955,,"GF,11/444, Sea shell Fuels, 445, Cheelanthi Junction, Neendakara, Karunagappalli, Kollam",0101000020E6100000047635794A2253400D0055DCB8E52140
AG&P Pratham CNG Station,8.871639,76.6717431,,"Adhidev Fuel Ground Floor, Kottiyam - Kundara Rd, Thazhuthala",0101000020E61000001374C5D6FD2A534017D68D7747BE2140
AG&P Pratham CNG Station,8.9438125,76.5376875,,"WGVQ+G35 Capithans Fuels, National Highway 47, Neendakara, Kollam",0101000020E6100000F4FDD47869225340AC1C5A643BE32140
Indian Oil CNG Filling Station,9.2483182,76.6685636,,"6MX9+99V, Kaipuzha, Kulanada",0101000020E6100000F252FBBEC92A5340D0002890237F2240
AG&P Pratham CNG Station,8.8887771,76.6324824,,"Electric Motors, NH 66, Kollam Bypass, Ayathil, Kollam",0101000020E6100000EBD275977A28534011DEC3CA0DC72140
HPCL Petrol Pump & CNG station,8.8886223,76.6324983,,"VJPM+X2V, HPCL Dealer, Kottamkara, NH 66, Bypass Rd, Nalanda Nagar, Ayathil, Kollam",0101000020E6100000A35126DA7A2853401BFE8980F9C62140
AG&P Pratham CNG Station,9.2536562,76.4657577,,"Nadapurayil Fuels, Salem - Kochi - Kanyakumari Hwy, Nangiarkulangara",0101000020E61000000D5762F9CE1D5340F3DAB639DF812240
AG&P Pratham CNG Station,9.0174964,76.9329123,,"VK Fuels, Kalayanad, Punalur",0101000020E610000050A2CAD5B43B53407198C349F5082240
AG&P Pratham CNG Station,8.5461501,76.9736335,,"Elenjickal Fuels, Thiruvananthapuram - Thenmala Rd, Vazhayila, MG Nagar, Peroorkada, Thiruvananthapuram",0101000020E61000009032E202503E53400D6A64FCA0172140
AG&P Pratham CNG Station,8.5027353,76.9127722,,"GW27+V48 COCO Chakkai, Thiruvananthapuram Byp, Kallummoodu, Venpalavattom, Thiruvananthapuram",0101000020E6100000ACEC16DC6A3A5340E916708566012140
AG&P Pratham CNG Station,8.6414568,77.0212467,,"HPC Dealers, SAF Fuels, PO, Chullimanoor, Nedumangad",0101000020E610000078691E1B5C415340F89793066D482140
AG&P Pratham CNG Station,8.5880851,76.9499159,,"Tadeo Fuels, Vattappara",0101000020E6100000D31C0F6CCB3C5340A0877F7D192D2140
AG&P Pratham CNG Station,8.9673361,76.8318539,,"HPCL COCO, Kilimanoor - Kottarakkara Rd, Panavely",0101000020E610000034E323183D355340FA7A63AD46EF2140
AG&P Pratham CNG Station,8.5037386,76.9009822,,"Plot No. A7-A, P.O, COCO DIC, Kochuveli Industrial Area, Kochuveli, Thiruvananthapuram",0101000020E6100000CDD13EB1A939534035779906EA012140
AG&P Pratham CNG Station,8.4547382,77.0601805,,"AMJ Associates, Vizhinjam - Balaramapuram - Kattakkada Rd, Ooruttambalam",0101000020E6100000D8D64FFFD9435340DB7B0272D3E82040
AG&P Pratham CNG Station,8.4836148,76.9302928,,"Aravind Fuels, H Bypass, NH Bypass Service Rd, Eanchakkal, Thiruvananthapuram",0101000020E610000013EDCFEA893B534021B9EB5B9CF72040
AG&P Pratham CNG Station,8.5275026,76.9898256,,"Jaya Petroleum, Mannarakonam, Maruthankuzhi, Thiruvananthapuram",0101000020E6100000972F794D593F5340251C1FD2140E2140
AG&P Pratham CNG Station,8.6402298,76.9301486,,"Madura Fuels IOCL Petrol pumb, Kuthirakulam PO, SH 1, Vembayam",0101000020E6100000E45AFE8D873B534068D94933CC472140
AG&P Pratham CNG Station,8.5060083,76.9092366,,"Timber Fuels GW45+9MX, Kazhakootam - Kovalam Bypass Rd Near Lord's Hospital, Chackai, Venpalavattom, Thiruvananthapuram",0101000020E6100000E154B5EE303A53405502188513032140
AG&P Pratham CNG Station,8.4220638,76.9770102,,"CXCG+PQH Abhichand Fuels, Venganoor Rd, Poonkulam, Thiruvananthapuram",0101000020E6100000F036CA55873E5340A6A613BF18D82040
AG&P Pratham CNG Station,8.7243708,76.8981657,,"Kuttoor Fuels, HPC Dealers, Vamanapuram, Nedumangadu, Taluk, Trivandrum",0101000020E6100000E5F8FC8B7B395340CF5AC0BAE0722140
AG&P Pratham CNG Station,8.6385625,76.8383125,,"Thonnakkal, Veiloor",0101000020E6100000FED478E9A63553406DE7FBA9F1462140
AG&P Pratham CNG Station,8.5180523,76.9799767,,"Hare Krishna Fuels, Kanjirampara, Thiruvananthapuram",0101000020E6100000E35531F0B73E5340343CAC263E092140
Samy Fuel Service (With Auto GAS Station),8.8222132,78.1306973,,"32f, Ettayapuram Rd, Jothi Nagar, Thoothukudi",0101000020E61000003B4B35585D885340D4ADE820F9A42140
SUPERGAS Gas Station - A.J Auto Gas,8.5372404,78.1050431,,"No. 27/1 Veerapandiapattanam village, Tiruchendur Taluk Tiruchendur to Tuticorin Main Road, Adaikkalapuram, Thiruchendur",0101000020E6100000E9CAB106B98653400F2E782C11132140
CNG PUMP - Angamali - Chalakkudi Road,10.245494,76.3701186,,"69WC+53J, NH544, Pongam, Kizhakkummuri",0101000020E61000000BA9EC05B01753407CBABA63B17D2440
AG&P Pratham CNG Station,9.7052723,76.3173905,,"AGP COCO Cherthala AG&P City Gas Private Limited, Thanki Junction, Kadakkarappally, Cherthala",0101000020E6100000E9633E2050145340A68C6E7319692340
Ponmankal CNG Station IOC,9.6699905,76.5719236,,"MH9C+XQV, Pala Rd, Ettumanoor",0101000020E6100000E17371659A245340EA42ACFE08572340
AG&P Pratham CNG Station,9.8279516,76.3103251,,"Vava Fuels, near Mithila Hotel, Eramalloor, Ezhupunna",0101000020E610000030E8CE5DDC1353407D57A945E9A72340
Indianoil-Adani Gas Pvt Ltd CNG Station,9.9857349,76.3157206,,"33/2440 F, 4th Floor, Compass Tower Post Office, NH 47, Haritha Bye Ln, Kuthappady, Thammanam, Kochi",0101000020E61000001BEB2CC4341453403A0DAC3EB2F82340
AG&P Pratham CNG Station,9.8816636,76.3024995,,"St Augustine Fuels, Aroor Edakochi Bridge, opposite Kalapurakkal Auditorium, Aroor gram panchayat, Kochi",0101000020E61000009BE3DC265C135340B225506969C32340
Indianoil-Adani Gas Pvt Ltd CNG Station,10.237799,76.2089446,,"66Q5+4H8, Kodungallur",0101000020E610000040EB2B595F0D5340030B60CAC0792440
AG&P Pratham CNG Station,9.5788408,76.3272848,,"NATESH FUEL HPCL PUMP, NH 47, Kalavoor, Alappuzha",0101000020E6100000961EF23BF2145340532E43D25D282340
AG&P Pratham CNG Station,9.6117685,76.3622519,,"J966+JVH MRL Fuels, Aryakara, Muhamma",0101000020E61000007DDA97222F1753402A7288B839392340
AG&P Pratham CNG Station,9.4998604,76.3341253,,"KSCSC Fuels, VCSB Road, Vazhicherry Ward, Sea View Ward, Alappuzha",0101000020E61000000911154F621553408621CDB3EDFF2240
Adani CNG Station | SR Fuels,11.1597981,77.3398159,,"585Q+WWP, SR fuel, Poondi ring road pooluvapatti",0101000020E61000004B4A308BBF55534006ED7A0ED1512640
AG&P Pratham CNG Station,9.7336772,76.3185746,,"Majestic Fuel Services NH 47, Ponnamvely (vayalar), Pattanakkad, PO, Cherthala",0101000020E61000008615B8866314534047A4B789A4772340
Indianoil-Adani Gas Pvt Ltd CNG Station,10.0917132,76.3456387,,"38RW+M7M, Choornikkara, Aluva",0101000020E6100000D82EC8F11E16534017395508F52E2440
AG&P Pratham CNG Station,9.6696951,76.3392652,,"Thangham Fuels, NH 66, Nedumbrakkad, Cherthala",0101000020E6100000F0AA6285B61553403995B146E2562340
AG&P Pratham CNG Station,9.5031932,76.3284976,,"P H Ward, Prima Fuels, AS Road, NH 66, Aarattuvazhi, Kanjiramchira, Alappuzha",0101000020E61000002134CC1A06155340A123038AA2012340
IOCL CNG FILLING STATION (FORTUNE SERVICE STATION ),9.8924668,76.3724591,,"IOCL PETROL PUMB, FORTUNE SERVICE STATION, IOC Gas Plant Rd, Udayamperoor, Thrippunithura, Kochi, Ernakulam",0101000020E61000003F66B15ED617534013888D68F1C82340
HPCL Pump and CNG Station,9.9857192,76.3158618,,"Service road, NH Bypass, Chakkaraparambu, Thammanam, Kochi",0101000020E610000090436914371453401D14DE2FB0F82340
"Ponmankal Fuels, CNG Station, HP Petrol Pump",9.6925419,76.5522476,,"MHV2+5V8 Ponmankal fuels, HP petrol station, SH15, Kanakkary",0101000020E6100000D9525106582353402B3817DA94622340
Bharat Petroleum Petrol Pump & CNG Station St.Augustine Fuels,9.8816615,76.3024989,,"Aroor gram panchayat, Kochi",0101000020E6100000DDA458245C135340DC48D92269C32340
"Hindustan Petroleum Pump Sree Muruga Fuels and CNG - Opp.KKTM College,Trissur Road",10.237842,76.2090072,,"Opposite KKTM College,Trissur Road, Pullut, District Trissur, Kodungallur",0101000020E61000003A28BC5F600D5340003B376DC6792440
Hindustan Petroleum Pump And CNG Station,9.8279104,76.3104782,,"Salem, Panvel - Kochi - Kanyakumari Hwy, Eramalloor, Ezhupunna",0101000020E6100000BEC7F4DFDE1353405C0938DFE3A72340
Bharat Petroleum Company Owned Pump and CNG Filling,9.9703261,76.3215876,,"Mobility Hub, Vyttila Mobility Hub Road, Vyttila, Ernakulam",0101000020E6100000253328E49414534013E92395CEF02340
COCO STATION KALAMASSERY CNG PUMP,10.053678,76.349323,,"Biotechnology Zone, Kinfra Hi-Tech Park, 15 A, HMT Colony, North Kalamassery, Kalamassery, Kochi",0101000020E6100000662FDB4E5B1653408507CDAE7B1B2440
Gasoline The Filling Station Indian Oil Fuel and CNG Station,10.1166803,76.4872437,,"AM Rd, Perumbavoor",0101000020E6100000A62B33002F1F5340C92C3185BD3B2440
Bharath Petroleum - Varghese Pereppadan Fuels and cng,10.2492616,76.2659487,,"near to Mala Kulam, Mala",0101000020E61000007A3AB24D051153401A4C68379F7F2440
Hindustan Petroleum Prima Fuels CNG,9.5043758,76.3284025,,"P H Ward, AS Road, NH 66, Aarattuvazhi, Kanjiramchira, Alappuzha",0101000020E61000002D5BEB8B04155340A5C97B8B3D022340
(Indian Oil)Bairava Petrol & CNG Bunk,9.6563496,77.2235978,,"Indian oil, kumbam to kumili, road, Cumbum",0101000020E6100000489D256D4F4E5340417C050E0D502340
"Bharat Petroleum Petrol Pump.CNG station , THOMAS KARAMAYIL FUELS",9.5635996,76.8133998,,"NH183, 26th Mile Bridge",0101000020E6100000ABE408BE0E345340CE13742090202340
Gas Station,10.125716,77.5501307,,"4HG2+73J, Chennai - Theni Hwy, Quaid-e-Millat Nagar, Keelavadagarai, Endapuli",0101000020E6100000A341655735635340FA2AF9D85D402440
HP PETROL PUMP - K.RENGASAMY NAIDU & CO,10.1175756,77.5465148,,HPC Dealer Cumbom Road Thenkari Periyakulam,0101000020E6100000EB313619FA6253407B9D79DE323C2440
AG&P Pratham CNG Station,9.5473738,78.5860383,,"Meera Filling Station, 169/2.170/3, Paramakudi Main Rd, Vasantapuram, Maruthu Pandi Nagar, Madurai, Paramakudi",0101000020E6100000052DC9A681A55340DF5FF36041182340
AG&P Pratham CNG Station,9.4196743,78.3704276,,"S.NO. 152, Lakshimi Filling Station, 2B2 & 152/3B, Narayanapuram, Kamuthi, Kamudi",0101000020E61000004AE2F615B597534082F1C28CDFD62240
AG&P CNG STATION Paramakudi,9.5503862,78.5841633,,"Maruthu Pandi Nagar, Paramakudi",0101000020E6100000804177EE62A55340E5565238CC192340
CNG Bunk,9.951443,78.167232,,"3, Melur Main Rd, Nethaji Nagar, Otthakadai, Uthangudi",0101000020E61000000FB6D8EDB38A53402904728923E72340
BAVA FUELS & CNG GAS,9.4114041,78.1018161,,BAVA FUELS CNG GAS ARUPPUKOTTAI TO PANDALGUDI NH38,0101000020E610000033EDAC278486534071E1E58EA3D22240
Gas Station,9.9063147,78.0994611,,"W34X+GQG, Tirupparankunram Rd, Andalpuram, Madurai",0101000020E610000059EE16925D865340A2C4F87A08D02340
TOTAL ENERGIES AUTO FILLING GAS STATION,9.9423634,78.1654383,,"151/1, Pandi Kovil Ring Rd, Madurai",0101000020E61000006000868A968A53400DE59F747DE22340
Indian Oil Pump + CNG,10.0992355,77.9599705,,"3XX6+H7, Kulasekarankottai",0101000020E6100000FCA71B28707D53405534D6FECE322440
Vaigai Gas Agency,9.9250331,78.1198143,,"29, Vaithiyanathapuram Road, Near Kennet Road, Madurai",0101000020E6100000F6059909AB8753405C6F40F09DD92340
Go Gas,9.951691,78.1725,,"X52F+M2C, Madurai, Uthangudi",0101000020E6100000D7A3703D0A8B53408ACBF10A44E72340
Bharat Petroleum and CNG Station,10.9037746,75.9219328,,"KG PADI , TIRUR, MALAPPURAM",0101000020E610000005476EF200FB524035E95B8BBBCE2540
Indian oil CNG Pump,10.5147471,76.2188922,,"G679+VHR, High Rd, M T Nagar, Anchery, Thrissur",0101000020E61000005E166E54020E5340F36B90EE8C072540
Hindustan Petroleum Pump and CNG Station,11.1276419,76.0448276,,"HPC Dealers Valluvambram, Kozhicode (calicut)",0101000020E610000053FD9474DE025340D83274475A412640
Hindustan petroleum CNG and petrol pump,10.9429599,75.9386123,,"HPC Dealers Cheriyamundam Thalakkadathur P.O., Kozhicode (calicut)",0101000020E6100000E507533912FC5240FDE0D7A3CBE22540
Bharath Pertroleum & CNG Kolaithazham,11.291156,75.8626938,,"7VR7+F38, Karanthoor Medical College Rd, Mayanad",0101000020E6100000915D0E6036F752408011346612952640
"Emmay Fuels, Bharat Petroleum, Petrol & CNG Station",10.42188,76.1044242,,"C4C3+QQ4, Nattika, Triprayar",0101000020E61000004DFAD6E2AE06534047ACC5A700D82440
PFC Indian Oil CNG Naduvath,11.211297,76.2246,,"9/76, SH73, Naduvath",0101000020E61000009FABADD85F0E53405F7CD11E2F6C2640
"Bharat Petroleum, CNG and Petrol Pump -Maliyakkal Fuels",11.0466671,75.9110748,,CALICUT RD CHEMMAD MLPRM,0101000020E61000006C8DAD0C4FFA52402C9908C0E4172640
"Bharat Petroleum, Petrol Pump & CNG -Kaykayem Petro Park",10.788645,76.5948777,,"SHORANUR RD KALLEKAD PLK, Palakkad",0101000020E6100000A9A7EA7912265340CF4E0647C9932540
"Bharat Petroleum,CNG & Petrol Pump -Royal Fuel Agency",10.4585978,76.2087304,,"St. Xavier's High School Chevoor, Chevoor P O, Kodungallur - Shornur Rd, Chevoor, Thrissur",0101000020E6100000956BC0D65B0D5340FC08B254CDEA2440
PARAYANGAT FUELS CNG Kerala's First MRPL Outlet,11.2711313,75.9784724,,"Kozhikode - Mavoor - Areacode Rd, Koolimad",0101000020E61000007982B34A9FFE52400CD8C4B8D18A2640
"Parappanad Fuels,CNG",11.0425992,75.8616912,,"2VV6+2MP, Tirur - Kadalundi Rd, Parappanangadi",0101000020E610000010D0D8F225F75240E9ABF58FCF152640
KALLINGAL Bharat petroleum CNG സ്റ്റേഷൻ,11.2557647,76.0352871,,"KOYILANDY EDAVANNA ROAD, SH34, Kizhuparamba",0101000020E6100000201ED3244202534048F13B97F3822640
"Bharat Petroleum, Petrol Pump and CNG Filling Station-Mayilvahanam",10.7762573,76.3206585,,"VANIYAMKULAM PLKD, PALAKKAD",0101000020E6100000CDAB3AAB851453400190C998718D2540
Hindustan Petroleum Pump And CNG Station VPM Petroleum,11.230718,76.054111,,"Puthalam, Areekode",0101000020E6100000A6D6FB8D76035340723271AB20762640
"Hindustan Petroleum Santhosh Fuels (CNG, petrol, diesel)",10.5230897,76.2503474,,"HPC Dealers, Kalathode, Thrissur",0101000020E6100000DFE819B105105340B8BFC469D20B2540
"Bharat Petroleum, Petrol Pump, CNG -Safiya Petro Park",11.0320934,76.0613561,,"MALAPPURAM-KOTTAKKAL ROAD,WEST KODUR, P O, Kodur",0101000020E61000003FBA2242ED035340BCD5CE8B6E102640
Petrol Pump HP Kolappuram PETROL DIESEL CNG,11.0617339,75.9348379,,"NH 66, Kolappuram",0101000020E6100000EDE35762D4FB5240EC1BF3959B1F2640
Adani CNG station | Rohith Green Fuels,11.2157915,77.3494982,,"NH544, Salem-Kochi Highway, Eettiveerampalyam, Perumanallur, Tiruppur",0101000020E6100000B2C0B22D5E565340738236397C6E2640
CNG /Petrol / Diesel Station,11.0536802,76.916859,,"KNG Pudur Pirivu, Coimbatore",0101000020E6100000C5025FD1AD3A5340AFE29EF87B1B2640
CNG HINDUSTAN PETROLEUM HP PETROL PUMP - M L ENTPS,10.948789,77.729458,,"HPC Dealers RS NO 1176 2 Senapathipalayam Kangeyam Taluk, Coimbatore",0101000020E61000008E739B70AF6E5340ED9BFBABC7E52540
Chennimalaiappam CNG Pump,10.7441835,77.0226426,,"P2VF+H2V, Kovilpalayam",0101000020E6100000C59FF2F9724153401572A59E057D2540
Lakshmi Fuel Indian Oil & CNG Filling station,10.8691328,76.8861675,,"VV9P+QJ6 KCR Building, Kandhe Gounden Chavadi",0101000020E6100000CCD1E3F7B638534006C36FF9FEBC2540
CNG - BPCL Bunk-Senthur Velavan Agency,11.2732788,77.5878832,,"822/11C1, RS Rd, Thoppupalayam, Perundurai",0101000020E61000008A77DBE09F6553405861E932EB8B2640
Indian Oil Petrol Pump & Adani CNG,10.9800781,77.3335013,,Palladam,0101000020E61000001A2BD61558555340380DF6CBCCF52540
HP PETROL & CNG PUMP - KALYANAM & CO,11.1677321,77.2316495,,"Hpcl Dealer S. NO. Avinashi NH-47 Pudupalayam,, 15, Avinashi-Sevur-Puliampatty-Sathy Rd, Soolai, Coimbatore",0101000020E6100000A0A86C58D34E534093FA57FBE0552640
HP CNG pump,10.970059,76.909262,,"XW95+WMG, Siruvani Main Rd, Postal Colony, Kalampalayam, Coimbatore",0101000020E6100000B75F3E59313A53408461C092ABF02540
BPCL RETAIL OUTLET - CNG Gas Station CIKI VAHANA AGENCY,10.443627,77.5306457,,"SF, 167/1C3, Palani Bypass Rd, MGR Nagar, Sivagiripatti, Palani",0101000020E6100000D5D06119F6615340C43E011423E32440
ELVEE AUTOS Petrol pump (CNG AVAILABLE),10.9984379,77.0209274,,"Nagapattinam - Coimbatore - Gundlupet Hwy, Thiyagi Shanmuga Nagar, Chellandy Amman Nagar, Singanallur",0101000020E6100000C8A5E0DF56415340812C9F4033FF2540
"Thiru Murugan Traders - IOCL Petrol, Diesel & CNG Retail Outlet",10.8865625,76.9138125,,"R.F, Palakkad - Coimbatore Rd, Ettimadai R.f., Ettimadai",0101000020E6100000448B6CE77B3A534052B81E85EBC52540
Indian Oil and CNG,10.6680441,77.0070918,,"Venkatasa Colony, Pollachi",0101000020E610000077442A31744053404E9253E009562540
Kumaran CNG,10.6898638,77.2759767,,"M7QG+WCV, Udumalaippettai",0101000020E6100000503D2D9AA95153407963F7D335612540
Bharat petroleum {CNG + petrol + diesel},11.2388426,77.6629641,,"6MQ7+J45, Thenmugam Vellode",0101000020E610000003FBF9006E6A534081C8C793497A2640
CNG - BPCL Bunk - Vetri Velayutha Agencies,11.2892386,77.5479755,,"SF No.84/3A2, Sullipalayam village Kunnathur, Seenapuram, to, Perundurai - Sathyamangalam Rd, near Annand Bakery, Perundurai",0101000020E610000098E0D407126353404D7BEF1417942640
Indian Oil &CNG STATION,10.9891739,76.9999593,,"CBE SOUTH TK, 67/2A, Nethaji Nagar, Nanjundapuram, Coimbatore",0101000020E610000030B54A55FF3F5340121D5D0075FA2540
HP petrol Bunk~VARAHI FUELS CNG BUNK,10.7251372,77.523917,,"Mosque, Namagiri Min Nagar SF NO: 57(OLD NO: 194/4D3, opp. KANNAN NAGAR, Gandhipuram, Dharapuram",0101000020E610000061342BDB87615340DD39DE2E45732540
"Bharat Petroleum Petrol Pump, Sri TKS Agency, CNG Filling Station",11.1767079,77.7014,,"SH 37, Erode - Palani Rd, Main Road, Arachalur",0101000020E6100000865AD3BCE36C5340C2E33675795A2640
Sree Amman enterprises - CNG - Bharat Petroleum,11.0431346,77.0443323,,"Bharath Petroleum Petrol Bunk, 87/22A, Avinashi Rd, Peelamedu, Indira Nagar, Civil Aerodrome Post",0101000020E610000003AA2457D6425340EFA600BD15162640
A.Nachimuthu&Sons - CNG - Bharat Petroleum Dealer,10.9648701,76.9702996,,"Old NH, Sundarapuram, Coimbatore, Kurichi",0101000020E61000009A547E63193E5340C9C6287403EE2540
CNG STATION,11.2140304,78.1734917,,"Sivasakthi Petrol Bunk Complex, Trichy Rd, opp. to Ramesh Theatre, Thillaipuram, Namakkal",0101000020E61000002868EE7C1A8B534019B38064956D2640
Thirumurugan auto gas company TOTAL Gas Station,10.9480203,78.0886517,,"Kamaraj Nagar, Gandhi Nagar, Karur",0101000020E6100000070F2E78AC85534062E3B0EA62E52540
HP Petrol and cng Bunk thottiyam,10.978477,78.3414487,,"Survey NO 264/ Salem Thottiam, 3, Main Rd, Trichy",0101000020E6100000C0F0A54BDA955340C1C6F5EFFAF42540
Megha Gas CNG stationKarur contact number,10.9813792,78.0307129,,"X2JJ+G75, SH 84, Karur",0101000020E61000002E443D33F781534004F3A15577F62540
IRM ENERGY LIMITED CNG STATION,10.8082423,78.6816557,,"RM5J+7J9, Cantonment, Tiruchirappalli",0101000020E610000072A83A3FA0AB5340D67C4BEFD19D2540
Propel auto gas,10.9520773,78.0585862,,"Old Dindigul Rd, Karur",0101000020E6100000CD3F55E0BF835340288705AD76E72540
BPCL Petrol Pump Cng,10.8351829,78.7054494,,"RPP4+354, Odathurai Rd, Sanjeevi Nagar, Tiruchirappalli",0101000020E6100000E77E3D1526AD53405C5BD3179DAB2540
RCS Petrol Pump and CNG Station,10.781743,78.6872453,,"Mannarpuram, Tiruchirappalli",0101000020E61000001AF5B5D3FBAB5340FDC0559E40902540
IRM ENERGY - CNG station,10.7853461,78.690173,,"QMPR+43M, Chennai - Theni Hwy, Mannarpuram, Sangillyandapuram, Tiruchirappalli",0101000020E610000043E55FCB2BAC534011154FE218922540
IRM ENERGY CNG STATION,10.978441,78.3414816,,"X8HR+9HH, Thottiyam",0101000020E6100000E30BA4D5DA9553408E210038F6F42540
Bharat Petroleum Petrol Diesel & CNG Pump,11.1258748,78.0161772,,"Velur, Namakkal, NH-7, Salem Namakkal Karur Road, Namakkal, Namakkal",0101000020E6100000373C180C09815340F5C76AA972402640
CNG GAS STATION,11.2338013,78.1650552,,"Ground Floor, Aarthi Complex, 119 A, Salem Rd, near Bharat Petroleum, R.P Pudur, Namakkal",0101000020E61000003982AF43908A53404A86D2CDB4772640
"Bharat Petroleum Petrol CNG Pump , BP TRICHY CITY",10.830884,78.686031,,"Karur Bypass Rd, Annamalai Nagar, Tiruchirappalli",0101000020E6100000B34291EEE7AB5340118AADA069A92540
"Nacchiyaar agency Bharat Petroleum, Petrol Pump cng -Paramathi Velur Taluk",11.1463981,78.0223277,,"PARAMATHI MAIN RD, NAMAKKAL",0101000020E6100000E05229D16D815340A16417B1F44A2640
"Bharat Petroleum, Petrol Pump -Paramathi Velur Taluk Lorry Owners@CNG",11.1645839,78.0300073,,"PARAMATHI VILLAGE, NAMAKKAL",0101000020E61000000A09BDA3EB81534072E5475744542640
Gas Station,11.2131859,78.2001096,,"6672+72H, SH 161, Anna Nagar",0101000020E610000067E77E98CE8C5340C8EFC8B3266D2640
CNG Station,11.9002174,75.3684519,,"W929+39P, Panvel - Kochi - Kanyakumari Hwy, Podikkundu",0101000020E61000008A2947B794D752408F94884BE9CC2740
Hindustan Petroleum and CNG Station,11.5244059,75.6173804,,"HPCL Dealers Vadakara NH66 (calicut),, Payyoli",0101000020E610000040CC142983E75240ADA81CEE7E0C2740
CNG,11.9140515,75.4743764,,Cherukottaram,0101000020E6100000A1FFD42E5CDE524030B8E68EFED32740
HP Petrol Pump - Janatha Service Station and cng station,11.8380573,75.5687238,,"Kuthuparamba, SH30, Kozhicode (calicut)",0101000020E61000003D5D82F865E452401E59AFD815AD2740
cng online station,11.8951877,75.4107507,,"VCW6+38C, Kannur - Mattannur Rd, Varam",0101000020E6100000C8D34DBD49DA52401B90CE0A56CA2740
C K petroleum BPCL CNG,11.5085064,75.6243886,,"GJ5F+GJ7, Payyoli",0101000020E6100000B23F9AFBF5E75240079D6BF35A042740
CNG STATION,11.5272251,75.699707,,"GMGX+WV7, Payyoli - Perambra Rd, Manhakulam",0101000020E61000001172DEFFC7EC5240BB42C472F00D2740
AG&P Pratham CNG Station,12.2685878,76.6370229,,"Renuka Service Station, Mananthavadi Rd, Block A, JP Nagar, Mysuru",0101000020E61000006693B2FBC42853408D35125784892840
AG&P Pratham CNG Station,12.2829276,76.6414926,,"Vasanth Service Station, Mananthavadi Rd, opposite NIE College, Vidyaranyapura, Mysuru",0101000020E61000001168FA360E2953408445EAE2DB902840
AG&P Pratham CNG Station,11.927667,76.670528,,"BMP Fuels, Mysuru - Ooty Rd, Begur",0101000020E610000059C345EEE92A53402828452BF7DA2740
AG&P Pratham CNG Station,12.136062,76.660039,,"AG&P COCO, Vidyaranyapura - Nanjangud Rd, KIADB, Industrial Area, Mysuru, Chikkaiahnachatra",0101000020E610000069C537143E2A5340EB7420EBA9452840
"Bharat Petroleum, Petrol and CNG Pump -Sapthagiri Service Station",12.1374067,76.6727117,,"NANJANGUD ON NILGIRI ROAD, MYSORE",0101000020E6100000BDC85FB50D2B5340A880C52B5A462840
"Bharat Petroleum, Petrol and CNG Pump",12.2685281,76.6372104,,"MANANDAVADI RD, MYSORE, Mysuru",0101000020E6100000F32A210EC8285340311DDF837C892840
Cng gas station,11.5950343,76.0774634,,"H3WG+3XP, Bangalore-Calicut High Way, NH 766, Madiyur, Kalpetta",0101000020E6100000C4680C29F50453401BFFF455A8302740
Akhila Petroleums - Bharat Petroleum & CNG,11.6589366,76.2459386,,"NH 766, Sultan Bathery",0101000020E6100000BDF44075BD0F53405E46562360512740
Bharat Petroleum and CNG Fuel Station,11.5956493,76.077716,,"NH 766, Madiyur, Kalpetta",0101000020E61000000F98874CF904534045C5EEF1F8302740
"Engappuzha HP Petrol, CNG Bunk",11.4628866,75.968472,,"Engapuzha, Raroth",0101000020E6100000DFC5FB71FBFD52406583F178FFEC2640
"Maruthi Petrol, Diesel and CNG Filling Station",11.8114795,76.0009215,,"329, Mananthavady",0101000020E610000040170D190F005340B6BFB33D7A9F2740
AG&P Pratham CNG Station,12.2443315,76.6599071,,"Omkar Service Station, Mandakhalli, Mysuru, Gudumadanahalli",0101000020E61000007C39FDEA3B2A5340E7C3B304197D2840
Total Gas,12.2761372,76.6462626,,"7JGW+CHR Ganesh Temple, Vidyaranyapura, Visveshwara Nagar",0101000020E610000030E8CE5D5C295340046BE6DA618D2840
CNG & LPG Thousif fiting service center mysore,12.2904535,76.6423994,,"7JRR+5XJ, Railway Station Rd, Kuvempu Nagand Stage, Ashokapuram, Mysuru",0101000020E6100000157E5F121D29534079043752B6942840
"Bharat Petroleum, Petrol&Cng Pump -M/S K M R Petroleum - KOZHIKODE",11.4836223,76.008531,,"WAYANAD RD ADIVARAM CLT, KOZHIKODE",0101000020E610000024809BC58B0053408C3B94579DF72640
Hoysala Autogas (Aegis Autogas),12.285808,76.654841,,"7MP3+6XR, Jhansi Lakshmi Bai Road, Gundurao Nagar, Chamundipuram, Mysuru",0101000020E61000001EC539EAE8295340CEDE196D55922840
Go Gas Station,12.1275622,76.6773908,,"4MHG+2XC, Mysuru - Ooty Rd, Near NI college, Chamalapura",0101000020E61000001F27F15E5A2B534060692AD54F412840
AG&P Pratham CNG Station,11.912011,76.9436079,,"Priyadharshini Service Station, Sathy Road, Somavarpete, Chamarajanagar",0101000020E6100000D3AF6312643C53403C2F151BF3D22740
AG&P Pratham CNG Station (COCO),11.916211,76.9257633,,"WW8G+M7Q, SH81, Uthavalli",0101000020E61000009255B6B43F3B53408E78B29B19D52740
IRM ENERGY CNG STATION,11.445069,77.7198923,,"CPW9+2XC, Salem - Kochi Hwy, Komarapalayam",0101000020E61000001A4927B7126E534046ED7E15E0E32640
Bharat Petroleum Pump (Vinayaga Agencies CNG),11.4016359,77.3392347,,"to, Avinashi Road, Gobichettipalayam",0101000020E6100000C78A7505B65553408FCC7E38A3CD2640
CNG Available,11.5886134,77.5873154,,"HHQP+CV2, Anthiyur",0101000020E6100000FADB54939665534088F94DBC5E2D2740
"Bharat Petroleum, Petrol Pump, CNG -Sri Basaveshwara Service Station",12.1523607,77.097906,,"KOLLEGAL AT BAPU NAGAR, N, CHAMARAJNAGAR",0101000020E610000042058717444653402E64BF38024E2840
CNG GUS,11.767838,77.003586,,"Q293+393, Annanagar, Gajanur, Marur",0101000020E61000004D2EC6C03A4053408940F50F22892740
Hindustan Petroleum & CNG - Bhavani Kumarapalayam LOA Petrol Bunk,11.4450358,77.7198667,,"Service Road, Komarapalayam",0101000020E6100000AF7EC74B126E534030197DBBDBE32640
Total Gas Station,11.92622,76.9340248,,"WWGM+FJJ, Unnamed Road, Urban, Chamarajanagar",0101000020E6100000CA69F40FC73B534060CD018239DA2740
"GO GAS BUNK, SATHYAMANGALAM",11.4890483,77.2455946,,"F6QW+J69, Ukkaram-Sathy Road, Ariyappampalayam, Sathyamangalam",0101000020E6100000C0C469D2B74F53402C54ED8964FA2640
"Bharat Petroleum Petrol Pump , M/S. S.J.FUELS , CNG AVAILABLE",11.4601831,77.3150095,,"S.F.NO. 54/2B, SATHY-GOBI MAIN ROADAKKARAI KODEVARI VILLAGE",0101000020E61000007A1B9B1D295453400358891E9DEB2640
AUTO GAS STATION,11.4181211,77.6774017,,"CM9G+6XR, Salem - kochi Highway, Service Rd, Mettunasuvanpalayam",0101000020E61000004FF0A88C5A6B5340FC8804F813D62640
"Bharat Petroleum Pump,CNG GAS",11.5885108,77.5871498,,Anthiyur,0101000020E61000009736C1DC9365534083AF9E49512D2740
Bharat Gas Station,11.4988649,77.2440208,,"NH 948, North Rangasamuthram, Sathyamangalam",0101000020E6100000CDE26A099E4F53409F3E5D386BFF2640
Indian Oil CNG Station,11.6626259,78.192801,,"A, 4, Cuddalore Main Rd, Pudupet, Attur, Salem",0101000020E6100000B66801DA568C534013F7B3B343532740
CNG station,11.8261137,77.9285327,,"RWGH+FCF, M.Kalipatti",0101000020E610000010F16A146D7B53401C8EF85FF8A62740
CNG FILLING STATION - Swarnambigai Fuel Service,11.6934495,78.111788,,"S.F.NO.150/2A, NH 44, near Radisson Hotel, Ammapalayam, Salem",0101000020E61000007505DB8827875340E8DA17D00B632740
CNG Filling Station - ASR Hi Tech,11.4625401,77.8475442,,"SH-79A . Erode--Salem, Bhavani Main Road, Sangagiri",0101000020E6100000873A072A3E765340592D550ED2EC2640
CNG Filling Station,11.6282986,78.1360746,,"NH-7, BYE-PASS ROAD, Amanikondalampatty, Salem",0101000020E61000003E343D72B5885340C43EA65AB0412740
CNG Filling Station - Lakshmi Agencies,11.7653884,78.0528781,,"SF No 82, 3B 82/4D 93/1, NH 44, Near, Airport, Kamalapuram, Salem",0101000020E61000002D8BD35A62835340BD7905FDE0872740
CNG Filling Station - Aarthi Agencies,11.5758082,78.040195,,"Kadathur Agraharam, Salem",0101000020E61000009D9D0C8E928253408A891755D0262740
CNG Filling Station - Mangai Fuels,11.7082923,77.9838597,,"SH-86, Omalur Main Road, Sikkampatti Omalur Taluk",0101000020E61000008DD6AC8EF77E53406A04D149A56A2740
CNG Filling Station - Annai Petro Traders,11.659346,78.1570814,,"Ward No B, Block, TS No 9, 18, Bretts Rd, 1st Agraharam, Salem",0101000020E6100000D5F3249F0D8A5340307F85CC95512740
Aruljothi enterprises ( Indian oil cng bunk ),11.5938004,78.6131714,,"HJV7+P35, Attur",0101000020E6100000EC7541333EA7534014B4249B06302740
IOCL Petrol & CNG SLOA UNIT-III,11.5018372,77.9104258,,Avarangampalayam,0101000020E6100000D11B936A447A53401AD533CEF0002740
IRM ENERGY CNG,11.436262,78.157197,,"C5P5+C6Q, Varadhan St, Rasipuram",0101000020E6100000E08101840F8A5340A0F99CBB5DDF2640
HP Fuel Station - SS Agencies first cng station in rasipuram,11.4625769,78.1829548,,"NO.132/1, Salem Main Rd, Rasipuram",0101000020E61000005CA90C88B58B534027C522E1D6EC2640
Indian Auto Gas (CNG),11.5686875,78.3857031,,"H99P+F7G, Mangalapuram",0101000020E6100000D01D0E5CAF985340BA490C022B232740
CNG Filling Station - KSS Enterprises,11.5674117,77.9007383,,"Ground Floor, Sankari Main Rd, Konganapuram, Erumaipatti",0101000020E61000004C3041B2A57953404BBC4DC983222740
HP PETROL Gas PUMP - LATSHMEE TRADERS,11.6306556,78.1256176,,"HPC Dealers Salem, Kondalampatti, Coimbatore",0101000020E610000054F3661E0A8853401A14724AE5422740
"Bharat Petroleum, Petrol Pump, CNG -Durga Fuels",11.455378,77.809927,,"PACHAMPALAYAM, NAMAKKAL",0101000020E61000006F490ED8D5735340C2A2224E27E92640
Shalivahana Fuels HPCL And Gail Gas CNG station,12.8400734,75.2860964,,"Puttur, Taluk, Uppinangady",0101000020E6100000376046674FD25240A37AC6191EAE2940
Gail CNG,12.8019458,74.9653702,,"RX28+Q5J, Mudipu, Kurnadu",0101000020E61000001C6217A0C8BD52404154D0A3989A2940
"Bharat Petroleum, Petrol Pump and CNG Station -Safari Agencies",12.4122558,75.0926236,,"NH 66, Vadakkekara, Periye",0101000020E61000009E35898BEDC55240322C353113D32840
BPCL: Kumara Krupa Service Station | CNG Station,12.6841177,75.6092163,,"MJM5+JMX, Kulkunda",0101000020E61000002B2C5D66FDE65240BF3AD8AC445E2940
"STEPGAS, Uppinangadi",12.843348,75.2479214,,"Main Road, opp. HM Hall, Uppinangady",0101000020E6100000A03EB8F1DDCF5240454B1E4FCBAF2940
HP Petrol Pump - B M R Enterprises & CNG,12.83973,75.10939,,"HPC Dealer B M Road NH 48 Mani, Mangalore",0101000020E61000009B20EA3E00C75240AEF02E17F1AD2940
AG&P Pratham CNG Station,12.6536201,76.4936889,,"SH-7, K.R.S.- K, Sri Lalitha Service Station, R.Pete Rd, KR Pet, Mandya",0101000020E61000007CF95399981F53403904334BA74E2940
AG&P Pratham CNG Station,12.4462257,75.9293626,,"Sri Sidheshwara Fuel Station M/s HPCL Bollur, Kushalanagar, Guddehosuru",0101000020E6100000094845AD7AFB5240F844E8B177E42840
AG&P Pratham CNG Station,12.4166339,76.6851086,,"Sri Chakra Fuel Station, SH-17, BM Road, Srirangapatna",0101000020E610000056CDBDD1D82B534054CFDD0951D52840
AG&P Pratham CNG Station,12.4663611,76.6623669,,"Lokeshwari Fuel Station, Khata No: 350, Kadathanalu Grama Darasaguppe Pannchayath, Srirangapatna, taluk, Mysuru",0101000020E6100000FC5C2338642A5340D040D1E1C6EE2840
AG&P Pratham CNG Station,12.483018,75.9553655,,"Industrial Area Rd, New Mangalore, Industrial Area, Baikampady, Mangalore, Kudumangalore",0101000020E6100000828E56B524FD524037C2A2224EF72840
"CNG Fuel Pump Station,Kadathanalu.",12.4655771,76.6684398,,"FM89+69P, KADATHANALU VILLAGE, K R PET MAIN ROAD, TQ, Srirangapatna",0101000020E61000001116BAB7C72A53407688241F60EE2840
HP CNG Petrol Pump,12.446027,75.9292925,,"Hpcl Dealers Sy.no.41, Bollur Village, Kushalanagara, Mangalore",0101000020E6100000C2FA3F8779FB52401844A4A65DE42840
Gail gas cng station,12.800643,77.714218,,"241, Ashok Reddy Building, Hale, Biotech Park, Chandapura, Bengaluru, Bommasandra",0101000020E6100000BB0D6ABFB56D5340EC8A19E1ED992940
GAIL Gas CNG Station,12.7777618,77.6440765,,"QJHV+4J4, Jigani",0101000020E6100000D1E7A38C38695340FC276ECB368E2940
Harapanahalli CNG Station,12.7895842,77.6262854,,"QJQG+RG2, SH 87, Jigani",0101000020E610000096BD5B0F156853406CE0586144942940
GAIL Gas CNG Station,12.7896412,77.6263685,,"QJQG+VG8, Jigani",0101000020E6100000A7AFE76B16685340FD25F3D94B942940
AG&P Pratham CNG Station,12.571666,77.0098035,,"Nimishambha Fuel Park Near KIADB Park, Property no.1137/1044 Opposite Coffee Day, Bangalore -Mysore Highway, NH 275, Gejjala Gere",0101000020E6100000BAF8DB9EA04053406478EC67B1242940
CNG Gail gas station,12.8519,77.609161,,"43, Koppa Rd, Mylasandra, Bengaluru",0101000020E6100000EA3F6B7EFC665340C0EC9E3C2CB42940
MNGL CNG Station,12.5819155,77.4309487,,"HCJJ+Q98, Kanakapura, Chathra",0101000020E61000003D30DBA9945B53402B1213D4F0292940
AG&P Pratham CNG Station,12.4978064,76.8140194,,"K Kempegowda Service Station, Kalena Halli, SH-17, Mysore Rd, Bengaluru, Mandya",0101000020E6100000D053D3E4183453409F7AFF7AE0FE2840
"Ramanagara Natural Gas CNG station,COCO bidadi",12.8159935,77.4085485,,"RC85+9CV, SH17, Bengaluru",0101000020E61000001C959BA8255A5340457F68E6C9A12940
AG&P Pratham CNG Station,12.4773688,77.0351313,,"Sri Annapoorneshwari fuel station K M Doddi (Melahalli), SH-33, Maddur Malavalli, Taluk, main road, Maddur",0101000020E610000039245A973F425340F442F0AE69F42840
Indian Oil Petrol Pump (CNG),12.8160802,77.408413,,"RC85+C9F, SH17, Bengaluru",0101000020E6100000B8904770235A534087D39343D5A12940
"MNGL CNG Station,COCO Bidadi",12.8160917,77.4084205,,"RC85+C9H, SH17, Bengaluru",0101000020E610000006A1BC8F235A5340F71274C5D6A12940
GAIL Gas CNG Station,12.8125933,77.6622321,,"RM76+2VW, Unnamed Road, Bommasandra Industrial Area, Bommasandra, Bengaluru",0101000020E610000021F7BE02626A5340BEE5A03A0CA02940
MNGL CNG station,12.671538,77.2205062,,"M6CC+J5H, Honnagana Halli, Channapatna",0101000020E61000002D6409C61C4E5340E10A28D4D3572940
AG&P Pratham CNG Station,12.9890383,78.2201612,,"X6QC+J2H M/s Land Mark Fuel Station, Vijaya Nagar, Robertsonpet",0101000020E61000004876001F178E53409EFB613A63FA2940
AG&P Pratham CNG Station,13.1402704,78.2097508,,"Sri Anjnadri, Fuel station NH75, Vadagur, Kolar",0101000020E6100000D4939E8E6C8D534095319985D1472A40
Kolar CNG station Bharath petroleum,13.1382396,78.2107617,,"46Q6+78R, Vadagur",0101000020E6100000F62FA41E7D8D534035064257C7462A40
AG&P Pratham CNG Station,13.0208042,77.9227152,,"2, Hoskote Malur Rd, Madivala",0101000020E61000006AE10DC40D7B5340283D1DD9A60A2A40
AG&P Pratham CNG Station,13.1206032,78.1477952,,"Sri Anjanadri Fuel Station(Adhoc 5/4, KOGILAHALLI (VIILLAGE), (PANCHAYAT),NH -75, Kogilahalli, Kolar",0101000020E61000005FA0FF7975895340FD95DFB3BF3D2A40
AG&P Pratham CNG Station,12.7291789,78.6747206,,"Sri Niranjani Agencies Minnur Village, Ambur, to, Bengaluru - Chennai Hwy, Bengaluru, Vellore",0101000020E610000000BC4F9F2EAB5340D4DDD0EF56752940
"Bharat Petroleum, Petrol Pump -Sri Vignesh Traders (CNG Station)",12.7851422,78.7105399,,"T S No. 9 Ambur - Pernambet Bypass Road, Ambur",0101000020E61000003340587C79AD5340426B8F28FE912940
CNG BUNK,12.7085403,77.8166845,,"PR58+CM7, Barath Nagar, Hosur",0101000020E61000009BA9108F44745340CACB50CBC56A2940
Indian Oil(CNG) - Aavin Fuel Station,12.503668,78.2239404,,G63F+5J4,0101000020E610000034901D0A558E53405D15A8C5E0012940
Goverment gas station tirupattur,12.486604,78.5623838,,"FHP6+JXR, Krishnagiri Road, Tirupathur",0101000020E610000037339F18FEA35340A034D42824F92840
"S.P.Vikkram Fuel Agencies, Bharat Petroleum Dealer CNG",12.5014819,78.2226953,,"KRISHNAGIRI TOWN, Krishnagiri",0101000020E6100000449EC9A3408E53406712503CC2002940
Adani Gas CNG station akola,20.6906818,76.9459586,,"MWRW+879, Ridhora, रिधोरा",0101000020E6100000AD97F0958A3C534042F1BE85D0B03440
CNG Station,21.295795,76.286715,,"77WP+4F7, Dariyapur Kalan",0101000020E61000007311DF895912534000529B38B94B3540
GAS STATION,20.6988774,77.0159565,,"M2X8+H98, Kirti Nagar, Akola",0101000020E6100000276A696E05415340DCE918A1E9B23440
Adani gas CNG station,21.3287304,77.6536662,,"8MH3+FFV, Shirajgaon Kasba",0101000020E61000000AE0C1AAD56953407533EDAC27543540
Adani CNG station,21.0013328,77.8056932,,"2R24+H75, NEAR ITC CHOWPAL SAGAR NAGPUR ROAD, NH 6, Nandgaon Peth",0101000020E61000000327367A907353408069AC5857003540
S.D.Asoriya Petrol Pump (Changapur Fata) CNG Pump,20.9794097,77.7229315,,"Paratwada Rd, Sultanpur, Amravati",0101000020E6100000E36F7B82446E53409BE21698BAFA3440
Cng,20.7848651,77.6716605,,"QMPC+6H9, Bopnemtabad",0101000020E6100000F660527CFC6A5340934550EBECC83440
Jain Petroleum & CNG,20.6862332,77.8152517,,"Amravati-Yavatmal Road, Nandgaon Khandeshwer",0101000020E61000008A6077152D745340EF6D9FFAACAF3440
DATTATRAYA KOLHATKAR TRAVELLING SERVICES DEALERS BHARAT PETROLEUM CORPORATION LIMITED WITH CNG STATION,21.0014607,77.8054616,,"NEAR ITC CHOWPAL SAGAR NAGPUR ROAD NH 6 NANDGAOPETH, Amravati",0101000020E6100000C48BCFAE8C735340B1BA7ABA5F003540
Indian Auto Gas,20.8689887,77.7356026,,"VP9P+H6X, MH MSH 6, Juni Basti, Amravati",0101000020E61000009176ED1C146F5340F3171F0B76DE3440
Purti gass pump,20.8936166,77.7474235,,"Badnera Rd, Guruchhaya Colony, Gopal Nagar, Amravati",0101000020E6100000C23060C9D56F5340A829B80EC4E43440
HCG CNG Station,21.1034503,78.989407,,"Hingna Rd, Nildoh, Nildoh ct, Nagpur",0101000020E6100000BEDBBC7152BF5340EA4207B87B1A3540
HCG CNG Station,21.0630145,79.0575479,,"3375+628, Nagpur",0101000020E6100000061D63DDAEC353407EACE0B721103540
Megha Gas CNG Station,20.6325625,78.9263125,,"JWMG+2G6, Samudrapur, Jamb",0101000020E6100000105839B448BB53400E2DB29DEFA13440
CNG gas station,21.153989,79.0133134,,"Vayusena Nagar, Nagpur",0101000020E61000004F667220DAC0534099F1B6D26B273540
MeghaGas CNG station,20.7191532,78.5727625,,"PH9F+M43, NH 361, beside Naresh Tyre Works, Wardha",0101000020E610000003780B24A8A4534052D0926C1AB83440
MeghaGas CNG station,20.5742994,78.8827615,,"HVFM+P3J, NH44, Jamb, Road, Hinganghat, Ajanti",0101000020E6100000BF2A172A7FB85340C81C154905933440
CNG PUMP,21.1777972,79.125297,,"NH44, Ita Bhatti chowk, Sidharth Nagar, Nagpur",0101000020E61000005D52B5DD04C853400452071E842D3540
Meghagas CNG Station,20.8151875,78.6881875,,"RM8Q+37X, RM8Q+374, Mohanapur",0101000020E6100000068195430BAC5340A69BC420B0D03440
DHAWALE CNG PUMP,21.1034285,79.1349557,,"443M+9XG, Dighori, Nagpur",0101000020E61000002A7A3B1DA3C853406EF9484A7A1A3540
Rawmatt CNG Station,21.1778785,79.1251978,,"NH 44, Ekta Colony, Nagpur",0101000020E6100000FE21A23D03C853405A290472892D3540
Bharat petroleum cng station,21.0578813,79.1126177,,"3456+7J2, Kolkata - Mumbai Hwy, Matkazari",0101000020E6100000D99CDE2035C75340CA8C124FD10E3540
Indian Auto Gas,21.0988555,78.9835295,,"3XXM+GCR, Hingna Rd, Wanadongri, Wanadongri ct, Nagpur",0101000020E6100000AE49B725F2BE53409C8713984E193540
Reliance Petrol & CNG Pump,21.137626,78.8613077,,"4VQ6+3G3, Rohana",0101000020E6100000C0D254AA1FB753404D1421753B233540
HCG CNG Station /b lng,21.0948515,79.1792613,,"NH53, Nagpur",0101000020E61000000F3C630479CB5340FF791A3048183540
jio BP CNG pump,21.137731,79.3296263,,"48PH+XX7, Wadoda",0101000020E6100000B299E89818D5534037A5BC5642233540
HCG CNG Station,21.1405224,79.1960606,,"Ground Floor, Kamptee - Kapsi Rd, G T C, Kamptee, Nagpur",0101000020E61000002F42C2418CCC5340FD5AA846F9233540
HP PETROL CNG PUMP - NAREDI Pump,21.826841,76.364264,,"HP Dealers Khandwa MP, Civil Lines, Indore",0101000020E61000000DC7F31950175340F0FD0DDAABD33540
CNG Pump,21.8751075,76.1882711,,"V5GQ+28R, Khandwa - Indore Rd, Chhegaon Makhan",0101000020E61000000B523AA20C0C5340FCFB8C0B07E03540
Sethi CNG Filling Station,21.8721505,76.1898275,,"V5CQ+VW, Bhojakhedi",0101000020E61000006A183E22260C5340A7B0524145DF3540
Megha Gas CNG station,21.6299375,78.4738125,,"JFHF+XG8 Shree Sai Petroleum, Chichkheda",0101000020E6100000E7FBA9F1529E53402506819543A13540
MeghaGas CNG station,22.0584375,78.9591875,,"3X55+9MG, MP SH 26, Nai Abadi, Chhindwara",0101000020E6100000D9CEF75363BD5340295C8FC2F50E3640
Shri Sai Petroleum (BPCL) CNG,21.6303008,78.4737539,,"206, National Highway, Teegaon, Chichkheda",0101000020E61000008FB6E0FB519E534084A4AA645BA13540
GUJARAT GASOLENE HINDUSTAN PETROLEUM PETROL PUMP,22.0593006,78.9302411,,"Sinchai Colony, Mohan Nagar, Chhindwara",0101000020E61000004979F71189BB534018A2F9522E0F3640
MeghaGas CNG station,21.7850314,78.2506845,,"Q7P2+279 Pandagre petrol pump, behind Janaki Traders, Multai",0101000020E61000004E4700370B90534046555DD1F7C83540
GAIL Gas CNG Station,23.3950788,76.6795918,,"9MVH+XWV, Mohammad Kheda",0101000020E61000004EE89A6E7E2B5340CA575DE223653740
GAIL Gas CNG Station,22.9863816,76.5285586,,"XGPH+J6Q, Sheku Kheda",0101000020E6100000404173E7D32153404C60298183FC3640
GAIL Gas CNG Station,23.0296536,76.70414,,"2PH3+XJJ, Bahadarpura",0101000020E61000008CF337A1102D53406B35DA6097073740
GAIL Gas CNG Station,22.9844537,76.5036711,,"XGM3+P9M, 1700, Guradiya Manda",0101000020E61000002F9CB5253C2053401BED5D2805FC3640
GAIL Gas CNG Station,23.0376141,76.7469645,,"40K, Baupura Rd, Shahwajpura",0101000020E610000079B13044CE2F5340545EE113A1093740
GAIL Gas CNG Station,23.063144,76.8036557,,"3R73+6GP Ashta, Beda Khedi",0101000020E61000009D2F51186F3353404AF086342A103740
GAIL Gas CNG Station,23.2311717,77.0743871,,"63JF+CRJ, Sehore",0101000020E6100000A26F1CC2C2445340BF428B112E3B3740
GAIL Gas CNG Station,23.0831277,76.8476768,,"3RMX+Q33, Kothri, Kothri Kalan",0101000020E6100000FD6431564036534046E460DB47153740
GAIL Gas CNG Station,23.1617806,77.0014807,,"5253+9PV, Naplakhedi, Chitodiya Hema",0101000020E6100000D084814218405340942012746A293740
GAIL Gas CNG station,23.0077795,77.0375101,,"225Q+42, Gaontalab",0101000020E61000004331C3906642534049145AD6FD013740
GAIL Gas CNG Station,23.1166353,76.8970123,,"4V8W+HR7, MP SH 18, Amlaha",0101000020E6100000062747A668395340240F9FCFDB1D3740
BPCL Petrol and CNG station (Pragya Fuels),23.0833538,76.8475117,,"3RMX+Q33, Kothri",0101000020E61000008D9EB6A13D36534051FFB4AC56153740
HP PETROL & CNG PUMP - GIRIRAJ DHARAN BIJORI,23.2311276,77.0741243,,"HPC Dealers Village Bijori Tehsil, Bhopal",0101000020E6100000B015D973BE445340F633AB2D2B3B3740
HPCL Petrol & CNG Pump,23.0299575,76.7040217,,"2PH3+XJJ, Bahadarpura",0101000020E6100000284B08B10E2D534019C5724BAB073740
Cng filling station,22.97148,76.3820143,,"X9CJ+HRR, Bhopal - Indore Rd, Karadiyagada",0101000020E6100000AD461BEC72185340D4B7CCE9B2F83640
G.D.GAUTAM ENERGY(CNG) STATION BHEDAKHEDI,23.0629783,76.8038298,,"Bhedakhedi, Ashta",0101000020E610000037A38BF27133534091DB8A581F103740
"SHREE BALAJI CNG,EV AND FILLING STATION",22.6620303,76.7571882,,"NH-59 A, NEMAWAR ROAD KANNOD, Kannod",0101000020E6100000B2FA7EC575305340097657D17AA93640
Gail CNG station,23.2005525,77.0885774,,"New bus stand, Englishpura, Sehore",0101000020E61000008B0A8B40AB4553408CA19C6857333740
Maruti Nandan Sales & Service HPCL petrol and CNG station,23.1164121,76.8970388,,"MP SH 18, Amlaha",0101000020E61000008F4F6D1569395340D35BF22ECD1D3740
shri sanwaiya highway service cng,22.9652193,76.417293,,"Bhopal Indore highway, Daulatpur sonkatch, Sonkatch",0101000020E610000062F6B2EDB41A5340D0F7AE9C18F73640
Gujarat Gas CNG Station,23.3274572,76.1730587,,Samgi,0101000020E61000007332CC64130B5340F9D62C3CD4533740
Radha Petrol Pump And CNG,23.4203457,76.2845462,,"plot no. 41, Mumbai - Agra Hwy, Irrigation Colony, Shajapur",0101000020E6100000DECC430136125340A4839AC69B6B3740
THINK Gas CNG Station,23.2190625,77.4825625,,"Avinash Nagar, Bhopal",0101000020E6100000AAF1D24DE25E5340AE47E17A14383740
THINK Gas CNG Station,23.2705618,77.3982302,,"BMC Putlighar, Bus Stand, Putlighar Rd, Shahjahanabad, Bhopal",0101000020E6100000E451859A7C595340018CC28943453740
THINK GAS CNG STATION,23.2207428,77.4083343,,"Main Rd No. 3, MACT Square Slums, Maulana Azad National Institute of Technology, Bhopal",0101000020E610000072153026225A5340D5D3A29982383740
THINK Gas CNG Station,23.1818798,77.4922911,,"Tehsil Huzur, Renuka Filling Station (Indian Oil Petrol Pump, S.NO. 314/2/6, Katara, Bhopal",0101000020E610000029A787B2815F534093CDB0AC8F2E3740
Hpcl Think Gas CNG Station (Capital Filling Station),23.2495797,77.4954417,,"6FXW+V5W, Manak Vihar, Patel Nagar, Bhopal",0101000020E6100000C7A41A51B55F5340D93E8974E43F3740
GAIL Gas CNG Station,23.1217885,77.2448184,,"46CV+HMX, Sehore - Bhopal Rd, Bilkisganj",0101000020E6100000615DCB1AAB4F53406687F8872D1F3740
GAIL Gas CNG Station,23.3501171,77.7727268,,"9Q2F+23, Raisen",0101000020E610000089AF1B5B7471534036453646A1593740
THINK Gas CNG Station,23.2698125,77.3276875,,"Bairagarh, Bhopal",0101000020E6100000B6F3FDD4F8545340508D976E12453740
THINK Gas CNG Station,23.2426179,77.2451059,,"Khajuri sadak, Indore Rd, Bhopal",0101000020E6100000A023A8D0AF4F534098ECE9341C3E3740
Think Gas CNG Station,23.1648226,77.4147596,,"5C77+XV6, MP Nagar, Lalita Nagar, Kolar Rd, Bhopal",0101000020E6100000EE6CD96B8B5A534046A45CD0312A3740
GAIL Gas CNG Station,23.027166,77.5678435,,"2HG9+V4, Mandkansiya",0101000020E6100000C16F438C576453402A90D959F4063740
GAIL Gas CNG station,23.0116864,77.5771786,,"Ward 15, 2H6G+MGP Gokuldham Colony, NH 46, Obaidullaganj",0101000020E6100000DEBC827EF0645340D7CE41E1FD023740
GAIL Gas CNG Station,23.0272428,78.0952225,,"23GW+V3, Badodiya Khurd",0101000020E6100000FAD51C20188653402D0D5762F9063740
THINK Gas CNG Station,23.2946194,77.4365834,,"Village Maholi, Ayodhya Bypass Rd, Bhopal",0101000020E61000007F3E80FBF05B534063C44F2D6C4B3740
THINK Gas CNG Station,23.3007991,77.3779251,,"Urja Kendra, Ayodhya Bypass Rd, Sanjeev Nagar, Navri, Bhopal",0101000020E61000009A35C2EC2F5853408E2A792B014D3740
GAIL Gas CNG Station,22.7740336,77.6772116,,"QMFG+HXJ, near SBI Bank, Budhni",0101000020E6100000339E526F576B53405101E61027C63640
Think Gas CNG Station,23.2573361,77.5137063,,"7G47+WGF, Bhopal Bypass Rd, Bhopal",0101000020E6100000F28F6390E0605340879455C7E0413740
Vishal Fuels (CNG),23.2729766,77.4138705,,"Vishal shadi hall, Cholla Rd, near Milan garden, JP Nagar, Bhopal",0101000020E6100000DE91B1DA7C5A5340C29261CBE1453740
24 x 7 THINK GAS CNG Station,23.2042097,77.3628698,,"6937+M4Q, Bhadbhada Rd, Barkhedi Kalan, Kopal, Bhopal",0101000020E610000030ED404239575340A6063F1647343740
Meghagas CNG Station,22.7365625,77.7346875,,"PPPM+JVR Narmadapuram, Madhya Pradesh Narmadapuram",0101000020E6100000EC51B81E056F5340C3F5285C8FBC3640
Think Gas CNG Station,23.1637998,77.4673644,,"5F78+FWJ, Misrod, Bhopal",0101000020E610000023545F4CE95D53406217A0C8EE293740
Think Gas CNG Station,23.2116878,77.3889984,,"696Q+JHP, Nehru Nagar, Bhopal",0101000020E6100000918C8B59E558534052F6F12B31363740
CNG station,23.2796098,77.4038523,,"7CH3+RGX, Arif Nagar, Bhanpur, Bhopal",0101000020E6100000853A51B7D85953401FA4028294473740
Meghagas CNG Station,22.6648982,77.7840601,,"Shri Shyam Fuels, Tara Road, Narmadapuram",0101000020E61000004EE6690A2E725340552BB8C436AA3640
Think Gas CNG Station,23.2804979,77.4488634,,"9, Ayodhya Bypass Rd, K-Sector, Ayodhya Nagar, Bhopal",0101000020E6100000C4D78D2DBA5C5340C018DBB5CE473740
GAIL Gas CNG station,22.9818178,77.6000237,,"XHJX+GWG, Tigariya",0101000020E6100000CB14CEC96666534074A14D6958FB3640
THINK Gas CNG Station,23.2954919,77.3469063,,"Lake City Fuel Station, Airport Rd, Gandhi Nagar, Bhopal",0101000020E6100000B0517BB6335653409FBB6E5BA54B3740
"Bharat Petroleum, Petrol Pump & CNG Station -Sanchi Fuels",23.3500559,77.7723423,,"RAISEN, VIDISHA",0101000020E610000051F4650E6E715340984572439D593740
Kalchuri Filling CNG station,23.3654754,77.1999581,,"958X+6VR, Jharkheda",0101000020E610000080040F1DCC4C5340167EBACB8F5D3740
THINK Gas CNG Station,23.1383945,77.487254,,"Balaji Fuel Centre, Karond Chauraha, Peoples Campus, Bhanpur, Bhopal",0101000020E610000017B6662B2F5F53403F726BD26D233740
Think Gas CNG Pump,23.2111656,77.4510741,,"6F62+FC8, Railway Colony, Habib Ganj, Bhopal",0101000020E6100000A6E4E665DE5C53404C0AE2F20E363740
Think Gas Online CNG Station,23.2699165,77.329022,,"789H+XJ6, Bairagarh, Bhopal",0101000020E6100000876A4AB20E5553409A266C3F19453740
THINK Gas CNG Station,23.1825229,77.432699,,"Shiv Shakti Fuels, Neeraj Nagar, Raghunath Nagar, Rohit Nagar, Bawadiya Kalan, Gulmohar Colony, Bhopal",0101000020E6100000C3802557B15B534065451ED2B92E3740
THINK Gas CNG Station,23.2812553,77.4039834,,"COCO, Arif Nagar, Bhanpur, Bhopal",0101000020E61000001FC830DDDA595340A153EB5800483740
THINK Gas CNG Station,23.2112407,77.444017,,"RRL, Bus Stop, NH 12, Regional Research Laboratory Campus, Habib Ganj, Bhopal",0101000020E61000008E7747C66A5C53408B15DADE13363740
HP - RAGHU DIESELS Pump CNG Station,23.121696,77.2446095,,"Village Khurania Post Bilkisgunj Teshil, Bhopal",0101000020E61000009EB29AAEA74F5340D40D1478271F3740
HPCL Petrol and CNG Pump Vindhyanchal Fuel Station,22.9820059,77.600272,,"XJJ2+R42, Tigariya",0101000020E6100000172D40DB6A665340A3FA18BD64FB3640
GAIL GAS LTD,23.1051472,77.52265,,"Industrial Area, Mandideep, Bhopal",0101000020E61000004850FC1873615340174449EDEA1A3740
"Bharat Petroleum, Petrol/CNG Pump -Subhash Chandra & Brothers.",22.7739482,77.677376,,"BUDNI, near CROSSING, SEHORE",0101000020E610000019C6DD205A6B53404ECC1F7821C63640
GAIL Gas CNG Station,22.9847315,78.2287278,,"NH45, Bypass Road, Dhokhera, Bareli, Raisen (M.P Front of Jio petrol pump Dhokhera, Bareli, Kotpar Ganesh",0101000020E6100000E82BED79A38E53404DD7135D17FC3640
MeghaGas CBG station,23.1188181,79.0291446,,"N.H. 26, ROADMAIN ROAD, BHOPAL, Kareli",0101000020E6100000B8F64F81DDC1534040ACEDDC6A1E3740
GAIL Gas CNG Station,23.1199418,78.6706676,,"4MCC+769, NH45, opposite HP petrol pump, Deori, Mohad Paplai",0101000020E6100000281FCC37ECAA5340626C7C81B41E3740
THINK Gas CNG Station,23.5780301,76.4867873,,"Gopal Krishna Petroleum Palace, Taleni",0101000020E6100000EC66EB85271F5340869AD7C7F9933740
THINK Gas CNG Station,23.7193565,76.7365985,,"Jagdish Fuel Station Bhojpuria, Pachore",0101000020E610000017F2086E242F53403FAA61BF27B83740
THINK Gas CNG Station,24.0275499,76.5860239,,"2HHP+2C, Abhepur",0101000020E6100000294B636A8125534011829F820D073840
THINK Gas CNG Station,24.0013251,76.7239106,,"J.N.Filling Station, BPCL, Rajgarh",0101000020E6100000930E208D542E5340F7297DD756003840
THINK Gas CNG Station,24.0450705,76.3641838,,"road, near Advance academy school, Machalpur, Jirapur",0101000020E6100000EAAE91C94E175340AE8383BD890B3840
THINK Gas CNG Station,23.9243125,76.8970625,,"WVFW+PRR, Mohinipura, Biaora",0101000020E6100000F4FDD47869395340B4C876BE9FEC3740
HAKIMI PETROLEUM AND CNG STATION,23.8653061,76.8615628,,"NH 52, pachore road, GRAM, Parsuliya, Biaora",0101000020E6100000D05C4CD823375340818758B384DD3740
THINK Gas CNG Station,23.8652915,76.86148,,"Hakimi Petroleum & CNG Station, Gram, Parsuliya, Biaora",0101000020E61000001E8A027D22375340BD0166BE83DD3740
Think Gas,24.0209751,76.9480645,,"2WCX+96W, Palabey",0101000020E6100000E97FB916AD3C5340C487C89F5E053840
THINK Gas CNG Station,23.6144518,77.4290464,,"Lilawati Chhotelal Gupta, Bhopal - Sironj Rd, Tikankhedi, Bhopal",0101000020E6100000DC1D087F755B5340E5F791B64C9D3740
MeghaGas CNG station,23.6499375,78.1026875,,"J4X3+X3W, Olinga",0101000020E6100000508D976E92865340AAF1D24D62A63740
"Bharat Petroleum, Petrol, CNG Pump -Gita Filling Station",24.17679,78.1430517,,"BINA, SAGAR",0101000020E6100000C84851C2278953408542041C422D3840
MeghaGas CNG station,24.1768125,78.1429375,,"54GV+P52, Bina, Godhana",0101000020E6100000CFF753E32589534025068195432D3840
Meghagas CNG Station,23.7365625,78.7346875,,"PPPM+JVR, Narmadapuram, Sagar",0101000020E6100000EC51B81E05AF5340C3F5285C8FBC3740
"CNG Gas Station, Megha gas Sagar, MP",23.8891215,78.8562859,,"VVQ4+W6F, MP SH 14, Bamhori Dhunder",0101000020E6100000A9216063CDB65340A4AB74779DE33740
Megha cng station,23.8868,78.8515,,"VVP2+PH, Sidguwan",0101000020E6100000D122DBF97EB65340C217265305E33740
servashrestha gas seva sagar bharat gas,23.840428,78.7510529,,"Sagar Rd, Gopal Ganj, Sagar",0101000020E610000039C42E4011B0534087A4164A26D73740
Barodiya indane gas agency,24.2010778,78.5839857,,"6H2M+CHQ, Barodiya Kalan",0101000020E61000003AB58E0560A553409EF3AED579333840
Gangotri Automobile -CNG/Petrol/diesel ⛽,23.816091,79.412478,,"RC87+C3F, Bypass Rd, Dupariya",0101000020E61000007214200A66DA5340588FFB56EBD03740
Bharat petroleum & cng,24.1966575,80.7163223,,"5PW8+MGR, Itama",0101000020E610000050F97C39D82D54405C035B2558323840
"Bharat Petroleum CNG & Petrol Pump , AZAD FILLING STATION",24.2791255,80.9045453,,"ON NH 7MAIHER ROAD SATNA, M.P",0101000020E61000000850F811E4395440CAFACDC474473840
Bharat Petroleum CNG & Petrol Pump YASHODA FILLING STATION,24.2850826,80.8802769,,"REUSA, GRAM BARHIYAAMARPATAN TO MAIHER, M.P",0101000020E6100000273BEC74563854409DA85B2CFB483840
HP CNG & PETROL PUMP - RIDDHI SIDDHI AUTOMOBILES,24.0978897,80.564857,,Hpcl Retail Outlet Village Tichkili Khurd,0101000020E6100000AB7AF99D26245440811DA44C0F193840
Torrent Gas CNG station,25.1562685,77.0269094,,"Balaji Filling Station, Gadretha, Near Samrania Tehsilshalbad, NH 27, Gadretha",0101000020E61000001E3D34E2B84153401DE5603601283940
Torrent Gas CNG Station,24.6706549,76.8354735,,"Master Filling Station, SH-51, Chhabra Road, near dhakar agrilculture and machinery, Chhabra",0101000020E61000002ECBD76578355340F3661E0AB0AB3840
Torrent Gas CNG station,25.1202646,76.5108553,,"Shri Balaji Filling Station, Mangrol Bypass, near Priyansh Filling Station IOCL, Baran",0101000020E6100000409F6DDAB1205340D4DD2BA9C91E3940
"CNG Station R.D.Fuel HPCL, ANTA Baran",25.1539745,76.2766382,,"Anta, Baran, National Highway 76, Kota Rd, Baran",0101000020E6100000C174B570B4115340FFEA71DF6A273940
Torrent Gas CNG station,25.1457994,76.3006209,,"RD Anta HPCL Station, NH-27, Baran Road Near Brijwasi Hotel, Bambori, Anta",0101000020E61000009F7F715F3D135340C4C6061C53253940
Torrent Gas CNG station,25.1109824,76.4311051,,"4C6J+9CQ, Kanak filling station, Near Sarvamangal Jain Tirth Dham KOTA-SHIVPURI ROAD, BAMULIYA, TEHSIL, Baran",0101000020E6100000E268D839971B53407D6EB257691C3940
BPCL PETROL PUMP & CNG,24.5233016,76.1733499,,"Sunel Chourah se pehle, Raipur, road, Jhalrapatan",0101000020E6100000F4D02D2A180B5340C9F1F917F7853840
CNG TORRENT GAS PVT LTD,25.314889,76.5155647,,Indraheri,0101000020E6100000365E1503FF205340C2DEC4909C503940
Megha Gas CNG Station,24.5232069,76.173367,,"G5RC+5X8, Jhalrapatan",0101000020E610000029CDE671180B5340A38A2CE3F0853840
HP PETROL PUMP - CNG GAS BALLAJI FILLING STATION,25.156425,77.026685,,"Village Gadretha Near Samrania Tehsilshalbad National Highway-12, Kota",0101000020E6100000CD920035B5415340DC4603780B283940
Cng pump,24.9260859,76.4245147,,"SH 51, Bapawar Kala",0101000020E6100000F64AB43F2B1B534067C92DF713ED3840
"HPCL Petrol Pump/CNG -R.D. FUEL STATION, ANTA",25.1457728,76.30054,,"NH 27, Anta",0101000020E6100000F3C81F0C3C13534077A5C05D51253940
CNG PUMP,24.6467997,77.2794844,,"J7WH+HP, Madhopura",0101000020E6100000806F8912E3515340079046AA94A53840
Think Gas CNG Station,25.3406962,77.6304211,,"8JRJ+75, Bans Khedi",0101000020E610000056CDBDD15868534019DFBCDD37573940
THINK Gas CNG Station,25.2780205,77.5595069,,"on NH 27, Bara- Jhansi Road, Kulwara, Madi Kheda",0101000020E6100000BA5807F6CE635340191EFB592C473940
Shanti Fuels - CNG Station,25.4035785,77.6493148,,"CJ3X+CP, Fatehpur, Shivpuri",0101000020E6100000C3B3A95F8E69534065DEAAEB50673940
THINK Gas CNG Station,25.4035583,77.6133845,,"Shanti Fuel, Fatehpur, Shivpuri, Rator",0101000020E6100000E4D70FB1416753408487C4984F673940
THINK Gas CNG Station,25.3409669,77.5942754,,"Seth Todarmal A.B. Road Bhanskedi, NH 46, Shivpuri",0101000020E61000004FF4AF9B08665340BD84549B49573940
Adani CNG,24.7830384,78.8329564,,"QRMM+567 Infront of mishra petrol pump, Tikamgarh - Jhansi Rd, Anantpura",0101000020E61000009C3F5C284FB553401D835F3475C83840
Bharat Petroleum CNG,24.7466839,78.845832,,"SH10, Tikamgarh",0101000020E6100000427A8A1C22B6534022F312AD26BF3840
Kamakhya Adani- CNG Station,24.9671628,79.5343078,,"Post Office, Infront of Dhamora, Road, Nowgong, Chhatarpur",0101000020E6100000DABF571932E2534065E833FB97F73840
CNG Kamakhya Filling Station,24.9671648,79.5342813,,"office, Nowgong, Infront of Dhamora post, Chhatarpur Rd",0101000020E6100000529731AA31E25340A6D7C11C98F73840
Chhatarpur Filling cng Station,24.9357178,79.5711718,,"Road Transport Nagar, Nowgong",0101000020E610000070592A148EE45340FA48A5338BEF3840
HPCL Radhe Krishna Adani CNG Filling Station,25.040701,79.459588,,"2FR5+266, Nowgong",0101000020E61000009468C9E369DD53401CEA77616B0A3940
Cng pump,25.3000266,79.8447647,,"8R2V+2W6, Mahoba Station Rd",0101000020E61000002DD4F59F10F6534019EE128BCE4C3940
"Bharat Petroleum, Petrol Pump, CNG -Anand Filling Services",24.582188,79.3063928,,"BADAMALHARA, CHHATTARPUR",0101000020E6100000B6EE8BF09BD35340A71FD4450A953840
Tejas highway fuel bpcl petrol and cng station,25.3747092,79.536653,,"9GFP+VMJ, Dinai",0101000020E61000003813D38558E25340A5822FF1EC5F3940
Mukund Energy solutions HP Petrol Pump +CNG pump,25.2568559,79.8518763,,Murehra,0101000020E6100000332F2C2485F65340DF48EA4EC1413940
Shriram Auto Gas (CNG INSTALL),24.8933107,79.597778,,"Panna naka, New, Bajrang Nagar, Daloun, Chhatarpur",0101000020E61000002C11A8FE41E65340B8AA9102B0E43840
"Bharat Petroleum,CNG & Petrol Pump -Kalyan Service Station",24.5760443,80.8184198,,"Panna Naka, Umri, Virat Nagar, Satna",0101000020E610000087D970FD60345440168CA5A377933840
Shri Ram Janki Filling Station CNG EV-Charging Petrol and Diesel,25.216978,80.8441907,,NH35,0101000020E610000097056E380736544095F3C5DE8B373940
"Bharat Petroleum, CNG & Petrol Pump -Satna Fuels",24.5694587,80.8734839,,"Transport Nagar, Satna",0101000020E610000048050429E737544034EC9C0BC8913840
CNG & Bharat Petroleum Diesel Pump,24.5334516,80.838877,,"GRMQ+9HJ, Tighara, Satna",0101000020E610000076172829B0355440B6FFB74890883840
"Kalyan CNG & Petrol Pump, Panna Road,Satna",24.6005075,80.8322428,,"Near Kalyan Petrol Pump Umri, Gali Number 2, in front of Abi Bakery Shop, Satna",0101000020E610000037154E7743355440B28009DCBA993840
MANGAL FUELS CNGPUMP PETROL AND DIESEL PUMP,24.5553304,80.8207351,,"4, Dhawari Gali Number 4, Dhawari, Satna",0101000020E6100000794B83EC863454407F7912222A8E3840
Vaibhav Lakshmi fuels & CNG PUMP,24.5746591,80.651684,,"NH 39, Reruwa Khurd",0101000020E6100000E5D4CE30B52954404BD9D8DB1C933840
CNG Pump,25.3158462,80.5313778,,NH35,0101000020E61000008234081802225440DD90EB4BDB503940
Torrent CNG Station,18.1884382,73.9513069,,"5XQ2+7G7, Bhor, Sarola",0101000020E610000063FD5536E27C52402E51627C3D303240
Bharat Petroleum and CNG,17.982351,73.9876879,,"AH47, AH47, near BHARAT PETROLIUM & CNG, Kenjal",0101000020E6100000EA494F47367F52406231EA5A7BFB3140
Konkan motorway Mahanagar Gas Cng Station,18.1876693,73.3159019,,"1, Mumbai - Goa Hwy, Taluka, Repoli, Mangaon",0101000020E6100000A24F9ABC3754524095F661180B303240
Mahanagar Gas CNG Pump MAHAD,18.0847228,73.428441,,"Kakartale, Mahad",0101000020E6100000FFD0CC936B5B5240BE39B764B0153240
BPCL Fuel & CNG Station - SHEWALE AUTOBAHN AND PETROLEUM,17.8487623,73.952655,,"BPCL Petrol Pump, Gat No 186- 187, Bangalore Pune National Highway, NH-4, Panchwad",0101000020E6100000BC57AD4CF87C5240E793707C48D93140
Baba CNG Station,18.1884053,73.9512525,,"Gat no. 289 Pune Satara Highway, NH-4 Taluka Bhor, Dist, Pune",0101000020E61000003F6F2A52E17C5240A0E469543B303240
CNG Pump,18.1589216,73.8444201,,"5R5V+HQ7, Pune",0101000020E610000071659AFA0A765240C4A00216AF283240
Ashoka CNG Station,17.9807847,73.2558259,,"X7J4+885 Anjarle Fata, Bus Stop, SH102, Bhingaloli",0101000020E6100000117E98735F505240CCEAC2B414FB3140
Mahanagar CNG pump,18.0746713,73.4701384,,"3FGC+25Q, Mumbai - Goa Hwy, Kamble Tarf Mahad",0101000020E610000000265FBF165E5240267387A81D133240
JB pump Bharat petrol CNG pump,17.9164872,73.9749649,,"WX8F+HXW, Pune - Satara Rd, Anavadi",0101000020E6100000DE0F2ED3657E5240DE33B7E79EEA3140
"SHREEJI PETROLEUM CNG, EV, ELECTRIC VEHICLE CHARGING STATION",17.8282315,73.9611076,,"781, Udtare",0101000020E6100000F97B73C9827D52405C04C6FA06D43140
Mahanagar Gas CNG Lohare Poladpur,18.0202748,73.4681477,,"2FC9+472, Lohare",0101000020E6100000A64CC521F65D5240D5EEB2BA30053240
CNG PUMP kenjal,17.9601849,73.9660412,,"XX68+3CF, Wai-Surur Rd",0101000020E6100000AC25789ED37D5240F09C77ADCEF53140
"J P Petroleum - Bharat Petroleum,CNG Petrol Pump",17.8196013,74.0936241,,"AMBAWADE, SATARA",0101000020E610000084E7EFEFFD85524053420B64D1D13140
"Bharat Petroleum, Petrol Pump (CNG) -Lobh Petroleum",17.8689145,73.9602904,,"BHUINJ ON BANGLORE HIGHWAY, SATARA",0101000020E61000006BAADD65757D52402B85402E71DE3140
SAIRAJ Petroleum BPCL CNG,17.8207648,73.9655529,,"RXC8+863, Kharshi t. kudal",0101000020E6100000B603649ECB7D52403EB555A41DD23140
Dubash Petroleum CNG,17.9246477,73.7537948,,Panchgani - Mahabaleshwar Rd,0101000020E610000045798B2C3E70524056D22FB6B5EC3140
Sadguru Petroleum CNG,18.1551987,73.9635048,,"5X47+573, NH4, Shirwal",0101000020E61000007F620910AA7D5240B8E11C1ABB273240
"KAMMAKSHI PETROLEUM CENTRE CNG, PETROL, DIESEL AND EV CHARGING STATION",17.7758907,73.4158688,,"Survey No. 107/7B & 8B, , NH-66, Kalambani Budruk, Khed",0101000020E610000050DB2B989D5A524043C5DDC5A0C63140
Shreenath Petroleum & CNG Station Indapur,18.1044229,75.0458509,,"Solapur Rd, Indapur",0101000020E610000080FF9C38EFC2524017748C75BB1A3240
Torrent Gas CNG Station,18.1552354,74.5641258,,"5H47+3JP Khandoba Chowk, Baramati Dudhsangh HP Petrol Pump SH120, Old Morgaon Rd, near Kia Dhone Wheels, Khandoba Chowk, Baramati",0101000020E61000001C7519A31AA45240752ED681BD273240
Gajanan Maharaj CNG GAS PUMP Indapur old Pune Highway,18.1263271,75.0112889,,"Old, Solapur - Pune Hwy, near by Sonai Bajaj, Indapur",0101000020E6100000B31314F5B8C0524039190BF956203240
Torrent Gas CNG station ( COCO ),18.1529383,74.9754624,,"5X3G+55, Vangali",0101000020E6100000929ED8F96DBE52404BCEE4F626273240
Torrent CNG GAS Station,18.108657,74.242143,,"Indian Oil petrol pump, Baramati - Nira Rd, near Pharande Nagar Road, Nimbut",0101000020E6100000247D5A457F8F5240427BF5F1D01B3240
SHRI MANE PETROLEUM HPCL AND CNG STATION,18.07673,74.8544033,,"Indapur Rd, Telodha, Hagarewadi",0101000020E61000000CC62D8BAEB65240419FC893A4133240
Nandan Petroleum HP and CNG Pump,18.1552063,74.5640792,,"Khandoba Chowk, Old Morgaon Rd, near Kia Dhone Wheels, Khandoba Chowk, Baramati",0101000020E6100000A516A5DF19A4524017A29E99BB273240
"CS CNG GAS STATION, INDAPUR - PUNE",18.0934601,75.0139105,,"Main Road, Indapur",0101000020E61000008BA4DDE8E3C052401CFB4800ED173240
"Bharat Petroleum & CNG, Petrol Pump -Borawake Petroleum",18.0231428,74.4643647,,"SOMANTHALI BARAMATI RD, SATARA",0101000020E6100000AEFAB726B89D52404B23C1AFEC053240
Torrent Gas CNG Station,18.1841059,74.6108985,,"Maharashtra Industrial Development Corporation Area, Vidya Nagari, Baramati",0101000020E61000003BAB05F618A752402A807390212F3240
Neelkanth Petroleum and CNG Station,17.9655698,74.4545992,,"Dahiwadi-Phaltan Rd, Buwasaheb Nagar, Phaltan",0101000020E61000006B323E27189D5240590119952FF73140
CNG pump,17.9819534,74.5224624,,"XGHF+RVF, Rd, Pimprad, Phaltan",0101000020E6100000F058220670A152402D324B4C61FB3140
APMC CNG Pump Jalochi Baramati,18.1444671,74.6138993,,"4JV7+QHJ, opp. New APMC, Jalochi",0101000020E610000063224A204AA7524014D9BDCBFB243240
HP Yadav PETROL PUMP & CNG,17.8617102,74.8870356,,"Dealers Hpcl Alandi - Pandharpur-Mohol NH-965 Malshiras, TAL Malshiras, Malshiras",0101000020E6100000D118F730C5B852402FA1270A99DC3140
Indian Oil Petrol Pump and CNG station Anil Automobiles,18.1086541,74.2423262,,"395/2, Baramati - Nira Rd, PharandeNagar, Nimbut",0101000020E6100000B1FDBF45828F524089134EC1D01B3240
Bharat Petroleum & CNG Pump Mohol,17.8169929,75.6287329,,"MOHOL, SHOLAPUR",0101000020E6100000D5DAEA283DE852406F905A7226D13140
Moreshwar CNG Station 24 hrs,17.9612208,76.0341692,,Tuljapur,0101000020E6100000F32103D42F025340263CFC9012F63140
Gaj Laxmi Petroleum CNG HP,18.0068082,75.2463048,,"264W+PGF, Solapur Rd, Pandharpur Phata, Venegaon",0101000020E610000043363575C3CF52403958A42EBE013240
Rajlaxmi Petroleum & CNG Pump,18.1878585,76.0510091,,"53Q2+4CR Rajlaxmi petroleum, Sanja Rd, Parshuram Colony, SHAMS Co-operative Society, Dharashiv (Osmanabad)",0101000020E61000001913ACBB430353408FC6A17E17303240
Satguru CNG Bharat Petroleum,17.8011922,75.9605774,,"Maharashtra 413002, India",0101000020E6100000B691A1197AFD52406FCF98EE1ACD3140
CNG PUMP Filling Station,18.1406134,76.3687156,,"49R9+6FW, NH 361, Chincholi Kajale",0101000020E61000009AE15009991753401E61623DFF233240
Balaji Tatya CNG Gas Pump,17.8453372,76.6072288,,"National Highway, Omerga Bypass, Omerga",0101000020E61000001E4C2FD6DC2653409B17CC0468D83140
CNG PUMP NILNGA,18.1261916,76.7617967,,"4QG6+CPR, Dnyaneshwar Nagar, Nilanga",0101000020E6100000D92CF246C1305340A807BB174E203240
CNG GAS STATION,17.8489284,76.6294376,,"Rajdhani Highway services, Omerga",0101000020E6100000DBB7A4B44828534046A5225F53D93140
BPCL CNG mother station,17.8206477,77.1737985,,"R5CF+7G3, Jalsangvi",0101000020E61000000266BE831F4B5340A109B9F715D23140
M/s R B Udgire BPCL CNG Petrol Pump,17.9211428,76.9359917,,"On SH 163 Gour Village, Basavakalyan",0101000020E6100000F534BB49E73B534024F2B803D0EB3140
HP PETROL PUMP - BALIRAJA SEVA KENDRA CNG GAS Pump,17.93206,76.76186,,"HP Petrol Pump GAT NO 178 Village Kasarsirsi Taluka Nilanga, Solapur",0101000020E61000005B087250C2305340E6E8F17B9BEE3140
"S. G. Gas, Nilanga (Ashoka Gas CNG Station)",18.1228238,76.7738978,,"4QFF+4HC, Nilanga",0101000020E6100000915CA38A87315340A22B6C61711F3240
SLV Petroleum & Gas BPCL,17.8794454,76.9561096,,"Bus Stand, Shahussain Cross Road Opposite, Basavakalyan",0101000020E610000011D951E6303D53401E9E6F5523E13140
Cng station,18.6414675,73.8225334,,"Telco Hostel, Block F-2, MIDC, Pimpri Colony, Pimpri-Chinchwad, Pune",0101000020E610000088372163A474524067F2CD3637A43240
Indian Oil Fuel Station and cng,18.7904001,73.2998953,,"Siraj Dokadia Rd, Dahivati Tarf Boreti",0101000020E6100000586E0E7C31535240504134A957CA3240
MNGL Bahirat Patil CNG Station (Ravet),18.6466821,73.7422026,,"Aundh - Ravet BRTS Rd, Ravet, Pimpri-Chinchwad",0101000020E61000006580553F806F52409A6846F58CA53240
"Maharashtra Natural Gas Limited, Gas Station",18.664183,73.8265449,,"MR7G+MJF, Moshi High St, near The Goldfields Mall, Sector 16, Jadhav Wadi, Chikhali, Pimpri-Chinchwad",0101000020E61000003D8B941CE6745240268FA7E507AA3240
Tekawade Petrol Pump & CNG,18.4990246,73.9489282,,"Survey No 15, Solapur Rd, Opposite Akashwani, Survey No 15, Hadapsar, Pune",0101000020E61000002350583DBB7C524044E68013C07F3240
Maharashtra Natural Gas Ltd SK CNG Station,18.6305762,73.7428578,,"JPJV+64Q, Unnamed Road, Punvale Bazar, Punawale, Dattwadi, Pimpri-Chinchwad",0101000020E6100000062571FB8A6F5240CEA21C716DA13240
Maharashtra Natural Gas Ltd CNG Station,18.5334703,73.9149076,,"D-105, N Main Rd, near Passport seva kendra, Koregaon Park Annexe, Mundhwa, Pune",0101000020E610000029379BD88D7A524027E3738291883240
LONKAR CNG STATION,18.5322614,73.9320013,,"GWJJ+WRG, Gandhi Chowk, 55, Beed - Ahilyanagar - Pune Rd, Mundhwa, Pune",0101000020E610000016D5C7E8A57B524055EC794842883240
RATHI CNG STATION,18.4541593,73.8533621,,"74, Bharati Vidyapeeth Rd, Shriram Nagar, Katraj, Pune",0101000020E610000056C9117C9D7652409CACACC843743240
Balkrishna CNG Station,18.5340259,73.9206068,,"Mundhwa Rd, behind Bharat Petroleum, Koregaon Park Annexe, Mundhwa, Pune",0101000020E61000006A9EC838EB7A52408BB7DFEBB5883240
Maharashtra Natural Gas Ltd CNG Station,18.5696407,73.8172268,,"6, Spicer College Road, Shitole Nagar Rd, Madhuban Colony, Old Sangvi, Pimpri-Chinchwad",0101000020E61000008BDAA2714D74524076F810F9D3913240
Torrent Gas - CNG Station,18.4880811,74.0822098,,"F3QJ+6VP, Deokar Petroleum, Solapur - Pune Hwy, near Shri Balaji Nursery, Sortapwadi Phata",0101000020E6100000499AE4EC42855240B34B0AE2F27C3240
Maharashtra Natural Gas Ltd CNG Station,18.6167074,73.8431382,,"JR8V+M6, Landewadi, Pimpri Colony, Pimpri-Chinchwad",0101000020E610000088C0ECF9F575524081334289E09D3240
Balaji CNG Center Hadapsar Pune,18.4980523,73.9562833,,"15, Solapur Rd, Laxmi Colony, Hadapsar, Pune",0101000020E610000080CDDEBE337D52409532045B807F3240
Vanaz CNG Pump,18.4823766,73.8032544,,"FRJ3+X79, NH 48, Warje, Pune",0101000020E61000008F972485687352400D5B69087D7B3240
Torrent Gas CNG Station,18.7600814,73.5663063,,"Om Petroleum, Near Gurudatta Garden Mangal Karyalay Naigaon, Kamshet, Bengaluru - Mumbai Hwy, Naigaon",0101000020E61000003381C75C3E645240434CD3B194C23240
Torrent Gas CNG Station,18.8444809,73.8814661,,"Khed TKVS, Opp. Hotel Dosti, Near Mahindra Finance Chandoli, Rajgurunagar, Chandoli",0101000020E61000001702CAF069785240BE9877E62FD83240
Maharashtra Natural Gas Ltd CNG Station,18.5720925,73.9548631,,"HXF3+2QR Nanekar Prestige, Nagar Rd, near CNG Pump, Khandve Nagar, Wagholi, Pune",0101000020E61000000FAA1E7A1C7D524071C971A774923240
Maharashtra Natural Gas Ltd CNG Station,18.6244726,73.7582319,,"JQF5+V79, Ram Nagar, Tathawade, Pimpri-Chinchwad",0101000020E61000002C5217DF86705240833FB26FDD9F3240
Torrent Gas CNG Station,18.9345735,73.9339599,,"WWMM+RHG, Anand Petroleum, Beside Hotel Raanvaara Pune-Nashik Highway, Taluka, Ambegaon, Peth",0101000020E6100000A191BEFFC57B524050357A3540EF3240
SAI SAYAJI CNG PUMP MNGL,18.5072193,73.8025867,,"near C N G Pump, Shastri Nagar, Kothrud, Pune",0101000020E6100000182D9B945D7352406766C11FD9813240
"Samruddhi CNG, Maharashtra Natural Gas Ltd CNG Station",18.7382966,73.857553,,"Pune - Nashik Hwy, Nanekarwadi",0101000020E61000008C65FA25E27652407DBF870101BD3240
CNG Pump,18.7119481,73.6522075,,"on, Mumbai - Pune Expy, Urse",0101000020E61000002EAD86C4BD69524008F30D3B42B63240
CHANDERE CNG Station,18.5526294,73.7575087,,"Pashan - Sus Rd, Sus, Pune",0101000020E6100000DF3BC5057B705240E0CECF1E798D3240
Maharashtra Natural Gas Ltd CNG Station,18.7670224,73.8553512,,"QV84+R4Q, Chakan",0101000020E61000000AA6F512BE765240A74C7B945BC43240
MNGL CNG Station,18.6774556,73.8598794,,"MVG5+XVV, Moshi Gaon, Moshi, Pune, Pimpri-Chinchwad",0101000020E610000043609B4308775240F77DEEBA6DAD3240
Torrent Gas - CNG Station,19.0479437,73.8357938,,"Kale Service Station, Near Hotel Om’s Garden Bhimashankar – Manchar Road, Ghodegaon, Tal Ambegaon, Ghodegaon",0101000020E6100000C64C47A57D7552409B8CCF09460C3340
Maharashtra Natural Gas Limited CNG,18.5850098,73.8330416,,"HRPM+263, Dapodi Bridge, Phugewadi, Dapodi, Pimpri-Chinchwad",0101000020E6100000480DB78D50755240EAD6C633C3953240
Maharashtra Natural Gas Ltd CNG Station,18.483123,73.8023331,,"Survey No. 130/2/1, 1, Bengaluru - Mumbai Hwy, Warje, Pune",0101000020E6100000E43FEE6C5973524006F2ECF2AD7B3240
Maharashtra Natural Gas Ltd CNG Station (Rathi CNG),18.4542324,73.8535084,,"FV33+MCV, Bharati Vidyapeeth Rd, Shriram Nagar, Dhankawadi, Pune",0101000020E61000001F37B2E19F76524099C8169348743240
Torrent Gas CNG Station,18.5803494,73.9751642,,"Restaurant, Wankhede Petroleum, near Shangri-la, Kamal baug society, Wagholi, Pune",0101000020E6100000B8CE1A17697E5240D3403DC791943240
Radhai CNG STATION,18.7010852,73.8477839,,"Pune - Nashik Hwy, Kurali",0101000020E6100000D224671742765240AAB5D5517AB33240
Bharat Petroleum - Petrol & CNG,18.4842809,73.8842142,,"Kondhwa Rd, Block A, Lullanagar, Pune",0101000020E61000002AEA27F796785240D49343D5F97B3240
CNG PUMP,18.6031801,73.7468983,,"114/1/1, Marunji Rd, near New, Hinjawadi, Wakad, Pune, Pimpri-Chinchwad",0101000020E610000008FC862ECD6F52401719D3026A9A3240
Maharashtra Natural Gas Ltd CNG Station,18.5112633,73.7709275,,"Pranjali Patil Nagar, Bavdhan, Pune",0101000020E610000092054CE0567152402125D126E2823240
Mahanagar Gas CNG Sukhakarta Fuel Station LLP,18.950067,73.327364,,"X82H+44Q, Karjat, Ashane",0101000020E6100000D1782288F35452404302469737F33240
S K CNG GAS PUMP,18.9817788,73.9452149,,"18/2 SHEWALWADI, Pune - Nashik Hwy, Manchar",0101000020E610000048CCA2667E7C5240F8E7FDDA55FB3240
Maharashtra Natural Gas Ltd CNG Station,18.5905022,73.7472953,,"3 Plot, No 1, Hinjawadi, Pune, Pimpri-Chinchwad",0101000020E6100000177DAAAFD36F52404F37F5262B973240
"Bharat Petroleum, Petrol and CNG Pump -Shree Sai Petroleum",18.5899662,73.9563408,,"Survey No 89, 2, Wagholi Rd, Lohegaon, Pune",0101000020E610000027F50AB0347D5240D2BE5E0608973240
Maharashtra Natural Gas Ltd CNG Station,18.4980671,73.9563771,,"FXX4+6HC, Solapur Rd, Manjri, Hadapsar, Pune",0101000020E61000002CC94B48357D5240ACB65153817F3240
Maharashtra Natural Gas Ltd CNG Station,18.5944519,73.7294446,,"HPVH+QQG, Hinjawadi Phase 2 Rd, Phase 1, Hinjawadi Rajiv Gandhi Infotech Park, Hinjawadi, Pimpri-Chinchwad",0101000020E61000009A4F6738AF6E5240898BEDFF2D983240
TILAKRAJ CNG,18.4642379,73.952666,,"DD, S.No12 ,H 12/A NH548, Pune",0101000020E6100000B680D07AF87C52405010864BD8763240
Torrent Gas CNG Station - CGS Jategaon,18.70025,74.0939966,,"P32V+3HX, Chakan Shikrapur Rd, Jategaon Kh.",0101000020E6100000DABB500A048652402506819543B33240
Datta Guru CNG Station,18.7218837,73.8520705,,"Gat Number 675/3, Pune - Nashik Hwy, near True Value, opposite to Bharat Forge, Alandi Fata, Pune, Kurali",0101000020E6100000BAD8B45288765240F603C35ECDB83240
Haji Liyakat Cng Station,19.0161062,73.3218996,,"Shop No 1 Karjat Kalyan Road, West, near Pahunchar Hotel, Neral",0101000020E61000001CA6C7009A545240494332891F043340
MNGL Maharashtra Natural Gas Ltd CNG Station,18.4809118,73.9547762,,"sr no 215,chaitanya colony, Ganga Nagar, Phursungi",0101000020E6100000F27FA20D1B7D5240B04225091D7B3240
Maharashtra Natural Gas Ltd CNG Station,18.5971151,73.8123729,,"HP Pump, Pimple Saudagar Rd, Parshawa Nagari, Pimple Gurav, Pimpri-Chinchwad",0101000020E6100000076AE7EAFD735240A1720289DC983240
Maharashtra Natural Gas Ltd CNG Station,18.7240926,73.6817465,,"Station Road, Kalokhe wadi, Talegaon Dabhade",0101000020E6100000666A12BCA16B52408E46F4215EB93240
Torrent Gas - CNG Station,19.1833343,74.0938449,,"Patil & Sons, IOCL station, Opp. Central Bank of India, Ahilyanagar - Kalyan Rd, near Baba ka Dhaba, Alephata",0101000020E61000005E190A8E018652402CBC26FFEE2E3340
MNGL Shiv-Parvati Petroleum CNG Station,18.6124914,73.7659704,,"dange chowk Wakad, Wakad - Bhosari BRTS Rd, Thergaon, Pune",0101000020E61000000F6DB6A805715240CD14843CCC9C3240
Torrent Gas CNG Station,19.0261684,73.9513034,,"2XG2+FG7, Sai Dwarka Petroleum, IOCL station, Pune - Nashik Hwy, near Jain Temple, Kalamb",0101000020E6100000B6E4A727E27C52404B30E6F8B2063340
Maharashtra Natural Gas Ltd CNG Station,18.498963,73.9204916,,"FWXC+H5Q, Ramtekdi Industrial Area, Hadapsar, Pune",0101000020E6100000898F9955E97A5240FFE9060ABC7F3240
Torrent Gas CNG Station,18.3587593,74.028011,,"near Rasoi Garden, Sopan Nagar, Saswad",0101000020E6100000693BA6EECA815240C7A244A6D75B3240
HP Petrol Pump and CNG,18.7931945,73.2971182,,"Siraj Dokadia Rd, Dahivati Tarf Boreti",0101000020E6100000F8020EFC03535240F8DD74CB0ECB3240
Maulikrupa CNG ONLINE station,18.677382,73.859873,,"BRT Road, 260, Alandi - Moshi Rd, Moshi, Pimpri-Chinchwad",0101000020E6100000A86DC328087752402AE620E868AD3240
MNGL Shinde CNG Station,18.6683048,73.7277571,,"MP9H+84C, TC Colony, Vikas Nagar, Dehu Road",0101000020E6100000A3FB8392936E524084C2FB0516AB3240
Maharashtra Natural Gas Ltd CNG Station,18.5342687,73.8478938,,"1 P.M.P.M.L. Bus Depot Commercial Bldg 27, A-Block, Narveer Tanaji Wadi, Shivajinagar, Pune",0101000020E6100000CB5E5BE443765240C4C661D5C5883240
IOCL Maharashtra Natural Gas Ltd CNG Station,18.6327318,73.7997095,,"Service Rd, MIDC, Pimpri Colony, Pimpri-Chinchwad",0101000020E61000003C33C1702E735240A32314B6FAA13240
Maruti Petroleum and CNG STATION,18.7896737,73.7881011,,"wandar road Chakan, Bhamboli, Varale",0101000020E6100000449C983F70725240E6023C0E28CA3240
Maharashtra Natural Gas Ltd CNG Station,18.6274471,73.852725,,"JVG3+X3H, Sainath Nagar, Bhosari, Pimpri-Chinchwad",0101000020E6100000D3DEE00B937652405578865FA0A03240
Torrent Gas CNG Station - Nhavre COCO,18.6233994,74.3855719,,"J9FP+964, Shirur - Satara Rd, Andhalgaon",0101000020E61000006C30C335AD9852409558631A979F3240
Torrent Gas CNG Station,18.4514722,74.576852,,"Commandar, opp. SRP Mangal Karyalaya, near Hotel Jaibhawani, State Reserve Police Force, Daund",0101000020E610000076A8A624EBA452409D0D9EAE93733240
Shiv petroleum CNG station,19.08817,74.812097,,"3RQ6+7R9, NH 61, Nimbodi",0101000020E6100000800BB265F9B35240037D224F92163340
Bharat Petroleum & CNG Station,18.8324434,74.6630612,,"Ahmadnagar, SH-10, Ahmed Nagar Yeola Road, Ahmadnagar, Ahmadnagar",0101000020E6100000C74F3E986FAA524063C5BA021BD53240
Torrent Gas CNG Station,18.8184337,74.3650097,,"R997+9XM, MH SH 27, Baburao Nagar",0101000020E6100000420EA5515C975240BC71F7DE84D13240
Karna Mega Cng Station,18.7645586,74.2600155,,"Rajmudra chowk, Ranjangaon",0101000020E6100000FF3C0D18A490524024E0C61CBAC33240
"Bharat Petroleum, Petrol and CNG Pump -Anand-Kundan Petroleum",19.1243076,74.5340819,,"Ahilyanagar - Kalyan Rd, MALKUP, Ahmednagar",0101000020E6100000AD78D9652EA25240EEA4749FD21F3340
CNG station,18.3392742,74.3771065,,"89QG+PR5, Supe",0101000020E6100000FA264D8322985240666089ACDA563240
Torrent CNG Pump,18.7644975,74.2601491,,"GAT NO:1561 NAGAR-PUNE ROAD RAJMUDRA CHOWK RANJANGAON GANPATI TAL:SHIRUR,DIST:PUNE, Ranjangaon",0101000020E61000005E256948A6905240AF5FB01BB6C33240
VITHOBARAJE PETROLEUM/CNG PUMP,19.1856899,75.1595423,,"55P5+7RF, Ahmednagar - Pathardi Rd, Malibabhulgaon",0101000020E61000000835E8F035CA524090B28F5F892F3340
Cng pump,18.5459975,74.5826086,,Kashti,0101000020E610000093D7947549A55240A032FE7DC68B3240
Torrent CNG Station,18.3364265,74.3744387,,"89PF+QQ5, Shirur - Satara Rd, Supe",0101000020E6100000D5B6BCCDF6975240FC010F0C20563240
Anjali Petroleum CNG pump,18.6489079,75.0910006,,"Ahmednagar, Solapur",0101000020E6100000A63A2EF4D2C55240B59D00D41EA63240
"Bharat Petroleum Petrol CNG Pump , YUVRAJ PETROLEUM",18.5370748,75.1664941,,"G.T 50/2, CHAPADGAON, TAL - KARJATAHMEDNAGAR, MH SH 141, SOLAPUR",0101000020E6100000869EDED6A7CA52407881EDBB7D893240
Shiv 9 Petroleum (Bharat petroleum) CNG,19.1070625,74.6235625,,Jakhangaon,0101000020E6100000C520B072E8A75240C520B072681B3340
Malganga Petroleum CNG,18.9621233,74.2858449,,"X76P+XPG Malganga Petroleum, Nighoj Tal Parner Dist Ahmednagar, Nighoj",0101000020E61000009E4E68484B92524037386CB64DF63240
Kamal CNG Pump Shirur,18.8150784,74.3488952,,"Babanraomore Nagar, Borhademala, Shirur Gramin, Shirur",0101000020E6100000CF6E884C549652400FAD5FFAA8D03240
"Bharat Petroleum, CNG PUMP -Shri Swamy Samarth Petroleum",19.19079,75.0638146,,"TEESGAON ON MDR, TAL - PAT, AHMEDNAGAR",0101000020E61000007800D58915C4524062670A9DD7303340
24x7 Torent cng gas tanker filling station,18.6236773,74.3865992,,"J9FP+FM, Andhalgaon",0101000020E61000003A2A920ABE985240F1C1C650A99F3240
Torrent Online CNG (Shubham CNG),18.460081,74.346591,,Wakhari,0101000020E6100000A185048C2E965240CF8250DEC7753240
CNG Pump,19.1874741,74.771353,,"5QPC+XG, Shendi",0101000020E6100000FA2AF9D85DB15240D758784DFE2F3340
Shri Siddhivinayak Petroleum & CNG station,19.0630919,74.8088889,,"3R75+3F, Nimbodi",0101000020E61000003CE6F2D5C4B352407B246FCA26103340
CNG PUMP Dandlawar,30.5605342,77.0616926,,"CNG, Dandlawar, Panchkula",0101000020E6100000EFD984C5F24353401E4A592B7F8F3E40
"Bharat Petroleum, Petrol Pump & CNG Point -Shri Samarth Multiservices",18.9299137,74.4881915,,"GAT No.101, 102, Pune - Ahilyanagar Hwy, near Supa Toll plaza, Phata, Mhasne, Palwe Kh.",0101000020E6100000DAAB8F873E9F5240349A01D30EEE3240
BPCL CNG,18.598081,74.6766745,,"HMXG+6MM, Velu",0101000020E610000061E28FA24EAB5240E65B1FD61B993240
Bharat Petroleum CNG Station,19.0170669,74.3113598,,Devi Bhoyare,0101000020E61000008192A751ED9352401758117F5E043340
New Age Fuel World CNG PUMP,19.1614973,74.7023528,,"Manmad Rd, near MIDC Police Station, MIDC, Ahmadnagar",0101000020E610000042902859F3AC52406EE415E357293340
Torrent Gas - CNG Station,18.3928029,74.5441773,,"Bus station, Jadhav Petro Park, Solapur - Pune Hwy, opposite of Hotel Fauji, near Kurkumbh, Kurkumbh",0101000020E610000070AE06CDD3A25240224619BB8E643240
"CNG Pump Bharat Petroleum, Petrol Pump -Deepak Fuel World",19.1136427,74.7306131,,"Savedi Rd, Bishop Lloyd Colony, Ahmadnagar",0101000020E6100000DEA1725DC2AE5240DCED1FB0171D3340
BPCL CNG Filling Station,19.0491375,74.6751669,,"MH SH 27, Ahmadnagar",0101000020E6100000DEB53AEF35AB5240D8817346940C3340
Bharat Petroleum CNG,18.4456767,74.4197107,,"A/PO, DAUND-, WARWAND, Varvand",0101000020E61000000092448ADC9A5240D61643DE17723240
Ban Bro Fuels BPCL CNG/Petrol/Diesel,19.1459614,74.6939139,,"Plot L4, Lamkhade Chowk, Nagar Nimblak, Road, MIDC, Nagapur",0101000020E610000059AFD81569AC5240777AEFB95D253340
Online CNG pump,18.463324,74.3306367,,"F87J+87C, Road, Bhandgaon, Dhumalicha Mala",0101000020E6100000DF56D52629955240B073D3669C763240
Yawat CNG pump HP,18.4631356,74.3308283,,"F87J+784, Solapur - Pune Hwy, Dhumalicha Mala",0101000020E6100000D745764A2C955240049DFF0D90763240
"Bharat Petroleum, CNG Pump -Vishal Fuel Station",19.0094483,74.7145188,,"Valki Phata on SH10, Ahmadnagar",0101000020E610000023980FADBAAD5240B7802B346B023340
DAKSON PETROLEUM- PETROL | DIESEL | CNG*,19.0663586,74.821234,,"Gut No. 182/5, A/P:, New By Pass Road, Sarola Baddi, Ahmadnagar",0101000020E610000040170D198FB45240F0CE90E0FC103340
"Bharat Petroleum Petrol Pump , SATYABHAMA PETROLEUM,CNG Pump",19.1712703,75.1870744,,"Ahmednagar - Pathardi Rd, ROADTAL, Pathardi",0101000020E6100000CE7AE706F9CB5240AF46D15ED82B3340
Bharat Petroleum - Vaishnavi Petroleum CNG,18.9245008,74.4823278,,"Palvekhurd on SH 60, AHMEDNAGAR",0101000020E6100000E7BC6B75DE9E524037209D15ACEC3240
"CNG Bharat Petroleum, Petrol Pump -Svayam Siya Petroleum",19.1676349,74.6991051,,"NIMBLAK, Ahmadnagar",0101000020E6100000E03D5123BEAC5240112BED1EEA2A3340
"Bharat Petroleum, Petrol CNG -Ashwin Automobiles",19.0301729,74.6387464,,"CHASS, Ahmadnagar",0101000020E6100000049C9438E1A85240B9B94269B9073340
SVAYAM SIYA | CNG | EV | DIESEL | PETROL | DEF,19.1618112,74.6820343,,"Ahmednagar City Bypass Rd, MIDC, Ahmadnagar",0101000020E610000004503173A6AB5240632074756C293340
"Bharat Petroleum Petrol CNG Pump , PRAJAKTA FILLING STATION",18.7188014,74.6095405,,"MH SH 50, Belwandi Bk.",0101000020E6100000994528B602A75240AB51595E03B83240
Kanan Petroleum And Online CNG (HP & BPCL) Shrigonda,18.6020632,74.6822407,,"Limpangaon Kashti Rd, Shrigonda",0101000020E610000002A0E5D4A9AB524007205AD0209A3240
CNG Pump chausala,18.7275751,75.6979422,,"NH 52, Dhotra",0101000020E6100000E4DFC215ABEC524049E29B5C42BA3240
BHARAT PETROL PUMP & CNG STATION BHOOM,18.4538329,75.6604561,,"1, Paranda Rd, Bhoom",0101000020E6100000667CA9E944EA52404D5997642E743240
CNG 24Hrs,18.56,76.0400761,,"H26Q+2QV, Kanherwadi",0101000020E61000007AB6589B900253408FC2F5285C8F3240
BPCL.NAVALE PETROLEUM.AND BGR.CNG FILNG SATNON JAMKHED,18.7442111,75.3226118,,"Beed - A.Nagar Road, Jamkhed",0101000020E61000007093F6ABA5D45240F8D15F9E84BE3240
"Bharat Petroleum Petrol Pump ,CNG HIMALAYA PETROLEUM",18.74676,75.2876785,,"1098, JAMKHEDNAGAR-JAMKHED SH-142, TAL- JAMKHED, Ahmednagar",0101000020E6100000CA50155369D2524001F6D1A92BBF3240
Kanifnath Gas Service Center,18.985181,75.7507851,,"Shop No, 3, Dhanora Rd, near Ksk College, Kranti Colony, Datta Nagar, Beed",0101000020E6100000BEB4F2DC0CF05240FDA36FD234FC3240
patel Bharat Gas agency,18.962761,75.4496338,,"XC7X+4V2, Karegaon",0101000020E6100000478BD8CCC6DC524040DD408177F63240
HP gas point,19.0111904,75.7525949,,"2Q63+F2H, Canal Rd, Beed",0101000020E6100000BBA8CC832AF052407707C25FDD023340
"Ashoka CNG Gas ,CNG Station",18.3859243,76.5509686,,"9HP2+99P, Ram Nagar, Latur",0101000020E6100000DE87CD1143235340503B57EFCB623240
Ashoka CNG Pump,18.6851806,76.9499767,,"SH 3 GUT Number 126 Ahmedpur, Sholapur",0101000020E6100000919D126BCC3C534089DAECFE67AF3240
MAHANAGAR GAS CNG PUMP,18.5034375,76.5781875,,"GH3H+97, Renapur, Rupchand Nagar",0101000020E61000002FDD2406012553407B14AE47E1803240
MGL CNG station,18.5033541,76.5793598,,"Ambajogai - Latur Rd, Renapur, phata",0101000020E61000007F67203B14255340B9CE75D0DB803240
"Uma Mahesh CNG & Petrol Pump (Mahanagar Gas, HP)",18.3595492,77.1306958,,"945M+XJF, Malewadi",0101000020E61000005FAEEA515D4853408F4D976A0B5C3240
Om Sai Cng Pump,18.3932803,77.0843787,,"NH63, near Govt. Rest House, Udgir, Loni",0101000020E6100000A83EEB75664553403CA98A04AE643240
Mantri petroleum And CNG PUMP LATUR,18.4163881,76.5925903,,"Near Siddeshwar Mandir Siddeshwar Nagar Malwati Road, Ring Road, Latur",0101000020E6100000519BDDFFEC2553408EF11769986A3240
ASHOKA CNG PUMP (S M BIDVE ENTERPRISES),18.3768046,76.5584089,,"OPP BIDVE LAWNS WASANGOAN, Ausa Rd, Latur",0101000020E6100000E7D2AEF8BC2353407CFB294476603240
Ashoka gas cng pump,18.3935704,77.0845088,,"93VM+GM, Loni",0101000020E6100000590E99976845534074AC9C07C1643240
"Bharat Petroleum, CNG Saanj Petroleum",18.3911249,76.6133107,,"Latur - Babhalgaon Rd, DIST, Latur",0101000020E61000005CB2857B40275340BA26EEC220643240
om sai CNG & petroleum karegaon,18.982058,77.1633339,,"X5J7+R8F, NH 361, Ambesangvi, Karegaon",0101000020E610000000B50710744A534071C6302768FB3240
Natural CNG Pump,18.542009,76.251494,,"G7R2+JJ9, Kallam-Latur Rd, Ranjani",0101000020E6100000F9484A7A181053403E23111AC18A3240
CNG Offline station,18.7190654,76.3701162,,"552, Kirmani Nagar, Ambajogai",0101000020E610000011AEDBFBAF17534067AF88AB14B83240
Shourya CNG filling station,18.8417127,76.5120754,,"Priya nagar, Parli Vaijnath",0101000020E61000008305E6D7C5205340BB20C77B7AD73240
CNG TAWALE HIGHWAY SERVICES,18.405794,76.262218,,"Barshi - Latur Hwy, Murud",0101000020E61000000B9B012EC8105340BCE9961DE2673240
MAHANAGAR CNG GAS PUMP,18.5104682,76.8638303,,"Petrol Pump Side, 7, Latur - Nanded Hwy, Latur",0101000020E6100000CFF2E1FE48375340E2A5400BAE823240
CNG Offline Station,18.7319047,76.4089981,,"New Bank colony, AAIBABA Niwas, opp. SRT College, Vivekanand Nagar, Ambajogai",0101000020E610000013E85D062D1A5340E8493E1B5EBB3240
Venkatesh CNG Mahanager gas station,18.5103637,76.8636507,,"gat no 256/57 latur nanded road, railway, station road, in front of Latur - Nanded Highway, Chakur",0101000020E6100000B8EA950D46375340C8900832A7823240
Shri Govind Petroleum & CNG {Kolhe},18.9906764,76.7243207,,Gangakhed,0101000020E6100000379435455B2E534045EBF2F79CFD3240
Vaishnavi Servo Cng Fule Station,18.8681141,76.5098526,,"Beed Highway, Tokwadi, Parli Vaijnath, Bramhawadi",0101000020E6100000F5B1CC6CA12053404CB2C4B93CDE3240
Rk CNG udgir,18.4021001,77.1042217,,"C423+RMX Indo Mobile Sales & Services, Udgir - Nanded Rd, opp. Uday Petrol pump, Malkapur, Udgir",0101000020E610000025427E91AB465340E4373B08F0663240
BPCL M/s Sri Goamukhi Filling Station /cng pump,18.655651,78.1268209,,"M44G+7P8, HYD Main Road, opposite to NexaShowroom, Madhavanagar, Nizamabad",0101000020E6100000C17C68D51D885340F69672BED8A73240
"Bharat Petroleum Petrol & CNG Pump , SHRI BALAJI PETROLEUM",19.051499,77.381905,,"TARFE TUPPANANDED, Degloor - Nanded Rd, AT, Kakandi",0101000020E6100000734BAB2171585340D6C6D8092F0D3340
"Bharat Petroleum, Petrol cng Pump -Gunaji Petroleum",19.0770228,77.2531063,,"DERLA, NANDED LOHA ROAD, N, Nanded",0101000020E6100000573AC4E432505340DE0B27C4B7133340
RAGAVA Enterprises Bharat Petroleum & CNG,18.6246909,78.1870275,,"Nadipalli, Nadepalle",0101000020E6100000F8FC3042F88B5340DB9B29BEEB9F3240
SINDHUTAI PAWDE PETROLEUM & CNG,19.1909117,77.2840024,,"Sindhu nagar, opposite Shubham function hall, Purna Road, Wadi(Bk, Nanded",0101000020E610000013FF66182D5253407CECD396DF303340
B SAYA REDDY BPCL Bharat Petroleum Gas Station,18.6732249,78.0975138,,"M3FX+72R, RP Rd, beside Sayareddy Petrol Pump, Khaleelwadi, Nizamabad",0101000020E6100000287A85AA3D865340565A907758AC3240
Go Gas,19.1592191,77.317708,,"5859+M3P, Samrat Nagar, Hyder Bagh, Dashmesh Nagar, Harsh Nagar, Nanded-Waghala",0101000020E61000005D6BEF535554534008663B95C2283340
"Bharat Petroleum Mauli Highway Services, CNG Station.",18.8639649,77.5265327,,"NH-161 At. Naigaon (BZ) Toword Nanded On Nanded Degloor Highway, Tahshil Office Road, Naigaon",0101000020E610000093B135B6B26153405464BECD2CDD3240
Indian Auto Gas Filling Station,18.6535252,78.13092,,"M43J+C97, Madhavanagar, Nizamabad",0101000020E61000001C9947FE60885340A31C716D4DA73240
Varni Petrol Pump cng,18.5325362,77.9059635,,"503201, Varni - Nizamabad Rd, beside Cinema Hall, Varni",0101000020E6100000A9F7544EFB795340A5EFDA4A54883240
Rk cng pump 03 vishnupuri te somthana rod,19.0773353,77.2526947,,"37G2+JX, Dhangarwadi",0101000020E6100000D81764262C5053408C53083FCC133340
MNGL CNG Station,19.9356956,73.732242,,"Mumbai - Nashik Expy, Nashik",0101000020E61000007DB08C0DDD6E5240D70231BF89EF3340
CNG- KRISHNA PETROLEUM AND CNG STATION,19.4177531,73.276918,,"Opposite dhingra hotel khativali, mumbai nashik highway Vasind, NH 3, Khativali",0101000020E61000001E6B4606B9515240784DFEDDF16A3340
MNGL CNG pump MAHARASHTRA Natural gas limited Nashik,19.9390622,73.854562,,"157, chehedi pumping, Nashik - Pune Rd, Ghatkopar, Nashik",0101000020E6100000E199D024B1765240E9E85D6166F03340
MGNL CNG PUMP,19.9394753,73.8545024,,"WVQ3+QRR, Nashik - Pune Rd, Chehdi, Nashik",0101000020E6100000A096D52AB076524059E6087481F03340
Om service station & CNG pump,19.9978767,73.7815847,,"Prasanna Arcade, NH848, Trimbak Naka, Shalimar, Nashik",0101000020E61000007463D57B05725240BEF0EFD874FF3340
Bharat Petroleum Adhav Petroleum CNG,19.9831347,73.845049,,"SURVEY NO 3A/3F/3, PLOT NO 1/1, Jail Rd, ROA, Dasak, Nashik",0101000020E61000001FA1664815765240121038B7AEFB3340
CNG On Line Station,19.9728947,73.7283055,,"अंबड-सातपूर लिंक रोड, Medage Nagar, Nashik",0101000020E6100000CEFFAB8E9C6E5240A5F386A00FF93340
HP PETROL & CNG PUMP - AUTO CARE CENTER,20.075436,73.910306,,"GAT NO. 23/2/1 Mumbai Agra Road, NH-3 Ozar, TAL: Niphad, Nashik, Vashi",0101000020E610000091D61874427A5240E9F010C64F133440
Nashik CNG opp D mart,19.9356569,73.7321771,,"WPPJ+7V7, Mumbai - Nashik Expy, Nashik",0101000020E610000054D856FDDB6E5240D9C6E93587EF3340
HP Petrol Pump/ CNG pump,19.597492,73.3916948,,"Hpcl Dealers Khardi Village Pimplepada, Vashi",0101000020E6100000D900118711595240239F573CF5983340
Sai Pandhari CNG Station,19.9983932,73.8509754,,"800m from, Sambhajinagar Highway, Nandur Naka, Nashik",0101000020E6100000D52C8661767652407D8C5EB296FF3340
Bharat petroleum CNG station,19.9975491,73.7810378,,"Karan House, 1373K, Kanhere Wadi, Trimbak Naka, Shalimar, Nashik",0101000020E610000025FCF785FC7152407CA7B8605FFF3340
"M R Rathi & Co. BPCL, CNG & EV Charging Station",19.6993474,73.6028386,,"Take-Ghoti NH -3 , Mumbai Nashik Highway, Dist, Igatpuri",0101000020E61000000DF159E894665240EA8A636E08B33340
"CNG Bharat Petroleum, Petrol Pump -Madhuban Petroleum & Co.",19.3029398,74.1705792,,"GHARGAON, AHMEDNAGAR",0101000020E61000002F5805C5EA8A524023A875768D4D3340
Bharat Petroleum CNG,19.6062063,74.1881011,,"Ahmadnagar, NH-50, Pune Nashik Highway, Sangamner",0101000020E6100000DD3532D9098C524011210956309B3340
Chaitanya CNG Gas Station / Petrol Pump,19.600758,74.1839284,,"Pune - Nashik Hwy, Ghulewadi",0101000020E61000008FB39F7BC58B524074CFBA46CB993340
"Bharat Petroleum, CNG Petrol Pump -Prakash Automobiles",19.9834701,73.7822748,,"NASIK ( NR NASERDI BRIDGE, Nashik",0101000020E6100000099F52CA1072524007184CB2C4FB3340
CNG BPCL Shree Gajanan Petroelum,20.047008,73.7927906,,"Devbhumi Apartment, MHSH26, Near Rau Hotel, Omkar Nagar, Nashik",0101000020E6100000E1E4C814BD7252407FA65EB7080C3440
Tuljabhavani Petroleum CNG Station,19.9430426,73.7977394,,"Tuljabhavi Petroleum, Pathardi - Vadner Dumala Rd, Wadner, Nashik",0101000020E6100000C36E8E290E7352401CBC653D6BF13340
MNGL CNG PUMP next to KK Wagh College,20.0156132,73.8243518,,"2R8F+6PX, Service Rd, Pachwati, Sri Ram Nagar, Konark Nagar, Nashik",0101000020E610000085590D2EC2745240CB62073AFF033440
HP PETROL PUMP - YOSHITA PETROLEUM & CNG Pump,20.0265562,73.99862,,"GAT NO.6 7 Village Chandori, Taluka, Niphad",0101000020E61000006B48DC63E97F52408C811A63CC063440
"BP Sinnar, Bharat Petroleum / CNG pump, Sinnar",19.8060389,74.0472453,,"Maharashtra 422112, India",0101000020E6100000F198261106835240C7CDBA9058CE3340
SB Vinayaka Petrol Pump & CNG Gas Pump (BPCL),20.075508,73.779305,,"3QGH+6P, Gawalwadi",0101000020E6100000FE261422E07152401C96067E54133440
Deshmane Petroleum now CNG PUMP 24 hours available AND PETROL DIESEL,20.1516618,73.9829656,,"OPP OLD MARKET YARD, NH3, Mumbai - Agra Hwy, Pimpalgaon Baswant",0101000020E6100000F4458CE8E87E5240700DC74ED3263440
Near jatra hotel cng,20.0439415,73.8745591,,"2VVF+HRF, Nashik",0101000020E6100000D43ABBC6F8775240EB6F09C03F0B3440
"Bharat Petroleum, Petrol Pump And CNG -Maharashtra Petroleum & cng pump",20.1545736,73.9836864,,"MUMBAI AGRA RD, PIMPALGAON, NASIK",0101000020E61000004761CDB7F47E524032D3AC2292273440
Gorde Patil Petroleum CNG Pump,19.6154823,74.42373,,"GAT NO :554, Gogalgaon",0101000020E610000062156F641E9B524051C47D3F909D3340
"Bharat Petroleum, CNG Pump -R J Fuels Savlivihir",19.8046879,74.4692262,,"ON SHIRDI MANM, Savalivihir, AHMEDNAGAR",0101000020E610000049DB53CD079E5240A7FCB50600CE3340
Yash Petroleum Cng Pump,20.150812,75.129511,,"Verul, Aurangabad, SH-22, Dhule Daulatabad Highway, Aurangabad, Aurangabad",0101000020E6100000395E81E849C8524027D87F9D9B263440
BPCL C. N. Katkade Petroleum & CNG PUMP,19.8739942,74.48377,,"MH SH 10, Mohniraj Nagar, Kopargaon",0101000020E61000004D327216F69E5240C8E47915BEDF3340
MNGL BP CNG Station & Pump - Yeola,20.037722,74.4879615,,"1, Bhoi Galli, Patil Wada, Yeola",0101000020E6100000410DDFC23A9F5240F7562426A8093440
Radhika CNG Pump,19.7053869,75.0919407,,"P34R+7W, Sayyadpur",0101000020E6100000F7EA3E5BE2C55240DE86623C94B43340
Arujit Petroleum CNG Pump,19.9202543,74.7596667,,"Nagpur - Aurangabad - Mumbai Hwy, Vaijapur",0101000020E61000000E1714619EB05240DD802AC995EB3340
CNG Pump Shri Sai Rohit services Petroleum,19.3911776,74.8907378,,Aurangabad - Ahmednagar - Pune Hwy,0101000020E6100000E7131ED901B9524082ED163724643340
"CNG Pump, Chandora",19.9908711,75.1279976,,"Khuldabad, Nh52, Dhule - Solapur Hwy, Kasabkheda",0101000020E6100000DB7DD81C31C85240320D79BAA9FD3340
Pandav Petroleum - Bharat Petroleum Petrol+CNG Pump,19.914707,75.0245362,,"Nagpur Mumbai Highway Gat No 134, Sawangi, Lasur, Station, Chhatrapati Sambhajinagar",0101000020E61000005C24480092C152401A6CEA3C2AEA3340
"Bharat Petroleum,CNG pump-Petrol Pump -Manisha Petroleum",19.3325936,74.8695875,,"GHODEGAON, AHMEDNAGAR",0101000020E6100000AA605452A7B75240E1DBAADA24553340
CNG gas ASHA BHARAT PETROLEUM,20.1113948,75.1187755,,"NH 52, Dhule - Solapur Hwy, Galleborgaon, Khuldabad",0101000020E61000003A048E049AC75240C8F19E5E841C3440
Bharat Petroleum - CNG,19.9404348,74.4880205,,"Khirdi Ganesh, Opp Rajastan D, SH-10, Ahamed Nagar Yeola Road, Kopargaon",0101000020E6100000C4D155BA3B9F52403205C655C0F03340
CNG PUMP SHYAM AUTOMOBILES GANGAPUR,19.7121877,74.986178,,"Vaijapur - Gangapur Rd, Gangapur",0101000020E61000003882548A1DBF52400C1DE0EE51B63340
"Bharat Petroleum CNG Petrol Pump , VENKATA OIL HUBS",19.4638341,74.5885181,,"DEVLALI, Manmad Rd, Loni",0101000020E6100000A926D247AAA552400445E2D4BD763340
"Bharat Petroleum, Petrol and CNG Pump -Maruti Petroleum",19.8916323,74.6493297,,"SURALA, AURANGABAD",0101000020E61000009374289E8EA95240A98EB00342E43340
"Bharat Petroleum, Petrol Pump -Paardeshwar Petroleum CNG pump",19.9908334,75.1280353,,"Mategaon - Kasabkheda Rd, Diwashi",0101000020E6100000F28EF8BA31C85240D4C8F841A7FD3340
Bharat Petroleum (CNG),19.7053881,75.0919665,,Sayyadpur,0101000020E6100000F77475C7E2C55240D27C845094B43340
KRUSHIDHAN B B KOLPE PETROLEUM CNG PUMP,19.8867498,74.3488257,,"Shirdi - Lasalgaon Rd, Shahajapur",0101000020E610000047600729539652400BBCEE0802E33340
CNG gas ASHA petroleum,20.111675,75.1187483,,"4469+MF, Alapur",0101000020E6100000283D789299C75240E3C798BB961C3440
Shri sadguru Krupa BPCL CNG petroleum ghari,19.8417618,74.4062849,,"RCR4+PG3, Sonewadi, Chandekasare",0101000020E6100000F4966192009A5240A8058AB37DD73340
"Bharat Petroleum, Petrol CNG Pump -Sai Shivram Petroleum",19.4360407,74.6128417,,"RO RAHURI FACTORY, NAGAR-MANMAD, Rahuri - Sangmner Rd, AHMEDNAGAR",0101000020E610000001C864CC38A752409639025DA06F3340
"Bharat Petroleum, Petrol Pump CNG Pump -Laxminaryan Petrolpump",19.6168765,74.7286211,,"VADALA MAHADEV, AHMEDNAGAR",0101000020E61000003CEB64BAA1AE5240C32B499EEB9D3340
Balaji Petrol Pump & CNG,19.5390855,74.9358791,,"SH60, Newasa",0101000020E6100000A2E07371E5BB5240703FE081018A3340
"Bharat Petroleum Petrol Pump , AJIT PETROLEUM& CNG",20.0094839,74.7889541,,"GUT NO.- 252, Aurangabad",0101000020E6100000E36256397EB25240AA5670896D023440
Nayara - Aegis Autogas - Sai Petroleum,19.9385347,75.1838895,,"Gut No.102 (P - Village - Fatiyabad, Tal, Gangapur, Chhatrapati Sambhajinagar",0101000020E6100000FB2477D8C4CB524043A962CF43F03340
Aurangabad cng station,19.868098,75.514318,,"VG97+8Q6, State Highway 30, Ladgaon, Kubhephal",0101000020E6100000A06F0B96EAE0524017B9A7AB3BDE3340
Mukund Petroleum & CNG station,19.7595889,75.501353,,"QG52+RGQ, Solapur - Aurangabad Hwy, Chitegaon",0101000020E610000018B0E42A16E0524095E70B6B74C23340
"Nava Bharat Petroleum CNG Station, sundarwadi",19.8622905,75.4453899,,"30, Nagpur - Aurangabad - Mumbai Hwy, Mahesh Nagar, Sindhi Colony, Chhatrapati Sambhajinagar, Sundarwadi",0101000020E6100000FF9DA34481DC5240C826F911BFDC3340
Patel Bharat Petroleum CNG Pump,19.8661802,75.5330479,,"Karmad, Aurangabad, SH-30, Nagpur Aurangabad Mumbai Highway, Aurangabad, Aurangabad",0101000020E6100000E56CF0741DE2524057714FFCBDDD3340
Mansingh Petroleum BP CNG Pump,19.8694231,75.607153,,"Hasanabadwadi , Aurangabad SH-30, Nagpur - Aurangabad - Mumbai Hwy, Aurangabad",0101000020E6100000C5AA4198DBE652400EE3248392DE3340
Parason Petroleum CNG,19.797142,75.2900194,,"Gut No 58, Georai Tanda, Paithan Rd, opposite Maruti Fertilizer Company, Chhatrapati Sambhajinagar",0101000020E6100000288D87AD8FD252409E44847F11CC3340
CNG Harne Bharat Petroleum Pump,19.9215225,75.3368108,,"SHOP NO 1, Ekta Nagar - Jatwada Rd, opp. HARNE PETROL PUMP, Harsul, Chhatrapati Sambhajinagar",0101000020E610000022BCE24E8ED55240350708E6E8EB3340
Bharat Petroleum CNG,20.0664669,75.4083363,,Phulambri,0101000020E61000004291932E22DA52403AC489F903113440
BHARAT PETROLEUM CNG,19.8688345,75.5581297,,"Jalna - Aurangabad Rd, Satana",0101000020E6100000481BA265B8E35240F22213F06BDE3340
"Bharat Petroleum CNG & Petrol Pump , VINOD PETROLEUM (ADHOC)",19.8653624,75.4210981,,"Jalna Road, Chilkalthana, Chhatrapati Sambhajinagar",0101000020E610000018FA7145F3DA52402530E76388DD3340
Abhijeet petroleum CNG pump Rajapur Dist chatrapati sambhajinagar,19.7177177,75.5674276,,"PH88+XPG, NH 52, Rajapur",0101000020E61000004236DABB50E45240A642E158BCB73340
Indian Auto Gas Bhagwati Auto,19.8496812,75.8794512,,"Nivant Hotel, Millat Nagar, Bhawani Nagar, Jalna",0101000020E6100000649BAFED48F85240AA0606B584D93340
Jai Balaji Petrol & CNG,19.836291,75.2919754,,"A-8, Paithan Rd, Kanchanwadi, Chhatrapati Sambhajinagar",0101000020E6100000238F96B9AFD252406BF0BE2A17D63340
Rajureshwar Bharat Petroleum& CNG,19.9237585,75.389752,,"W9FQ+GW2, Rajureshwar Petrol Pump, opposite Janki lawns, Pokhri Fata, Cambridge-Sawangi bypass, Jalgaon Bypass Rd, Chhatrapati Sambhajinagar",0101000020E61000003D635FB2F1D85240EBE6E26F7BEC3340
BHARAT PETROLEUM BPCL SR PETROLEUM CNG AVAILABLE,19.8351754,75.4359117,,"Beed road zalta, Chhatrapati Sambhajinagar",0101000020E610000067DC2FFAE5DB5240796C150ECED53340
"CNG BP YOGIRAJ PETROLEUM, Pategaon",19.4577485,75.3976089,,"Pategoan, tq, Paithan, Pategaon",0101000020E61000004E86996C72D95240064B75012F753340
"TRANSWELL AUTOMALL PRIVATE LIMITED, Essay Petroleum Autogas station",19.8660586,75.4158262,,"Gut No 407, beside Gayatri Lawns, Chilkalthana, Chhatrapati Sambhajinagar",0101000020E61000007A747EE59CDA5240676B3304B6DD3340
Chaware petrol and Cng,19.5802521,75.6267493,,"HJJG+3MX, Pachod, Pachod Kh.",0101000020E61000009E9218A91CE8524071EFD0668B943340
"Bharat Petroleum, Petrol Pump and CNG Pump -Urja Petroleum",20.0342638,75.2533642,,"BORWADI, Aurangabad",0101000020E61000008A3E7A1E37D05240CB6F2C83C5083440
Shanti Gas Agency office,19.8584089,75.8816153,,"Maheshwari Twp, Jalna",0101000020E6100000CF4994626CF85240681888AFC0DB3340
Chantamani Petrol/CNG Pump/ CNG Filling Station,19.6086799,76.6845832,,"Sai Shradhha Nagar, Jintur",0101000020E610000007D90D36D02B5340883B2872D29B3340
Chintamani petroleum bharat pump and CNG,19.5850558,76.6916995,,"HMPR+2MF, Parbhani - Jintur Rd, Jintur",0101000020E610000036CAFACD442C5340CA558737C6953340
HP PETROL PUMP - OM PETROLEUM AND CNG STATION,19.5212132,77.010234,,"GUT NO, 89 (P, Jintur - Aundha Nagnath Rd, Golegaon",0101000020E6100000AAD381ACA7405340563E703A6E853340
"Bharat Petroleum, shri Ganraj petroleum &CNG PUMP",19.6236825,76.4855631,,"GANESHPUR, PARBHANI",0101000020E61000003DA94077131F5340689604A8A99F3340
Rk_CNG PUMP_08_aundha_jintur_rod,19.5208748,77.0100899,,"1, Jintur - Aundha Nagnath Rd, Aundha Nagnath, Golegaon",0101000020E610000046A11B50A5405340804F070D58853340
Cng pump hingoli station,19.7009118,77.2350042,,"P62P+926, Waspangara",0101000020E61000000D5B0E4F0A4F53406861AAF46EB33340
SHANTIGANGA PETROLEUM AND CNG,19.4868477,77.5291496,,"FGPH+QJ, Bamani",0101000020E610000041AC4896DD61534000A2050DA27C3340
Shree Renukadevi Gas Agency,19.8503221,77.9234662,,"Shop-2, Bazar Lane, Beside ST Bus stand, Mahurgad",0101000020E610000087FDF9111A7B5340E8908AB5AED93340
Adani CNG Station,20.5718836,73.7498925,,"HPCX+QX2, Saputara",0101000020E610000001C11C3DFE6F5240661EAFF666923440
2nd CNG Pump,20.7674494,73.4104209,,"QC95+5QP, Mahuvas",0101000020E610000013C60556445A5240B7555A9077C43440
Online CNG/Petrol pump Nilkanth Petroleum,21.0539908,73.2715005,,"Block No.938/1, Ta, Valod",0101000020E61000004016A24360515240EE485057D20D3540
CNG Petrol Pump,21.1853545,73.9461771,,"GJ SH 6, Nawapada",0101000020E6100000582E652A8E7C52409BAA7B64732F3540
CNG Gyani Gas Station,20.7674176,73.4104961,,"QC95+5QP, Mahuvas",0101000020E6100000AD286F91455A5240F45FD67A75C43440
TULSI FUELS. PETROL & CNG PUMP BHARAT PETROLEUM DEALER,21.1423534,73.2405608,,"Sumul Road, Madhi",0101000020E6100000C62C2059654F52407379BD4571243540
CNG Adani DODO Amrutbhai Fuel Station,20.7979424,73.3411757,,"Q8XR+4GP, Nani Bhamti",0101000020E6100000276C9AD2D55552407D1700F445CC3440
Mittal CNG,20.7907804,73.269215,,"Q7R9+8M8, Lakhavadi",0101000020E6100000EE258DD13A5152405B51949570CA3440
Adani CNG GAS Station,20.767645,73.4106122,,"QC96+365, Mahuvas",0101000020E6100000AC956478475A52401CF0F96184C43440
SUPERGAS Sub-Franchisee - Jay Ambe Dry Fruit,20.5779968,73.7482474,,"Navagam,, Saputara,, Ta - ahwa,, Surat",0101000020E61000004A141049E36F524052312999F7933440
CNG pump,21.1134024,73.404715,,"4C73+9V4, Kanpura, Vyara",0101000020E6100000D74CBED9E6595240B4498FF0071D3540
UMIYA CAR GAS CNG VYARA,21.1102507,73.4006051,,"3B Veera Heights Surat-Dhulia highway Kanpura vyaraGujarat, Vyara",0101000020E610000018C79283A359524072DCCE63391C3540
Omkar Petroleum BPCL - CNG Station,20.854828,73.264324,,"V737+WPP, Tarkani",0101000020E610000011E335AFEA50524081B4FF01D6DA3440
Malegaon MNGL BP Sai CNG Station Pump,20.4976392,74.4468983,,"NH3, near WAKE FATA, Mungase",0101000020E6100000D5C853FB999C524025355948657F3440
HP Krishna Petroleum CNG,20.5858628,74.5891162,,"TAL :, GUT NO. 82/2/1A/1, Village Lonwade, NH-3, Mumbai Agra Road, Dist, Malegaon, Nashik",0101000020E6100000CE226F14B4A5524068F1BD1AFB953440
MNGL CNG & LNG Station Pump Zhodge Malegaon,20.6862825,74.6856856,,"Dhule - Malegaon Rd, Zodge",0101000020E6100000A4D5DA45E2AB52402F51BD35B0AF3440
Hinglaj Bharat Petroleum & CNG,20.7484625,74.8475781,,"JUNAVANE VILLAGE, ON NH 211, Dhule",0101000020E6100000931337B83EB652404BC8073D9BBF3440
SAHYDRI PETROLEUM & CNG PUMP,20.392546,74.330906,,"98VJ+29, Sangavi",0101000020E610000036035C902D955240F52C08E57D643440
BHARADWAJ PETROLEUM ( Bharat Petroleum Corp.Ltd.) & CNG Station,20.908566,74.6522247,,"NH53, Aanandkhede, Dhule, Surat",0101000020E61000002E09AB0CBEA95240EE4108C897E83440
Ambika Petroleum CNG,21.1336546,74.7991129,,"4QMX+FJ, Sarwe",0101000020E6100000F3D36EAA24B35240C0F5173037223540
BPCL MNGL Hinglaj CNG Pump & Station,20.7485608,74.8472773,,"PRWX+X87, Dondwad",0101000020E61000002A8991CA39B652404E113BAEA1BF3440
Bharat Petroleum & Rohit Automobile and CNG Pump,20.9812106,74.7844902,,"420/1A, NH3, Mumbai agra national highway,, Nagaon, Dhule",0101000020E61000001442621635B25240117D2D9E30FB3440
Bio CNG Plant,20.6212731,74.4352175,,"JCCP+G3, Pimpalgaon",0101000020E61000006649809ADA9B52407162FEC00B9F3440
BHARAT PETROLEUM - PETROL - PUMP CNG PUMP JAGANNATH DAGUJI SONAWANE PETROLEUM,20.583032,74.523916,,"MH SH 10, Vadgaon",0101000020E61000007976F9D687A152407F85CC9541953440
"CNG Bharat Petroleum, Petrol Pump -Vinod Petroleum",20.3814043,75.674455,,"PALOD, AGBD-AJANTA HIGHWA, AURANGABAD",0101000020E6100000EAE74D452AEB5240C40D53B6A3613440
"Bharat Petroleum, Petrol Pump -Renuka Petrol CNG Pump",20.5380343,75.7495385,,"AJANTHA, JALG-AGBD RD, AURANGABAD",0101000020E6100000F2255470F8EF524052A0AA9DBC893440
Bhalaji Auto Gas Station AEGIS,20.9962713,75.5718796,,"XHWC+GQ2, Mumbai - Nagpur Hwy, New Joshi Colony, Mehrun, Jalgaon",0101000020E6100000F9CFE4AC99E452408371CBA20BFF3440
HP PETROL PUMP - BHUSAWAL GAS AGENCY,21.0518852,75.7818875,,"Gas Agency, HP Petrol Pump, Yawal Road, opposite New Tehsil Office, Bhusawal, Jalgaon",0101000020E6100000AD69DE710AF252407C253559480D3540
Jalgaon gas agency,20.9813116,75.587291,,"XHJP+GWF, Unnamed Road, MIDC, Jalgaon",0101000020E61000000C8FFD2C96E55240792FAD3C37FB3440
Shree Renuka Petroleum CNG Adani,20.3808893,78.1466374,,"2/2554, B/H, Bhosa Rd, Dehankar Layout, Nandanvan Layout Area, More Nagar, Yavatmal, Bhosa",0101000020E6100000B657D5816289534076E50EF681613440
Gujarat Gas CNG Pump,21.8855625,73.6885625,,"opposite Kevadiya Railway Station, Gopalpura",0101000020E610000021B07268116C524062105839B4E23540
AG&P Pratham CNG Station,13.2585349,79.1203192,,"Ganapathi Filling Station, N H 40, Thirupathy-Bangalore, road, Murukambattu, Chittoor",0101000020E61000002D454D4FB3C75340D0BFB8AF5E842A40
TIRTH CNG STATION,22.0287695,73.7124199,,"TIRTH CNG STATION At.509/ 1 AKONA TALUKA : NASWADI DIST: CHHOTAUDEPUR ON NATIONAL HIGHWAY 56, RAJPIPLA ROAD, BODELI, Nasvadi",0101000020E610000041E1A249986D52404D9F1D705D073640
HP Petrol Pump and CNG,21.4439891,73.3224543,,"SH 5, Zankhvav",0101000020E6100000183D5C17A3545240CD470845A9713540
"Bharat Petroleum Petrol and CNG Pump , MAHI PETROLEUM",22.094258,74.041252,,"NEAR IOC PUMP, POST CHAPARIYATAL. KWANT, Chhota Udepur",0101000020E610000041B96DDFA3825240E962D34A21183640
Bharat petroleum and cng,22.1330822,73.4137826,,"4CM7+6GM, Kaumudi Society, Dabhoi",0101000020E6100000D9A9036A7B5A524003AED0AC11223640
"Bharat Petroleum Petrol & CNG Pump , SHREEJI PETROLEUM",21.890623,73.496682,,"S.NO.779, RAJPIPLARAJPIPLA VADODARA HIGHWAY, Rundh",0101000020E6100000C3A04CA3C95F5240BF1072DEFFE33540
Gujarat Gas,21.8570783,73.5565299,,"VH44+RJJ, GJ SH 5",0101000020E6100000C1EF952F9E6352407D9CC47B69DB3540
Heer Petroleum -CNG,22.1668632,73.580073,,"Hadod, Road, Sankheda",0101000020E6100000BA1281EA1F655240EAE7F28BB72A3640
Yogiraj Petroleum (HP Pump) & CNG,22.1939043,73.539746,,"Bus Stop, GJ SH 11, Gola Gamdi",0101000020E61000006589CE328B625240C40D53B6A3313640
J K PARK CNG AND ELECTRIC CHARGING STATION,21.3540779,74.2454003,,"CNG AND ELECTRIC CHARGING STATION, J K PARK, Kokni Hill, J K PARK, Dudhale Shivar, Nandurbar, Dudhale",0101000020E61000006EBB75A3B48F524082BC68D9A45A3540
HP PETROL PUMP -CNG raghav fuel station,21.6287591,75.0765429,,"Village. Gawadi Tehsil Newali, Mumbai - Agra Hwy",0101000020E61000006D0F3114E6C45240F98F3B5BF6A03540
JK park CNG Fuel 🚉,21.355352,74.2463458,,"964W+FRX, V.G, Sahara Town, Sonabai Nagar, Nandurbar",0101000020E610000072A02C21C48F524075914259F85A3540
Sendwa cng,21.7810026,75.1603752,,"Q5J6+C52, Salikalan",0101000020E6100000BAC5579643CA52404A1751C9EFC73540
Kanushri petroleum Fuel & CNG Pump,21.5118638,74.3751448,,"Ankleshwar - Burhanpur Hwy, Prakasha",0101000020E6100000EDD0555F029852409C01898109833540
Mangalaa Auto Gas Services (Aegis Autogas),21.3235901,74.8914705,,"8VFR+CHQ, Shirpur, NH 3, Amode",0101000020E610000052B648DA0DB9524033CF00CDD6523540
HP PETROL PUMP - SHRI SAI BALAJI PETROLEUM & CNG,21.658452,74.695773,,"Pansemal Pansemal Khetia Pansemal Road, Indore",0101000020E6100000261C7A8B87AC52405DFC6D4F90A83540
J K PARK CNG AND ELECTRIC CHARGING STATION,21.3544057,74.2455227,,"J k park, Bypass Road, Kokni Hill, Dudhale Shivar, Nandurbar, Dudhale",0101000020E61000003DBBD7A4B68F52401804FB54BA5A3540
adani gas,21.5277184,74.4303728,,"GCHJ+539, Lambola",0101000020E6100000A1455B3A8B9B5240597F958D18873540
Maheshwar Cng station,22.1787477,75.650474,,"5MH2+G5J, Nawalpura",0101000020E61000007E39B35DA1E9524037BCC568C22D3640
"TIRUPATI FUELS-HP PETROL/CNG PUMP ,Bistan Road, Petrol Pump",21.8185527,75.6175886,,"Rishika Nagar, Khargone",0101000020E61000007AD8559286E75240718D74AB8CD13540
Nihali Cng pump,21.8838467,75.2279888,,"V6MH+G5G, Nihali",0101000020E6100000ADF6555E97CE5240722DFFC643E23540
CNG pump Adani ges,22.0707175,75.3946562,,"39CV+7VJ, Thikri",0101000020E6100000790A140C42D9524040C1C58A1A123640
CNG petrol pump 24*7,21.9270086,75.2604618,,"W7G6+R54, Bakwadi, Lingwa",0101000020E6100000DE36F867ABD052405A1C846F50ED3540
Adani CNG pump,22.0877258,75.4172688,,"3CQ8+3W, Makundpura",0101000020E610000009693288B4DA5240F403B23275163640
HP PETROL CNG PUMP - RAJ FILLING CENTRE,22.127631,75.616555,,"Hpcl Dealer Kasravad Tehsil Kasravad, Indore",0101000020E6100000DC4B1AA375E75240AEF4DA6CAC203640
Mostafa CNG Filing Station,22.6005636,91.6696374,,Muradpur,0101000020E61000006C4BD356DBEA5640042B3D89BE993640
Kolka LPG and CNG Station,22.3522448,91.7855042,,"Port Connecting Rd, Chattogram",0101000020E6100000B97768B345F25640A22F18B72C5A3640
CNG Station Public Toilet,22.5022029,92.2124266,,"G626+VXM, Kaptai",0101000020E61000003BF3BC65980D5740D474875E90803640
Xpeed CNG Station,22.3189809,91.8115425,,"Dhaka - Chittagong Hwy, Chattogram",0101000020E61000001A34F44FF0F35640748C75BBA8513640
CNG Outlet,22.5729713,91.8396176,,HRFQ+5RQ মনু ছারাং ঘাটা (Cng Station,0101000020E61000005849754BBCF55640EE0B433FAE923640
Southern CNG Filling Station,22.3707688,91.8458485,,"Arkan Rd, Chattogram",0101000020E6100000B937BF6122F656408E603EB4EA5E3640
Khan Brothers CNG Pvt. Ltd.,22.3630421,91.8360479,,"9R7P+7C7, Road, Chattogram",0101000020E6100000ED180DCF81F556403892BA53F05C3640
Khulshi LPG & CNG Filling Station by Omera Autogas,22.3617837,91.8078364,,"9R65+P56, khulshi, Chattogram",0101000020E61000002DA17197B3F35640D3B947DB9D5C3640
Bay View CNG Filling Station,22.4006552,91.757313,,"Fozdarhat opposite police fari, CQ24+7W7, চট্টগ্রাম",0101000020E61000007BF5F1D077F05640EBF8D45691663640
Iqbal and Son's CNG Complex Ltd,22.9336342,91.5168903,,"Dhaka - Chittagong Hwy, Gopal Union",0101000020E6100000A8870DBB14E15640586DA3A602EF3640
South Suabil CNG Station,22.6496887,91.7863636,,"JQXP+VGH, South suabil CNG station, Nazirhat",0101000020E6100000F330FEC753F25640AC14A7FF51A63640
NazirHat CNG Station,22.6317623,91.7925702,,"JQJV+P24, Nazirhat Road, Nazirhat",0101000020E610000030325C78B9F256408258912CBBA13640
Choloman CNG Filling Station,22.8301593,91.5503319,,"RHJ2+348, N1",0101000020E6100000841C4AA338E3564062F8E35185D43640
Rahman & Co. CNG Refuel Station,22.3033131,91.862745,,8V37+73R,0101000020E610000067F2CD3637F75640C9F264EDA54D3640
CNG & LPG Filling Station,22.3182838,91.7984885,,"Port Connecting Rd, Chattogram",0101000020E6100000DB6E826F1AF35640BBD80F0C7B513640
Hazi oli cng filling station,22.4219251,91.8661149,,"CVC8+QC6, R163, Chattogram",0101000020E61000000385306D6EF756408DDC8948036C3640
Mir CNG Filling Station,22.3717552,91.7749216,,"N1, Kattali, Near, CDA-1 Dhaka - Chittagong Hwy, Chattogram",0101000020E6100000B23DC45098F15640311E4A592B5F3640
Sub Plus CNG Filling Station,22.5990724,91.670858,,"HMXC+J8H, Dhaka - Chittagong Hwy, Muradpur",0101000020E6100000A3906456EFEA5640ADEF0DCF5C993640
Paharika CNG Filling Station,22.3617961,91.7897069,,"9Q6Q+PWR, Zakir Hossain Rd, Chattogram",0101000020E61000003C3BCF8E8AF25640025251AB9E5C3640
CNG Station,23.0202934,91.4198458,,2CC9+4WH,0101000020E61000003B17EBC0DEDA56401C53C1F231053740
Four Star CNG Refueling Station,22.3371663,91.8222404,,"8RPC+VV8, Chattogram",0101000020E6100000CCDC32969FF4564036D0D78750563640
Karnafuli CNG & Filling Station Ltd.,22.3099258,91.8572117,,8V54+XV3,0101000020E6100000E84F768EDCF65640C72F174C574F3640
Shena Kallyan Sangstha CNG Pump,22.370524,91.8174742,,"9RC8+5XX, Chattogram",0101000020E6100000B9944E7F51F4564013622EA9DA5E3640
Kuliarchar CNG Filling Station,22.3375058,91.8205123,,"8RQC+262, Mohammad Yusuf Chowdhury Rd, Chattogram",0101000020E6100000CF9D054683F45640D735B5C766563640
CCC CNG Refueling Station,22.3517003,91.8230652,,"9R2F+M6P, Chattogram",0101000020E6100000721EA919ADF456404F7EE607095A3640
Gulisthan Filling and CNG/LPG Station,22.7891211,91.566094,,"DT Road, Miraharai",0101000020E61000008F1D54E23AE45640631525D703CA3640
Curkarhat CNG Station,22.6467789,91.7669726,,"JQW8+PQ, Nazirhat",0101000020E6100000667B3E1416F156402C3E4F4D93A53640
S H Khan CNG Fuel Station,22.3502691,91.8212619,,"9R2C+4G2, CDA Ave, Chattogram",0101000020E6100000DA7C128E8FF45640A24C593CAB593640
Four Star CNG Refueling Station (unit-2),22.2534706,91.8698625,,7V39+9WC,0101000020E61000001361C3D3ABF756405C7F0173E3403640
Mozumder CNG Station,23.0380439,91.4980352,,"2FQX+667, Feni Rd",0101000020E6100000701008CFDFDF5640F34FBA3EBD093740
Noapara CNG Filling Station,22.398727,91.869375,,Chattogram,0101000020E6100000713D0AD7A3F756403E0801F912663640
Raikhali Bazar CNG Station,22.462822,92.1335135,,"F47M+4CC, Chandraghona",0101000020E6100000C504357C8B0857408BDEA9807B763640
Karnaphuli River Bank (Behind CNG station),22.4844854,92.2316137,,"F6MJ+QJX, Kaptai",0101000020E61000008EB344C2D20E5740B563343C077C3640
Sonali CNG Limited,22.4094477,91.7552309,,"CQ54+Q3H, Salimpur",0101000020E61000006F1BFCB355F0564024EC8090D1683640
Hazi Sarwar CNG Filling Station,22.3922153,91.8645713,,"9VR7+VVG, Bahir Signal, Arakan Road, Chandgong, Chattogram",0101000020E6100000DAA3DC2255F75640A77DCE3868643640
Ranir Hat CNG Station,22.5720417,92.0412523,,"H2CR+RG6, N 106, Ranir Haat",0101000020E6100000A0D8AFE0A3025740C072295371923640
J. M. CNG Filling Station,22.4813014,91.7202267,,"FPJC+G3H, Sonaichhari",0101000020E61000002F8DBA3118EE5640DE848C91367B3640
Navana A Wazed CNG Station,22.3938527,91.8216322,,"78 Chittagong - Rangamati Hwy, Chattogram",0101000020E6100000CB15399F95F45640F9F0D187D3643640
Highway CNG filling Station,22.3346047,91.7886327,,"8QMQ+RCX, Port Connecting Rd, Chattogram",0101000020E610000098C349F578F25640809653A7A8553640
Chistya CNG Refuelling and Conversion Limited,22.4311031,91.8197307,,"CRJ9+CVW, Chittagong - Rangamati Road, Chittagong",0101000020E6100000BD01C17776F4564048B4D3C55C6E3640
Cng Station,22.4364068,91.8968529,,"CVPW+HP9, Noapara",0101000020E6100000A8B4B40966F9564084C0255BB86F3640
 Bakalia CNG Filling Station,22.352612,91.8525998,,"9V33+22X, A G Road, Chattogram",0101000020E6100000DF64C0FE90F656405A2DB0C7445A3640
Intraco CNG Limited,22.2409713,91.7922376,,Chattogram,0101000020E610000057AA5505B4F256404DC68C4BB03D3640
Chittagong CNG Service Station Ltd,22.4941663,91.8079289,,"FRV5+M57, চট্রগ্রাম রাঙামাটি খাগড়াছড়ি মহাসড়ক, Hathazari",0101000020E610000091BF6A1BB5F356400B49C1AE817E3640
Chottola CNG,22.4507779,91.7340331,,"FP2M+8J2, Dhaka - Chittagong Hwy, Bhatiari",0101000020E61000009EABF765FAEE56407242322E66733640
Vedvedi CNG Station,22.6590625,92.1538125,,"M553+JG, Rangamati",0101000020E6100000D34D6210D80957401F85EB51B8A83640
Moulana CNG,22.3290065,91.791508,,Chattogram,0101000020E61000006EA12B11A8F25640E2AB1DC539543640
Chhagalnaiya LPG-CNG Station,23.0261752,91.525668,,"Dighirkona, Feni Rd",0101000020E61000007023658BA4E156405DF7FB6AB3063740
CNG Station,22.8918655,91.6747653,,"VMRF+PWR, Ramgarh Rd, Heyako",0101000020E610000071FECB5A2FEB564042EE224C51E43640
Al Madina CNG Filing Station,22.3965613,91.8762502,,"কক্সবাজার মহাসড়ক, Chattogram",0101000020E61000004307B87B14F85640F75B960A85653640
ZANKAR MOOR CNG & BUS STATION,22.631395,91.8003017,,"Chittagong - Khagrachhari Rd, Nazirhat",0101000020E6100000BA1B9F2438F35640A1DB4B1AA3A13640
Kamal Brothers CNG Station,22.3143629,91.855944,,"8V74+QC6, Shikalbaha",0101000020E610000046CD57C9C7F65640629346167A503640
Maa Fatema CNG Filing Station,22.4093399,91.7547286,,"Station, Dhaka - Chittagong Hwy, Salimpur",0101000020E6100000C7962F794DF05640AA72EB7FCA683640
Bismilla Almas CNG Filling Station,22.4629574,92.0404664,,"F27R+55P, Rangunia",0101000020E61000008F25620097025740F2704C6084763640
Oli Ahmed CNG station,22.4219274,91.866308,,"CVC8+QGF, R163, Chattogram",0101000020E6100000D8101C9771F756404C49206F036C3640
Brahmabari CNG Station,23.5296903,91.4989066,,"GFHX+VHF, Brahmabari, Udaipur",0101000020E61000008CB0F215EEDF5640288293C899873740
TNGCL CNG station - Udaipur,23.5255857,91.4719812,,"GFGC+6QQ, Jamjuri, Udaipur",0101000020E6100000EB94A2F034DE5640CABED0C88C863740
Khilpara CNG station,23.5241212,91.4869856,,"GFFP+JQX, Khilpara, Udaipur",0101000020E6100000DE67A6C52ADF5640E92395CE2C863740
Jangleghona to Parshuram CNG & Tom tom station,23.2172252,91.4430372,,"6C8V+V6M, Parshuram",0101000020E6100000553AB3B85ADC5640F8DD19129C373740
Shaistaganj CNG Co. Limited,24.2793346,91.4381371,,Shaistaganj,0101000020E610000084EA30700ADC564028A4EB7882473840
GS Brothers CNG & LPG Filling Station,24.2799375,91.4335625,,Shaistaganj,0101000020E61000006891ED7CBFDB56408B6CE7FBA9473840
Digholbak CNG Station,24.670295,91.6125549,,"MJC7+42F, Main Road",0101000020E61000004BA0771934E756401DACFF7398AB3840
CNG Stand,24.392137,91.4123949,,"9CR6+WX9, Old Khowai Bridge, Habiganj",0101000020E6100000612294AD64DA5640338D261763643840
CNG Station আমিরগঞ্জ বাজার,24.6788245,92.001686,,"M2H2+GMF, Bhatera",0101000020E61000001CB7989F1B0057403B394371C7AD3840
Shoriful filing & Gas Station (CNG) শরিফুল তেল এবং গ্যাসের পাম্প,23.5406848,89.203449,,"Chairman House, 1 Jhenaidah-Magura-Dhaka Hwy, Jhenaidah",0101000020E6100000DA59F44E054D5640BE71AD516A8A3740
Akij CNG Station Ltd.,23.8429823,89.8110699,,RRV6+5CW,0101000020E610000048D1B991E87356405B9B21B0CDD73740
Rent a CNG Station,23.9116038,89.1143284,,"Nobin Tower, Kushtia - Jhenaidah Hwy, Kushtia",0101000020E610000042C0102851475640CAE8DBDD5EE93740
AE CNG & LPG FILLING STATION,23.9066875,89.6861875,,WM4P+MFX,0101000020E610000023DBF97EEA6B5640273108AC1CE83740
BM Autogas LPG Filling Station,23.5467427,89.12064,,"G4WC+JF, Jhenaidah",0101000020E6100000B9A5D590B8475640A5D35F54F78B3740
M.M. Builders & Engineers Ltd (Tasin CNG Filling Station),23.8811092,90.4001856,,"Abdullahpur Over Bridge, Dhaka",0101000020E6100000211510A49C99564069345E5F90E13740
Hazipara CNG Filling Station,23.757037,90.4172141,,"DIT Rd, 61 E Hazipara, Dhaka",0101000020E610000086BBC4A2B39A5640A9DC442DCDC13740
Quality CNG Filling Station Ltd.,23.7183765,90.4292947,,"25, 3/1 Golapbagh Rd, Dhaka",0101000020E610000027367A90799B564007B7B585E7B73740
NS CNG Filling and Servicing Center Ltd.,23.7237388,90.4284804,,"PCFH+F9W, Dhaka Highway, Dhaka",0101000020E6100000873E0E396C9B5640A6D82CF246B93740
Zaman CNG Filling Station Limited,23.770837,90.4246328,,"Bir Uttam Rafiqul Islam Ave, Dhaka",0101000020E6100000C5330D2F2D9B5640F88BD99255C53740
Savar CNG Filling Station,23.8269441,90.2586279,,"9 Genda, Kamarpara N5, Savar",0101000020E61000005215095C8D905640C21EC99BB2D33740
Kingshuk CNG Station,23.8050155,90.3639127,,"R947+2H3, Mirpur Rd, Dhaka",0101000020E610000057467E584A975640E945ED7E15CE3740
City Overseas CNG Station,23.7085003,90.4258412,,"PC5G+C84, Dhaka",0101000020E610000085D272FB409B5640C9B4914660B53740
Skamco CNG Station,23.8126405,90.3672254,,"R978+3W2, Dhaka",0101000020E6100000ACD0F69E80975640B4E7323509D03740
INTRACO CNG & LPG Station,23.8284907,90.3645467,,"12 Begum Rokeya Ave, Dhaka",0101000020E61000005897AEBB54975640478A6DF717D43740
R S CNG Station Ltd.,23.732778,90.3624776,,"Sadarghat - Gabtoli Rd, Dhaka",0101000020E610000016623FD532975640713AC95697BB3740
Rajarbag Service Station (Petrol Pump and CNG Station),23.7423969,90.4169665,,"959 Outer Circular Rd, Dhaka",0101000020E6100000C4414294AF9A5640DB2626B90DBE3740
Makka CNG Refueling Station and Conversion Ltd.,23.784236,90.4256367,,"Cha 107, 1/A Bir Uttam Rafiqul Islam Ave, Dhaka",0101000020E61000008D9EB6A13D9B56408A58C4B0C3C83740
Shifath Cng Filling Station,23.7064854,90.4350862,,"340/1-C, Dhaka",0101000020E610000038FCC973D89B5640FA19283ADCB43740
Minerva CNG Filling Station,23.8046965,90.369885,,"184 Mirpur 10 Roundabout, Dhaka",0101000020E6100000FB912232AC975640A6B4FE9600CE3740
ABM Jobayar CNG Filling Station,23.6507762,90.4666961,,"MF28+8M4, Dhaka -Narayanganj Hwy, Narayanganj",0101000020E6100000EDAA5159DE9D5640E103E04499A63740
CNG Pump,23.7422523,90.3956539,,"P9RW+W67, 15 Kazi Nazrul Islam Ave, Dhaka",0101000020E61000003B42BC64529956407BE1293F04BE3740
Shatabdi CNG Filling Station Ltd.,23.806174,90.3739095,,"Mirpur Rd, Dhaka",0101000020E61000007A8A1C22EE975640B0E2546B61CE3740
M/s. Eureka-Nitol CNG Filling Station,23.7771031,90.395962,,"17/1 Bir Uttam Ziaur Rahman Rd, Dhaka",0101000020E61000005C1D007157995640C71E903AF0C63740
Safah Cng Refueling Station Ltd.,23.8358707,90.4184099,,"RCP9+88W, Front Rd, Dhaka",0101000020E6100000A634513AC79A5640442F489FFBD53740
City Overseas CNG Filling Station,23.7312572,90.3632422,,"Sadarghat - Gabtoli Rd, Dhaka",0101000020E6100000BC61365C3F975640ECF6FEAB33BB3740
M/S Agomon CNG & Filling Station,23.6287334,90.6021489,,"JJH2+FVR, N1, Sonargaon",0101000020E6100000A2348A9B89A6564024E70EACF4A03740
Jamuna CNG & LPG Station,23.7826836,90.3497688,,"38 Nandarbag, Darus Salaam, Gabtoli, Dhaka - Aricha Hwy, Dhaka",0101000020E6100000514AAD9C62965640941DD1F35DC83740
Hafiza CNG Filling Station,23.7774583,90.3625683,,"Dhaka - Aricha Hwy, Dhaka",0101000020E61000003FC4AB5134975640F680D48107C73740
Canada Bangla CNG Filling Station,23.7508343,90.3959826,,"22, 6 Kawran Bazar Rd, Dhaka",0101000020E61000003E3267C7579956400E373BAD36C03740
Citizen CNG & Petroleum Filling Station,23.781002,90.4255368,,Dhaka,0101000020E6100000A6CFB3FE3B9B5640501C40BFEFC73740
Navana CNG Station,23.6987237,90.532632,,"MGXM+F2Q, N1, Kanchpur",0101000020E6100000663387A416A25640AB70708EDFB23740
Mohon CNG Filling Station,23.5338125,90.7236204,,"N1, Dhaka - Chittagong Hwy, Cumilla",0101000020E6100000FB2DF0CB4FAE56402DB29DEFA7883740
Hajee CNG Filling Station,23.7307772,90.4857145,,"Z1102, Dhaka",0101000020E61000005A2C45F2159F564096A9EE3614BB3740
Cng Pump,23.5802964,90.5036776,,"HGJ3+4GC, Narayanganj",0101000020E610000094EEF8403CA056408EFC0B4E8E943740
Rana CNG & GAS Station,23.7019621,90.4528266,,"Dhaka-Chittagong Highway, Dhaka",0101000020E610000091706B1CFB9C56400F88C6C9B3B33740
Best Eastern CNG Filling Station Ltd,23.7236768,90.4290618,,"PCFH+FJF, Atish Deepankar Rd, Dhaka",0101000020E6100000A0BD9FBF759B5640BADFFCE142B93740
Purbachal Filing Station (CNG),23.7820885,90.3516873,,"Dar-Us-Salam Road, Technical More,, Mirpur Technical Bus Station, Mirpur, Dhaka",0101000020E6100000C9FA720B82965640E413B2F336C83740
Mollah CNG & Filling Station,23.7949276,90.266891,,"Dhaka - Aricha Hwy, Hemayetpur",0101000020E61000003126FDBD1491564012B00C6080CB3740
Rabeya CNG Filling Station,23.531,90.77692,,"GQJG+CQ3, N1, Gouripur",0101000020E6100000EFE6A90EB9B156400E2DB29DEF873740
Navana CNG Station Gabtoli,23.7876804,90.3504087,,"Technical Mor, 1 No Darus Salam Rd, Dhaka",0101000020E6100000F8AE9C186D96564040B3356CA5C93740
Progoti CNG & LPG Filling Station,23.817857,90.4206143,,"Ka 83/b, Progati Sarani Rd, Dhaka",0101000020E6100000B7AE3D58EB9A5640FFCD8B135FD13740
One Stop CNG Filling Station Ltd.,23.8870011,90.4007752,,"Dhaka - Mymensingh Hwy, Tongi",0101000020E61000001043064DA69956401A040C8112E33740
N R CNG Filling Station,23.7933397,90.2995545,,"Q7VX+8RM, N5, Bongaon Union",0101000020E6100000A837A3E62B935640531E824F18CB3740
Navana CNG station Ltd.,23.78257,90.350114,,"Q9M2+332, Dhaka - Aricha Hwy, Dhaka",0101000020E6100000CBF78C4468965640AAD4EC8156C83740
Ishakha CNG Pump,23.5306657,90.7740063,,"GQJF+7J6, N1",0101000020E61000007859B85189B15640E49B12B5D9873740
Bonolota CNG Station,23.6630195,90.5634097,,"MH77+693, Bandar",0101000020E6100000F2EF8EE70EA456403B1C5DA5BBA93740
Jamuna Auto Center CNG RE-Fuelling Station,23.7500732,90.4025968,,"Sarani (New, 378, Tongi Diversion Road (Old, 9 Shaheed Tajuddin Ahmed Ave, Dhaka",0101000020E61000005A5E5E25C4995640279B17CC04C03740
Total CNG Station,23.694974,90.4673386,,"MFV8+XWX, Dhaka-Chittagong Highway (Mukti Sharani), Dhaka",0101000020E610000024CA28E0E89D5640FF91E9D0E9B13740
Nabinagor CNG Refuelling & Filling Station,23.9140199,90.2583561,,"W775+J85, Nabinagar - Chandra Rd, Dendabor",0101000020E6100000370E06E888905640A8644A35FDE93740
Shah Sher Ali CNG & Filling Station,23.5922832,90.6292114,,"N1, Bhaber char, N1",0101000020E61000004E51E4FF44A8564061F82DDF9F973740
Matlab CNG Station,23.5574631,90.6581732,,"HM45+X7F, N1, Gazaria",0101000020E6100000A2467C821FAA56400E3AD7E6B58E3740
Khilkhet CNG And Petrol Pump,23.8275094,90.4198085,,"RCH9+2W3, Dhaka",0101000020E61000004D857824DE9A5640F121F2A7D7D33740
Maas CNG Station,23.6970326,90.5722748,,"MHWC+RW6, Link Rd, Dhaka",0101000020E6100000CC947B26A0A45640F03E7DBA70B23740
Lalon CNG & Filling Station,23.8012363,90.2624059,,"N5 Dhaka - Aricha Hwy, Hemayetpur",0101000020E6100000C2B11D42CB90564038DE78D21DCD3740
ABN CNG Refuelling Station,23.7787306,90.35695,,"59, 1 Darus Salam Rd, Dhaka",0101000020E6100000A913D044D8965640FB647BE35AC73740
Enviro CNG Filling Station Ltd.,23.885668,90.3999998,,"V9PX+7X8, Dhaka - Mymensingh Hwy, Tongi",0101000020E610000005DAC298999956401D1D5723BBE23740
Bangla Bazar CNG Station,23.028582,90.8319572,,2RHJ+CQP,0101000020E6100000FE6A69C93EB556401841632651073740
"A K RIFAT AND SON,S CNG STATION",23.1998618,91.3167667,,"58X8+WMX, Dhaka - Chittagong Hwy",0101000020E61000008F3DD6E745D456403EB896242A333740
Shidlai CNG Station,23.6643642,91.0764138,,"M37G+PHW, Brahmanpara - Shidlai Bazar Road, Shidlai",0101000020E6100000A3FDB4F6E3C456401AA2AFC513AA3740
Premier CNG & Fuel Filling Station Ltd.,23.1016431,91.3433707,,"N 1, Dhaka Chittagong Highway, Middle of Choddogram & Feni",0101000020E6100000E5B919C9F9D55640335D3E48051A3740
Madina CNG Filling Services Limited,23.4770341,91.0958588,,F3GW+R88,0101000020E61000002AC2F28C22C65640A99322E81E7A3740
CNG Zone Filling Station,23.4595163,91.1416876,,"N1, Pduar bazar, Dhaka - Chittagong Hwy, Cumilla",0101000020E6100000EB0FDE6811C956409B7A38DCA2753740
River View CNG & Filing Station,23.4247918,91.1611203,,"C5F6+WCG, N1",0101000020E610000030CE84CB4FCA5640E69BC827BF6C3740
"Milan Chakra, TV center, CNG Station",23.8092824,91.2731367,,"R75F+P76, Srinagar Rd Number 4, Arundhauti Nagar, Agartala",0101000020E610000097755A127BD15640783AA1212DCF3740
"Taj CNG, LPG & Fuel Filling Station",23.4044708,91.2165422,,"N1, Cumilla",0101000020E61000000DCDD0D3DBCD5640DC2FFA658B673740
Sakura CNG Gas Station,23.4780598,91.104531,,"F4H3+6RC, N1, Cumilla",0101000020E6100000C39ACAA2B0C6564045888620627A3740
South CUMILLA CNG Filling Station,23.4200599,91.1697371,,"C5C9+2VH, N1, Paduar Bazar Bishwa Road",0101000020E6100000BF5AFFF8DCCA56406CDCAC0B896B3740
SUJAN CNG FILLING STATION.,23.4787415,91.1226087,,"Chittagong to, Dhaka - Chittagong Hwy, Cumilla",0101000020E6100000202D29D2D8C75640EDBC8DCD8E7A3740
M/S Noor & Brothers CNG filling station,23.4771483,91.0861505,,"F3GP+VF2, N1",0101000020E61000002E02637D83C556408DD71764267A3740
Satbaria Bazar CNG Station Gunabati Cumilla Bangladesh,23.0759595,91.2812084,,"37GJ+9FP, Road, Satbaria",0101000020E610000012578451FFD156400D52F01472133740
Advance CNG & LPG Filling Station,23.4111156,91.2028015,,"C663+F4F, Dhaka - Chittagong Hwy, Cumilla",0101000020E61000001B8524B3FACC56401BE038DF3E693740
Haque CNG Filing Station,23.4367678,91.1527353,,"C5P3+P35, N1",0101000020E6100000779C476AC6C9564024F2B803D06F3740
S Rahman Filling And CNG Station,23.0616781,91.361842,,Dhaka - Chittagong Hwy,0101000020E61000006E14596B28D756402261CE22CA0F3740
CNG station,23.0477541,91.2677344,,Sindurpur,0101000020E6100000E800778F22D15640FABFD99C390C3740
Bidyakut CNG Station,23.9077486,91.039023,,Bidyakut,0101000020E6100000AD32535A7FC2564063FD553662E83740
Hannan CNG Filing Station,23.2475289,90.9458327,,"6WXW+288, Dohabanga Bazar",0101000020E6100000317FE08588BC56409A50D20D5E3F3740
Ali CNG Station,23.4705332,90.9418339,,"FWCR+6P8, Nawabpur Kachua Chandpur Road",0101000020E6100000E8B0B10147BC5640A6AE21DD74783740
Morichakanda CNG Station,23.6210027,90.9601346,,"JXC6+C32, Morichakanda Bazar, Debidwar Pourashava, Debidwar",0101000020E610000084B064D872BD56404A3A6F08FA9E3740
RBSZ CNG Filing Station,23.4144476,91.1818678,,"Ashik Tower, Dhaka - Chittagong Hwy",0101000020E6100000834CD7B8A3CB5640DBE7E73C196A3740
Samitir Bazar CNG Station,23.0849801,90.8952104,,"3VMW+X3W, R142",0101000020E610000080C28F204BB95640914F7E41C1153740
M/s. Mollika CNG Filling Station,23.4129455,91.2237579,,"C67F+5GC, Taltali Miswa Road, Cumilla",0101000020E61000002FAEA70C52CE5640C687D9CBB6693740
ZAMAN CNG LPG & FILLING STATION,23.3537979,91.1385042,,"Comilla - Chandpur Highway, Lalmai-Barura Rd, Cumilla",0101000020E6100000F456B840DDC85640BBE4C97F925A3740
Abdur Rahman CNG Station.,23.4101371,91.1735281,,"C56F+3C2, Comilla - Chandpur Rd",0101000020E6100000F89B9A151BCB56405460B7BEFE683740
Shaharpar CNG Station,23.5058523,90.9127356,,GW47+83X,0101000020E610000047F993426ABA56403C1B4D897F813740
M/s. Mallika CNG Filling Station,23.4116641,91.1976858,,"N1, Cumilla",0101000020E61000008D7857E2A6CC5640F16F86D162693740
Master & Sons Filling Station (CNG & LPG),23.4801194,91.129894,,N1 Comilla,0101000020E6100000957CEC2E50C85640D62CE11AE97A3740
CNG Outlet,23.2720065,91.1245841,,"R141, Laksam",0101000020E610000081C6962FF9C75640A7CCCD37A2453740
Essa Garden (Pvt.) Limited CNG filling Station,23.3877439,91.2327067,,"N1, boto gram, West Dhaka - Chittagong Hwy, Cumilla",0101000020E6100000D883A4AAE4CE564037B9292F43633740
Dhalua CNG station,23.1251235,91.2387078,,"46GQ+2FW, A189, Dhalua",0101000020E6100000359314FD46CF56400876FC1708203740
CNG station,23.8363913,91.0427198,,"R2PV+H3, Bitghar",0101000020E610000011F9D3EBBBC25640AF2880BD1DD63740
Dhampti CNG Station | ধামতী সিএনজি স্টেশন,23.5523936,90.9796145,,"MOZID BHUIYAN MARKET, Dhamti",0101000020E6100000FE0B0401B2BE56400B85BEAA698D3740
Mollika Cng & Filling Station,23.319497,91.093224,,"839V+Q7X, Comilla - Chandpur Rd",0101000020E6100000F3CCCB61F7C556408C2B2E8ECA513740
Khorshed Alam CNG and LPG filling Station,23.4770406,91.0811201,,"F3GJ+RC9, N1",0101000020E610000017235C1231C556403DDD2F551F7A3740
Chargas bazar cng station,23.804771,91.0956596,,"R33W+W73, Chargas - Manderpur Rd, Manderpur",0101000020E61000001A6371491FC65640EBC4E57805CE3740
Zannat Filling and CNG Services (LTD),23.4659102,91.1397267,,F48Q+9R3,0101000020E610000031B84148F1C8564071DF0FE445773740
Haji & Sons CNG filling station,23.4794316,91.1316139,,"Bazar, Plot : 106, Haji & Sons Building Beside Of Mainamati Highway Thana Dhaka-Chittagong Highway Road Alekhachor, Cumilla",0101000020E6100000BD0CB55C6CC8564041AB8207BC7A3740
Moon Highway CNG Filling Station,23.4227327,91.1653822,,C5F8+35R,0101000020E6100000CB15399F95CA56402573D135386C3740
Khagrachhari - Dighinala CNG Station,23.1154963,91.9933446,,"4X8V+58X, Khagrachari",0101000020E610000020AA3AF592FF56401B4F5F2A911D3740
Bondhu CNG station,24.0831243,89.6008074,,3JM2+68V,0101000020E6100000778CE1A073665640BE0056A247153840
Assort CNG Station,24.0194194,89.2517012,,"Pabna City Bypass, Pabna",0101000020E61000004B9759DF1B5056406FE877ABF8043840
N.R CNG Filling Station,24.0326633,89.2258453,,"26MG+389, N 6, Pabna",0101000020E6100000245DD83F744E564089473D9F5C083840
Navana CNG Station Bogura,24.8537795,89.3722319,,"Charmatha, Nishindra ,Charmatha, Central Bus Stand, Bogura",0101000020E6100000CA41BFA5D2575640C87E164B91DA3840
TMSS CNG and Gasoline Station,24.7821529,89.3927938,,"Q9JV+W2Q, Dhaka - Rangpur Hwy, Majhira",0101000020E610000095449B8823595640B8F8252C3BC83840
Abdul Hamid CNG Filling Station,24.1696707,89.5864892,,"5H9P+VH9, dilruba bus stop",0101000020E6100000435DFF0989655640E596FB896F2B3840
Alif CNG Filling Station,24.2123948,89.5790627,,"6H6H+WJV, Rd, Bongram",0101000020E610000057B5FF5C0F65564028D76F815F363840
CNG Stand,24.1732666,89.6086074,,"shahzadpur bridge, Z5410",0101000020E6100000A1C6736CF3665640377D2C335B2C3840
Bogura CNG Filling Station,24.8825179,89.3549158,,"Bogra City Bypass, Bogura",0101000020E61000005B75C2F0B656564075A26EB1ECE13840
"TMSS CNG Refueling & Gasoline Station, Bogura",24.900639,89.3567374,,"W924+7M4, Gokul",0101000020E6100000A5901AC9D45656408D800A4790E63840
Aneey Petrol Pump & CNG,24.1188513,89.0909281,,"439R+G9V, N705, Ishurdi",0101000020E610000065F217C4D14556404B96EE096D1E3840
Akij CNG Station(আকিজ সিএনজি স্টেশন),24.7879192,89.3897118,,Majhira,0101000020E610000061F7C209F1585640F7E39B12B5C93840
Rajman bazar CNG station,24.2561221,89.5369843,,"7G4P+CRV, Rajman",0101000020E6100000CABD65F35D6256406848CB3791413840
KatherPool CNG Station,24.465796,89.6895739,,"Old Bogra Toad, Sirajganj",0101000020E6100000362B91FA216C56408D9B1A683E773840
Albatross Energy (CNG Station),24.4512487,89.6793436,,"R451, Sirajganj",0101000020E6100000CD2F945D7A6B5640CEDCE80885733840
M/S. Doyel CNG & LPG Filling Station,24.8721257,89.3525888,,"V9C3+V24, Bogra City Bypass, Bogura",0101000020E6100000E63B9DD09056564049803FA143DF3840
Northern Automobiles CNG Refueling Station,24.8025494,89.3863259,,"R93P+2G8, Dhaka - Rangpur Hwy, Bogura",0101000020E610000042864490B9585640A76CA2E073CD3840
Sharif CNG Limited,24.8565495,89.3506308,,"V942+J76, Bogra City Bypass, Bogura",0101000020E61000001ABE2ABC70565640B8E7F9D346DB3840
ARK CNG RE-FUELING STATION,24.8038469,89.3851255,,"R93M+GXQ, Dhaka - Rangpur Hwy, Bogura",0101000020E6100000C3D66CE5A5585640B17D12E9C8CD3840
CNG Outlet,24.4508042,89.8261613,,"FR2G+8FF, Gobindashi",0101000020E6100000222EA5D3DF74564042E66FE767733840
Atrai CNG Station,24.6145588,88.9747588,,"JX7F+QW8, Atrai",0101000020E61000003FDFBB72623E56401178BBB9539D3840
TMSS CNG STATION HOTEL AND RESTAURANT,24.7820345,89.3928128,,"Q9JV+R33, Dhaka - Rangpur Hwy, Majhira",0101000020E6100000D05C4CD823595640FED7B96933C83840
Star CNG gas station,24.5582458,89.4373327,,"HC5Q+72V, Bhawanipur",0101000020E61000002BFE4A42FD5B56401E215E32E98E3840
Madarganj CNG Station,24.9101598,89.7218978,,"WP6C+3Q6, Madarganj - Jamalpur Rd, Madarganj",0101000020E61000007A83D492336E564047228F3B00E93840
BM Autogas Filling Station,24.6291001,89.4362664,,"JCHP+JGR, Dhaka - Rangpur Hwy",0101000020E6100000FE15E8C9EB5B56400B6943B40CA13840
Navana CNG Filling Station,24.8588019,89.3503585,,"V952+G4H Charmatha, Bogura",0101000020E61000000AD80E466C5656401F3EFA70DADB3840
Comet Cng Ltd.,24.1746142,89.5957281,,"5HFW+R7X Basic Bus Stand, Shahjadpur",0101000020E6100000BAB3C06820665640CE6A2684B32C3840
Sohel CNG Service Station,24.8864767,89.3608327,,"V9P6+H8M, Rangpur Rd, Bogura",0101000020E6100000F47409E2175756407F2A1323F0E23840
Raja CNG Station,24.8946985,89.3595851,,"V9V5+VVJ, Gokul",0101000020E61000004028397103575640BF47FDF50AE53840
Intro Solar CNG,24.7825388,89.392387,,"Q9MR+2X6, Dhaka - Rangpur Hwy, Majhira",0101000020E610000009185DDE1C595640E1D9797654C83840
M/s. Raza CNG Re-fueling Station,24.8697234,89.3700041,,"V99C+V2J, Rangpur Rd, Bogura",0101000020E6100000B338AD25AE575640E1905731A6DE3840
gajipur bill autogas station,24.3814991,89.0409477,,"92JR+H9W, Dhaka - Rajshahi Hwy",0101000020E61000002C161AE39E42564014F4CDECA9613840
Mehera CNG Filling & Service Station,24.8533471,89.3500585,,"Bogra City Bypass, Bogura",0101000020E6100000F54BC45B67565640EEA29EF474DA3840
Jamtail cng Station,24.3602398,89.6597229,,"9M65+3VX, College Rd, Jamtoil",0101000020E610000007FB65E6386A5640B3B7EFAC385C3840
BM Autogas Filling Station,24.0175225,88.9937777,,"South Railgate, Bheramara Rd",0101000020E61000009F3FC80D9A3F5640B471C45A7C043840
Good CNG Refueling Station,24.118942,89.0909596,,"439R+H9P, N705, Ishwardi",0101000020E610000077D03648D2455640EF1EA0FB721E3840
Purbasha CNG And Filling Station Limited,24.2943248,90.3895342,,79VQ+PRF,0101000020E61000001B6BDA20EE985640D866BEDE584B3840
High Pressure CNG Station,24.2384206,89.9512961,,"6XQ2+9G7, N4",0101000020E6100000FD930909E27C564055B1E721093D3840
Highway CNG & Filling Station,24.0889375,90.1838125,,"Board Ghar Bazar, Kaliakair",0101000020E610000025068195C38B564054E3A59BC4163840
Dewan CNG Station,24.0412611,90.249957,,"1751, Dewan CNG Station, Chandra",0101000020E6100000001AA54BFF8F5640D4186316900A3840
Navana CNG Filling Station,24.332732,89.9252503,,"8WMG+34R, Dhaka-Rajshahi Highway, Elenga",0101000020E61000004FC7084D377B56402A55A2EC2D553840
M/s Jabed Filling Station & Cng,24.9022884,89.9500258,,"WX22+W26, N4, Shantinagor",0101000020E6100000CD560339CD7C5640678F615FFCE63840
Nahian CNG Filling Station,24.178023,90.0120197,,"52H6+6R6, Dhaka-Tangail Hwy",0101000020E6100000189A46EEC480564091EF52EA922D3840
CNG Filling Station,24.3124878,89.9221843,,"8W6C+XVV, N4",0101000020E61000009E584C11057B564024665133FF4F3840
Madani CNG & Filling Station,24.5842284,90.3948886,,"Dhaka - Mymensingh Hwy, Trishal",0101000020E61000000CA4D5DA45995640F8640FFE8F953840
Unicom CNG Filling Station,24.2953993,89.9182419,,M2,0101000020E61000004894AC79C47A5640E4C2DC499F4B3840
Kawaljani Bord Bazar CNG Station (কাউলজানি বোর্ডবাজার সিএনজি/বেবী স্টেশন),24.2875855,90.0482281,,72QX+27Q,0101000020E6100000E30F502B16835640C64D0D349F493840
Dubai CNG Refueling Station,24.0434615,90.2393406,,"26VQ+9PQ, Savar - Chandra Highway",0101000020E6100000B9663C5B518F56409622F94A200B3840
Khan CNG Filling Station,24.0574381,90.3883081,,"394Q+X8F, Dhaka - Mymensingh Hwy",0101000020E61000006791370ADA9856405C0B6943B40E3840
North Bengal CNG and Oil Filling station - নর্থ বেঙ্গল ফিলিং স্টেশন,24.0234691,90.2875737,,"Baby Foods Factory, Dhaka - Tangail Hwy",0101000020E6100000242C859B6792564070F7281202063840
Maa CNG Filling Station Ltd/মা সিএনজি ফিলিং স্টেশন লি:,24.1033371,90.1036567,,"Dhaka - Tangail Hwy, Mirzapur",0101000020E6100000B920B64FA2865640A7F6D84C741A3840
"Shobur & Co CNG, LPG Filling Station",24.302893,89.919396,,Joydevpur - Tangail - Jamalpur Hwy,0101000020E6100000B0045262D77A5640F52F49658A4D3840
Alhaz Nobab Ali CNG and Filling Station,24.7618713,90.2668095,,"Q768+PPV, Natun Bazar, Opossite Upazila Parishad, Mymensingh - Tangail Hwy",0101000020E6100000C630276813915640D1425DFF09C33840
CNG Station,24.3085487,90.0293085,,"825H+CP7, Rampur Dakhin Para Rd, Rampur",0101000020E6100000AB3FC230E08156402BB92F0CFD4E3840
Bhumi CNG & Filling Station,24.0894964,90.1829119,,"35QM+Q5V, N4, Kaliakair",0101000020E610000026231DD4B48B5640181C6F3CE9163840
Nitol CNG Filling Station,24.2831974,89.9182739,,"7WM9+78C, N4, Tangail",0101000020E61000004E51E4FFC47A5640EE4FF39F7F483840
Navana CNG Station,24.2658435,89.9250535,,"7W8G+82R, Medical College Rd, Tangail",0101000020E610000039639813347B5640AB5AD2510E443840
Urbi CNG Filling Station,24.386741,90.3776614,,99PH+M3V,0101000020E61000008A7DB89A2B985640B8054B7501633840
SNS CNG Station,24.4240734,90.3882689,,"M 10, Bhaluka",0101000020E610000073E3CC65D9985640811A0813906C3840
Semco Energy Ltd. CNG,24.3314549,89.9244656,,"Dhaka - Rajshahi Hwy, Elenga",0101000020E6100000BB91C3712A7B56405599733ADA543840
M/S Reza CNG & LPG Filling Station,24.7214077,90.4086296,,Mymensingh,0101000020E61000005D0BC4FC269A56402495CE2CAEB83840
Turag CNG Filling Station,24.0607638,90.2243392,,"366F+7PP, Dhaka-Tangail Highway, Kaliakair",0101000020E61000007ECDCD925B8E5640DBC765378E0F3840
Hazi Mofiz Uddin CNG Filling Station,24.1919854,90.4266261,,"Dhaka - Mymensingh Hwy, Mawna",0101000020E6100000AEC78ED74D9B56403A4F86F425313840
Maona CNG Filling Station.,24.246705,90.401232,,Mawna,0101000020E6100000F486FBC8AD9956407AC2120F283F3840
MOHA CNG Filling Station,24.2149453,90.4149713,,Mawna,0101000020E6100000D591C8E38E9A5640CDEDB9A706373840
Asuka CNG and Filling Station LTD,24.0829033,90.2027456,,"36M3+539, Joydevpur - Tangail - Jamalpur Hwy",0101000020E61000001B5AAEC8F98C5640013B922639153840
KRC Filling & CNG,24.1237277,90.4099087,,"4CF5+FXM, Dhaka - Mymensingh Hwy",0101000020E61000002336B3F13B9A5640FB1B599EAC1F3840
Maa CNG Filling Station,24.0896875,90.1911875,,Kaliakair,0101000020E6100000DBF97E6A3C8C5640295C8FC2F5163840
Gafargaon to Hossainpur CNG Station,24.4547133,90.5500543,,"FH32+V2M, Station Road, Gafargaon",0101000020E61000008C61F31634A35640668E401768743840
Palak CNG,24.196283,90.4248086,,Mawna,0101000020E6100000D0036910309B5640C2C2499A3F323840
Confident CNG & Filling Station,24.0329413,90.2414187,,"26MR+5HG, Nabinagar - Chandra Rd",0101000020E610000024496B67738F56400F304ED76E083840
Millennium CNG Filling Station,24.0226062,90.2439727,,26FV+2HX,0101000020E61000007AE7AB3F9D8F5640D4AF1985C9053840
High Pressure CNG Limited,24.1855344,89.9998022,,5XPX+6W7 Baiokola,0101000020E610000002DE5DC2FC7F56407248B42E7F2F3840
Azmat Ali CNG Filling Station,24.0892457,90.1840116,,"35QM+PQH, 1750, Kaliakair",0101000020E61000006B0597D8C68B564002CF62CED8163840
Kishoreganj to Hossainpur CNG Station,24.4359795,90.7794222,,"CQPH+9QV, Ishakha Road, Kishoreganj",0101000020E6100000B0B1A60DE2B15640F7393E5A9C6F3840
"Clean Fuel CNG&LPG,Parkesine Products Limited",24.2048347,90.4200098,,"6C3C+W2J, Dhaka - Mymensingh Hwy, Mawna",0101000020E6100000F8BFC870E19A56400296010C70343840
CNG Station,24.9119308,89.9511717,,"WX62+QFF, Station Rd, Jamalpur",0101000020E61000005E1844FFDF7C56401237024C74E93840
Star Filling Station CNG,24.2122483,90.4162708,,"6C68+VGR, Dhaka - Mymensingh Hwy, Mawna",0101000020E6100000E811482EA49A5640B02193E755363840
SHAMOL AND BROTHERS LPG AUTOGAS AND FUEL FILLING STATION,24.3991295,89.9140295,,"9WX7+FJ9, Elenga - Bhuapur Highway, Nagar Bari",0101000020E6100000128596757F7A56406C5ED5592D663840
Moly Evergreen Cng & Filling Station,24.0290193,90.386237,,"29HP+JF5, North, Gazipur",0101000020E610000054E0641BB8985640EC7310CF6D073840
Nitol CNG filling Station,24.2417233,89.9430333,,6WRV+M6M,0101000020E61000007EA257A85A7C5640632E0494E13D3840
M/s. Ma CNG Filling Station Ltd.,24.2828624,89.9177308,,"7WM9+43X, Tangail",0101000020E61000000B22F719BC7A5640A04495AB69483840
Bhaluka Thanar Mor CNG Station,24.4001839,90.3859602,,"C92P+39G, Bhaluka",0101000020E6100000B0236992B3985640BFE2BA7372663840
CNG station to Nikli Haor,24.4252115,90.7882808,,"CQGQ+38J, Kishoreganj",0101000020E61000002404503173B2564013622EA9DA6C3840
bhairab to nikli cng station,24.0571402,90.9820919,,"3X4J+VR4, কিশোরগঞ্জ-ভৈরব মহাসড়ক, Bhairab",0101000020E6100000A80AFC97DABE564072497ABDA00E3840
Sadekpur Tekermatha CNG Station,24.1586822,90.975852,,"5X5G+F8, Lundia",0101000020E61000001E6FF25B74BE564014758B659F283840
Kalikaccha CNG Station,24.0943375,91.1204754,,"34VC+M6X, Sarail - Kalikaccha Rd, Sarail",0101000020E61000003EBE73DEB5C7564052499D8026183840
Aruail to Dubajail CNG Station,24.1613532,91.0385472,,"526Q+GC2, Aruail",0101000020E61000008DD6AC8E77C25640DE1A7D714E293840
Tullapara CNG Station,24.1623594,91.1593077,,5565+WPR,0101000020E61000001060EC1832CA5640BC32B96290293840
Jalsukha CNG Station,24.561547,91.2851439,,"H76P+J36, Baniachong - Jolshuka - Azmiriganj Rd, Jalsukha",0101000020E6100000D94933CC3FD25640BB2A508BC18F3840
Sarail Uchaliapara CNG Station,24.0707494,91.1169842,,"R220, Sarail",0101000020E610000085494CAB7CC756402D36F7A11C123840
Sadekpur CNG Station,24.1468289,90.9653264,,"4XW8+Q43 Bhairab, Sadekpur",0101000020E6100000C97D61E8C7BD56408F9B2B9496253840
Kunda CNG Station & Somosta Bridge Moore,24.1531047,91.1536784,,"সি.এন.বি সেতু, R220 Sarail - Nasirnagar - Lakhai - Habiganj Rd",0101000020E61000008186EDDDD5C95640285D9FDE31273840
Dhal Bazar CNG Station,24.7266133,91.3680396,,"P9G9+J6V, Derai Road, Taral",0101000020E61000008268F7F58DD75640B156485403BA3840
Chunta CNG Station,24.1225135,91.0822141,,"43FJ+2V5, Chunta",0101000020E610000049B1EDFE42C5564089D1730B5D1F3840
Goalhati CNG Station,24.3505477,90.9439381,,9W2V+6H8,0101000020E6100000B23C597B69BC564022307B7EBD593840
Aziz Pur 707 Cng Station,24.7133969,91.8381943,,"PR7Q+977, Naljur",0101000020E6100000648CB4F9A4F556405A91E22DA1B63840
Kunda Koroi Gachtola CNG Station,24.1484369,91.1509248,,45X2+99F,0101000020E6100000F1097EC0A8C956400605EFF5FF253840
Nobigonj CNG Station,24.3916454,91.4142758,,"9CR7+MP2, Habiganj",0101000020E61000008D21A57E83DA5640FCA078DF42643840
Semco Cng & LPG Filling Station,24.1039111,91.2975902,,Madhabpur,0101000020E61000000C27C4B70BD35640FF30F8EA991A3840
"Syl Valley CNG Station,Tajmul Ali Square",24.6646476,91.9260472,,"N208, Sylhet",0101000020E61000005AA3795B44FB5640695D595826AA3840
CNG Station,25.5724822,89.8324385,,"HRFJ+2X2, Rowmari",0101000020E61000009A5B21AC46755640C98A86318E923940
Matrai CNG Station,25.1317722,89.1933454,,"45JV+P85, Matrai",0101000020E6100000407562C55F4C5640A085A9D2BB213940
M/S SANTONA LP GAS & FILLING STATION,25.1423548,89.3714197,,"Thana Road, Gobindogonj",0101000020E6100000C5252257C5575640BA6D3A5D71243940
Defla CNG Station,25.020651,89.8355668,,"2RCP+768, Melandaha",0101000020E6100000E5E72BED7975564034A1496249053940
Comet Cng Ltd,25.0967735,89.0227126,,"32WF+P34, Jalkhana Road, Joypurhat",0101000020E6100000428D8C1F74415640959EE925C6183940
Quality Auto Gas Station Ltd.,25.7292145,89.2804706,,"P7HJ+M5Q, Rangpur",0101000020E6100000549FF53AF3515640DD442DCDADBA3940
CNG Station (সিএনজি স্টেশন),25.2813593,89.0097414,,"72J5+GVX, Hakimpur",0101000020E6100000B49A649A9F405640EAECBF2907483940
ORION GAS,25.700989,89.2644099,,"P727+9QV, Darshana",0101000020E6100000464F8017EC50564012DBDD0374B33940
Khoarpar Local CNG Stand,25.0325167,90.0156782,,"22M8+273, Sherpur",0101000020E6100000A61023DF00815640E712B30353083940
CNG STATION,25.1835361,90.1040308,,54M3+CJ6,0101000020E6100000B6F1CC70A8865640A922CB38FC2E3940
CNG STATION,25.183189,90.0681001,,"53M9+764, Jhenaigati - Nunni Rd, Jhenaigati",0101000020E6100000AD9685C05B845640A8FC6B79E52E3940
CNG stand,25.1839715,90.0668299,,"53M8+HPP, Sherpur - Jhenaigati Rd, Jhenaigati",0101000020E610000047B9EAF04684564064E597C1182F3940
CNG Pump- Adani Total Gas Limited,26.4788132,90.0117703,,"F2H6+GMV, Gossaigaon, Bhodiaguri -II",0101000020E61000001A6437D8C0805640A3E47A80937A3A40
NRL BHARAT PETROLEUM PUMP BPCL CNG available here,26.4455585,89.929659,,"Haraputa, NH-31C, Kokrajhar, Srirampur, Bhairiguri",0101000020E6100000A75B76887F7B56406FF4311F10723A40
Samantha Mobile CNG Filling Station,21.4274712,92.0561327,,C3G4+XF6,0101000020E61000001EAF9BAD970357405CFBA7C06E6D3540
Navana Mobile Cng Gas Pump,21.4255044,92.0016575,,"C2G2+6M3, Chittagong - Cox's Bazar Hwy, Cox's Bazar",0101000020E6100000C2120F281B005740DA4D3ADBED6C3540
Anu Meah Sikder Mobile CNG Station,21.5499134,92.0673719,,"H328+WW4, N1, Eidgaon",0101000020E6100000D7CA3AD24F045740D6A1E41FC78C3540
Ghoti vangga CNG Auto Station,21.5230949,91.9009555,,"GWF2+69, Kutubjom Union",0101000020E6100000AFE94141A9F956405334208CE9853540
Islampur cng station,21.5831136,92.0504455,,"H3M2+65W, Napitkhali",0101000020E6100000BE2EC37F3A03574053DAD1EE46953540
Fatema Goni & abdus Salam Auto gas station,21.3221189,92.0873145,,83CP+RWW,0101000020E6100000DD7D8E8F960557406AEC5C6276523540
CNG STATION,21.4287559,92.1749899,,"C5HF+GX5, Naikhongchari",0101000020E61000005768D608330B5740907758F2C26D3540
Sowdagor Para CNG Station,21.4540752,92.1338451,,"F43M+JGH, Unnamed Road",0101000020E6100000B6CE09EB90085740B6ECB5453E743540
M/S A.H.C.L.P.G AUTO GAS FILLING STATION,21.4271155,92.0047772,,"C2G3+RWR Central Bus Terminal, Cox's Bazar",0101000020E61000000E7107454E0057405C1D0071576D3540
Islam pur bazar cng station,21.5828552,92.0499496,,"H2MX+4XW, Napitkhali",0101000020E6100000B19CCE5F32035740B54D96FF35953540
CNG သဘာဝဓါတ်ငွေ့ဆိုင်၊ချောက်မြို့။,20.871792,94.823341,,"VRCF+P88, ပြည်လမ်း, Chauk",0101000020E61000002E1D739EB1B4574018EAB0C22DDF3440
South Akilpur CNG Station,22.51574,91.6924839,,"GM8R+7XX, Kumira",0101000020E61000006BE0FDA751EC5640323D618907843640
Navana mobile cng pump,21.7834253,92.0795592,,Q3MH+9RF,0101000020E61000002486787F17055740E75B7A8F8EC83540
CNG Station,22.0808126,91.889579,,"3VJQ+8RG, Mosarrof Ali Miyar Bazar Ilsha Baharchora Banshkhali Upazila",0101000020E6100000560DC2DCEEF85640D01A7222B0143640
BM AUTOGAS Filling Station,21.7585533,92.0633017,,R172,0101000020E6100000FFD192220D045740DBC58F8C30C23540
Cng station mosque,22.4003909,91.7578614,,"CQ25+45X, Salimpur",0101000020E6100000A6F919CD80F05640B31D9D0480663640
Kaptai CNG station,22.4850686,92.2315467,,"F6PJ+4P9, Kaptai",0101000020E6100000CAFF3FA9D10E57400751AD742D7C3640
Sandwip Colony CNG Station,22.4517709,91.8001988,,"FR22+P34, Chittagong",0101000020E61000001A13077536F35640D4C8F841A7733640
Jaliakhali CNG Station,21.8324542,91.9560109,,"RXJ4+XC7, Pekua",0101000020E6100000A68757482FFD5640F86AECB71BD53540
Nashirkul CNG Station,22.1747751,92.0367196,,52FP+WM9,0101000020E6100000D2472A9D59025740B7A79A0FBE2C3640
H.N Automobiles Limited (CNG),22.3849875,91.8588114,,"Arkan Rd, Chattogram",0101000020E6100000A51B17C4F6F656406ADE718A8E623640
M. Alam Gas Station,22.3790114,91.8118,,"10, 122 Bayazid Bostami Rd, Chattogram",0101000020E610000024B9FC87F4F35640A9CF1FE406613640
Noor-E-Modina CNG,22.3626958,91.7817076,,"9Q7J+3MG, A K Khan Moor, N1, Chattogram",0101000020E61000003842507F07F256408565C7A1D95C3640
Star Line CNG Station,22.9894785,91.4088236,,"XCQ5+QGW, N1",0101000020E610000050F5752A2ADA56405B9885764EFD3640
Shahi CNG Station,22.941203,90.9812321,,"WXRJ+GC3, R140, Chandraganj",0101000020E610000044D2B881CCBE5640A8E507AEF2F03640
Reliable CNG and Petroleum Station Limited,23.5168125,90.8603125,,"GV86+Q4R, N1, Eliotganj",0101000020E6100000C3F5285C0FB75640FCA9F1D24D843740
Hazi Nazir Ahmed LPG & CNG Filling Station,23.0064431,91.3855167,,"294M+XM7, 443 Dhaka - Chittagong Hwy, Mohipal",0101000020E6100000F5A33C4EACD85640ECC84741A6013740
Khondokar CNG Filling Station,22.9561662,91.2380088,,"X64Q+F66, N104, Chowmuhani",0101000020E6100000410A43893BCF5640648ADE4EC7F43640
Rongdhanu CNG & Filling Station,23.5905015,90.6310416,,"N1, Gazaria",0101000020E6100000989A4EFC62A856402BBD361B2B973740
Amin CNG Diesel Octane Gas Station,23.0072961,91.0945118,,"234V+WR6, Bazra",0101000020E61000008385387B0CC656406BE33E28DE013740
Begumgonj CNG Station,22.9447947,91.1020362,,"R140 Begumgonj,Chowrasta,Najirpur, Noakhali Chowmuhani",0101000020E61000008580D7C287C6564023EFC110DEF13640
Tasfin CNG and Refueling Station,23.5281513,90.7386106,,"GPHQ+7C9, Daudkandi",0101000020E6100000A7DE646545AF564003D770EC34873740
"khamarpara cng station ,maruka union, daudkandi upazila, comilla",23.4397174,90.7854942,,"CQQP+V5Q, Bridge",0101000020E6100000A70C778945B256406E7BCC5191703740
JMI LPG & CNG Dispensing Ltd.,23.5732903,90.644036,,"N1, Gazaria, N1",0101000020E6100000965CC5E237A95640319D3127C3923740
Shetue Cng Refuelling Station,22.9487986,91.1653116,,"Shetue Bhanga Bazar, Kutubpur",0101000020E610000090E91A7794CA5640977D0D77E4F23640
Fidap CNG Pump,22.9087102,91.1016342,,"W452+FMJ, Z1441, Eklashpur",0101000020E6100000EE49BB2C81C65640A88A4E3BA1E83640
HM Rahman CNG Filling Station,22.9840701,91.3398982,,Jailashkara,0101000020E6100000083E61E4C0D55640B178A004ECFB3640
H B CNG & FILLING STATION,23.250585,90.8215511,,7R2C+6JM,0101000020E61000008A9F104B94B4564040DEAB5626403740
MS Ashraf Uz Zaman CNG Station,23.5320172,90.7288259,,"GPJH+RG4, N1, Daudkandi",0101000020E6100000943E6315A5AE5640D4E87A4732883740
Shapur CNG Station,23.5435301,90.7841596,,"GQVM+8HQ, Gouripur - Homna Hwy, Gouripur",0101000020E61000000B36BFAB2FB2564041E4E3C9248B3740
"HB CNG, LPG, FUELLING STATION AND CONVERSION CENTER",23.2388455,90.8225773,,Balakhal - Ramchandrapur,0101000020E6100000A67B421BA5B45640F94B8BFA243D3740
Xpeed Energy Resources Ltd (Xpeed cng),23.5304022,90.7323988,,"GPJJ+5X2, Daudkandi",0101000020E61000004C68379FDFAE5640F9B94670C8873740
TRISHA CNG,22.7632134,91.579753,,"QH7H+7WJ, Mirsharai",0101000020E610000081B053AC1AE5564075DE10F461C33640
Mirsarai CNG Station,22.7765927,91.5697001,,"QHG9+JVP, west Khaiyachara, Mirsharai",0101000020E6100000CA8168F775E45640F5CF78C7CEC63640
Bagan bari CNG Station,23.0393656,91.5149764,,"2GQ7+PXX, Feni Rd, Chhagalnaiya",0101000020E61000008E0D935FF5E0564061962CDD130A3740
Nanar Dokan CNG Station,22.9229379,91.5004462,,"WGF2+55G Kata Mobarak Ghona, K M Hat, Feni",0101000020E6100000149A7F4F07E056402ABD80A845EC3640
Chhagalnaiya To Box Mahmud CNG Station,23.0395566,91.5158591,,"2GQ8+R8H, Feni Rd, Chhagalnaiya",0101000020E610000004F6E2D503E1564049579F61200A3740
Mohamoni CNG Station,22.84172,91.8368933,,"CNG Filling Station, Manikchari",0101000020E6100000756FEAA88FF556409D6340F67AD73640
M/S N. K. Filling & CNG Station,23.7481584,90.5419921,,"Dhaka-Sylhet Road, Borpa",0101000020E61000002F0CA2FFAFA256404A3A144F87BF3740
Allah Vorosa CNG Refueling Station,23.744341,90.5346748,,"PGVM+PVF, Tarabo Pouroshava Rupshi Rupgonj Narayangonj, ঢাকা - সিলেট মহাসড়ক",0101000020E6100000B4FFA61C38A256406A12BC218DBE3740
Sheba CNG and Filling Station,23.7451983,90.5366743,,"Tarabo Pouroshava Rupshi, Dhaka - Sylhet Hwy, Borpa",0101000020E6100000A3C629DF58A25640E888D750C5BE3740
Fresh Oxygen & Gases,24.9116868,91.8061644,,"সিলেট - সুনামগঞ্জ মহাসড়ক, Sylhet",0101000020E6100000C44C913298F35640E4315E4E64E93840
Roshidpur Gas Station,24.8132254,91.7935197,,"RQ7V+7C, Utthor Dhormodha",0101000020E6100000D50EDA06C9F25640CA46318A2FD03840
Indian oil CNG Station,26.7533462,94.2208906,,"Gar-Ali, Jorhat",0101000020E61000009BBF5312238E5740DD90EB4BDBC03A40
"Bharat Petroleum, CNG & Petrol Pump -Bhambra Highway Service Station",19.3235139,84.8692829,,"BERHAMPUR, GANJAM",0101000020E6100000369EBE54A2375540294D94CED1523340
Badal Gas Godown,19.2901725,84.8056696,,"7RR4+378, Brahmapur",0101000020E610000069D8391790335540D5B2B5BE484A3340
GAIL CNG Kuber Filling Station,20.0066785,85.4876179,,"2F4Q+M2H, Katikata - Jaipur Rd, Ratamati",0101000020E61000006E5CB521355F55401A16A3AEB5013440
Adani Gas CNG Station,20.2653001,85.7922719,,"7Q8R+4WC, Jagamara, Bhubaneswar",0101000020E61000008C023395B4725540232015B5EA433440
Bharat Petroleum CNG Gas station,20.3259944,85.8202343,,"8RGC+93W, District Center, Chandrasekharpur, Bhubaneswar",0101000020E6100000AD6301B87E745540DCAD765E74533440
CNG FILLING GAIL POKHARIPUT,20.2438207,85.8099195,,"Pokhariput Main Rd, Gandamunda, Pokhariput, Bhubaneswar",0101000020E6100000223999B8D57355407C968C086B3E3440
"Bharat Petroleum Petrol Pump (CNG) , PUJAPANDA FILLING STATION",19.825953,85.8607876,,"AT - BALUKHANDATAHSIL, Puri",0101000020E610000059B3DF24177755407808E3A771D33340
THAKURANI PETROL AND CNG FILLING STATION,20.3961138,86.4922315,,"Bouda Office, Marshaghai, Badapal",0101000020E6100000E8A38CB8809F5540897EC8B667653440
HP PETROL & CNG PUMP,20.375298,86.5007351,,"9FGX+GX9, Bauda, Madhuraganda Khamar",0101000020E6100000659D3B0B0CA0554014419C8713603440
GAIL COCO Chandrashekharpur Filling Station,20.3377002,85.8216923,,"8RQC+3MP, Kanan Vihar, Chandrasekharpur, Bhubaneswar",0101000020E610000000F84C9B9674554048DA328573563440
KAR Gas,20.2963005,85.8342355,,"7RWM+GM5, NH16, Bhoinagar Basti, Bhoi Nagar, Bhubaneswar",0101000020E6100000626A4B1D64755540D8497D59DA4B3440
GAIL Balaji Filling Station,20.2106502,85.6968766,,"6M6W+7Q6, Near Maa Bata Bhuasuni Temple, Ogalapada, Radhacharanpur, Janla, Bhubaneswar",0101000020E610000040964FA0996C554057E5E72BED353440
"Maa Laxmi pollution testing center(petrol,cng,lpg)",20.2648998,85.7925536,,"7Q7V+X23, Katikata - Jaipur Rd, Dharam Vihar, Baramunda, Bhubaneswar",0101000020E6100000EF14BC32B972554089B72979D0433440
Essar+ Gas Station,20.9316178,85.5521347,,"WHJ2+JVR, Kamakhyanagar",0101000020E610000027DFC72C56635540195F0F817EEE3440
"Bharat Petroleum CNG & PETROL, Gopabandhu filling station",21.0038145,86.12427,,Uparagarh,0101000020E6100000EE77280AF487554027C0B0FCF9003540
JAGANNATH PETROL AND CNG FILLING STATION,20.520166,86.4216682,,"VIP Rd, Garapur",0101000020E6100000D8309E9CFC9A5540BB7D569929853440
BHARAT PETROLEUM PETROL + CNG PUMP - KRUPAJAL FILLING STATION-Panikoili,20.9159071,86.2239733,,Alatiri,0101000020E610000057AB1B94558E554098AC40E378EA3440
"Bharat Petroleum CNG Pump, Nandighosa Filling Station",20.9695196,86.08883,,"X39Q+RG4, Nuagan",0101000020E6100000D6390664AF855540BDD4BE6F32F83440
"Bharat Petroleum , RATH FILLING STATION CNG",20.857073,86.020262,,"Kusunpur, Chakradhar Pur",0101000020E610000080D6FCF84B815540DC48D92269DB3440
"Srima Fuel CNG PUMP, Khalana",21.1110792,86.1146655,,"Barpada - Batto Rd, Khalana, Gainthagodi",0101000020E6100000B01EF7AD568755400E44BBAF6F1C3540
SHANKAR GOURI FILLING CENTRE CNG,21.0482634,86.486926,,"Near NH 16 (NH 5, PO, Samaraipur, Aradi chhaka, Gelpur",0101000020E61000009D64ABCB299F554001987CFD5A0C3540
"Bharat Petroleum, Petrol Pump -cng Prasanta Filling Station",20.9237578,86.2490299,,"SATHIPUR, Jajpur",0101000020E6100000790E1B1BF08F5540C76C24647BEC3440
CNG bhubaneshwa pump,21.1166772,86.5439618,,"4G8V+JJP, Chennai - Kolkata Hwy, Tisalpur",0101000020E61000007E512745D0A255405930968EDE1D3540
Surya Petrol & CNG filling Station,20.6254152,85.6282652,,"JJGH+586, Dhenkanal",0101000020E6100000C1CD3D7F35685540DA6BE6351BA03440
BP-JAJPUR (BPCL CGS Cum CNG Mother Station,20.914036,86.1404238,,"W47R+J57, Sankhachila - Laxminagar Road, Bhiki Pur",0101000020E61000001F251BB4FC885540DD5D6743FEE93440
Bharat Petroleum CNG & Petrol Pump -Sri Sai Jatadhari Filling Station,21.029777,85.9763457,,"BALIAPAL-JAJPUR, JAJPUR",0101000020E6100000C6C5AC727C7E5540492C29779F073540
Sri Sai Jatadhari Filling Station-CNG Pump,21.0379904,85.9759516,,"2XQG+59W, Naranpur - Duburi Rd, Tomka Forest Block",0101000020E6100000A61EB3FD757E5540DD8F25BDB9093540
CNG DD,21.1165728,86.5435308,,"4G8V+JCC, Balasore - Bhadrak - Cuttack Rd, Tisalpur",0101000020E610000099976835C9A25540689A0BB7D71D3540
Bharat petrol pump with CNG,20.7401212,86.1457434,,"Badshahi Rd, Dharmasala, Rathia",0101000020E6100000E72620DC5389554087133D9578BD3440
S N Trader Gas filling Station ( All Arrangement),20.9565278,86.1262562,,"X44G+J9G, Mahaveer Colony, Byasanagar",0101000020E6100000B47AE29414885540FFB68201DFF43440
"UNI-TECH FUEL POINT CNG - STATION, BPCL",21.533525,84.769651,,"AT NH-6, BRAJAMOHANPURP.S/P.O, Deogarh",0101000020E61000005B9544F64131554031992A1895883540
GAIL BAPL SV8,22.5129438,84.7902482,,"GQ7R+53H, Lamdega",0101000020E610000043AE2F6D933255409BAFED4850833640
"SAI BP , Bharat Petroleum CNG Petrol Pump",29.2280287,73.2238557,,"NH 911, Anupgarh, 7 Apm-A",0101000020E61000007CA1DBA6534E5240A50CC116603A3D40
Ganpati Petroleum CNG Now Available 11.Oct.24 Bharat Petroleum Pump,29.5529151,74.2036175,,"Ganpati petroleum, Dabli Rathan, 7 Stg",0101000020E61000002BD9B111088D5240EEF60FD88B8D3D40
Shaheed Ravindra Dahiya Filling Station BPCL / Online CNG,28.7610827,76.7852051,,Ch. Sir Chhotu Ram Nagar,0101000020E6100000C149E4CC40325340270DDA50D6C23C40
HCG CNG Station,28.7345188,76.8372842,,"Ashok Filling Station (HPCL)- Hpcl Petrol Pump Delhi-Rohtak Road, NH-10, near Western Peripheral Expressway, Gurugram",0101000020E6100000481D781096355340134C906C09BC3C40
VIR FUEL & CNG STATION,29.1473223,76.7486312,,Garhi Ujale Khan,0101000020E6100000FA30D692E92F5340B4780CEAB6253D40
VEER CNG FILLING STATION,29.4032096,76.7073751,,"Road, Safidon, Panipat",0101000020E61000004D2036A2452D5340E96E8DBE38673D40
HP PETROL & CNG PUMP - HP JAIN AUTO,29.1921043,76.7498684,,"Gohana - Panipat Rd, Village:, Mundlana",0101000020E6100000729307D8FD2F5340C5EB55BF2D313D40
"Bharat Petroleum, Petrol/ CNG Pump -Phoolwari Filling Station",28.8083938,76.7262521,,"ROHTAKBAHDURGARH R, Ismaila",0101000020E6100000AF8916EA7A2E5340074A65E5F2CE3C40
BPCL BVR Gas (CNG),28.8239375,76.7031875,,"RPF3+H7, Nunond",0101000020E61000002FDD2406012D5340B0726891EDD23C40
"HP CNG, PETROL PUMP",29.1027374,76.6947238,,"4M2V+XVH SURYA PARTY GARDEN, Gohana-Rohtak Rd, Gohana",0101000020E61000002F30D05A762C534079138DFF4C1A3D40
HP PETROL PUMP/CNG PUMP HCG - BADHWAR FILLING STATION,28.7250305,76.7308076,,"Hpcl Retail Outlet, Sampla - Jhajjar Rd, NH334B, Bhaproda, Gurugram",0101000020E6100000C56A3D8DC52E53403F1A4E999BB93C40
Haryana City Gas (KCE) Pvt. Ltd. CNG Station,28.7471789,76.8121522,,"PRW6+GXF Kanha Ji CNG Station, Delhi Rohtak Corridor, Sampla",0101000020E6100000F797384DFA335340E2C2CB1D47BF3C40
Sindhu Petrol & CNG Pump,29.2317188,76.3472849,,"Jind - Rohtak Rd, Kinana",0101000020E610000042F971EA391653404DDE5BEC513B3D40
Vishal Petro station (CNG),28.904098,76.6932874,,"Bohar to, Sonipat Rd, Bhalaut",0101000020E6100000A66E1DD25E2C534007616EF772E73C40
Indraprastha Gas Limited CNG Station,28.7249791,77.125645,,"P4GG+268, Sector 12, Rohini, Delhi",0101000020E6100000FB7953910A48534094C8F43A98B93C40
Indraprastha Gas Limited CNG Station,28.7161473,77.1177648,,"P489+F3H, HL Parwana Rd, Swarn Jayanti Park, Sector 10, Rohini, Delhi",0101000020E6100000AE275F7589475340639EF06D55B73C40
THINK Gas CNG Station,29.2165892,77.2826302,,"Issar Filling Station State Highway 57, Saharanpur - Delhi Rd, Ramala, Baghpat",0101000020E61000002A77FA9C16525340B4AACA6372373D40
Indraprastha Gas Limited CNG Station,28.7107482,77.1750922,,"P56G+72W, Transport Centre, Azadpur, Delhi",0101000020E61000003832EAB5344B5340DDB01298F3B53C40
THINK Gas CNG Station,28.9565569,77.3382151,,"Khasra No, 1644/3, On, Sarvodaya Filling Station, to, Meerut Rd, at Village, Baghpat, Doula",0101000020E6100000DB60F250A55553405D43BAE9E0F43C40
Indraprastha Gas Limited CNG Station,28.7300531,77.1834752,,"P5JM+2C3, Model Town, Delhi",0101000020E610000022E8C30EBE4B5340EAD78CC2E4BA3C40
GAIL Gas CNG Station,28.9846852,76.9712739,,"Ground Floor Mailana, Atlas Nagar, Sonipat",0101000020E610000056FD005A293E5340F0DA4A5414FC3C40
THINK Gas CNG Station,29.1573119,77.3680844,,"5949+V5W, Bamnauli",0101000020E6100000BD0ADFB18E57534089C5B99745283D40
DME LHS IGL CNG Station,28.7344974,77.5573745,,"PHM4+QVG, Didwari",0101000020E6100000F5471806AC6353403DFF870508BC3C40
Haryana City Gas CNG Station,28.6983538,76.9185783,,"Haryana Tourism Corporation, Gauriyya Near Devilal Park, Rohtak - Delhi Rd, Bahadurgarh",0101000020E61000002D54A3FCC93A53408E098C50C7B23C40
GAIL Gas CNG Station,28.9924496,77.0375564,,"X2RQ+X2Q, Sector 12, Sonipat",0101000020E61000005A70F55267425340A4ED4E2D11FE3C40
Indraprastha Gas Limited CNG Station,29.4574476,77.2916528,,"F74R+XMW, Karnal - Meerut Rd, Shamli, Mundetkalan",0101000020E61000005B728170AA52534039A231491B753D40
Gail Gas CNG station with high pressure,29.0084524,76.9731004,,"Prem Filling Station, Gohana Road, Barwasni, Sonipat",0101000020E61000005F6EE646473E53409D92BDEF29023D40
Indraprastha Gas Limited CNG Station,29.4372263,77.2905638,,"C7PR+V6W, Raj Filling Station Shamli, Road, Kheri Karmu",0101000020E6100000B299E898985253407A731310EE6F3D40
"MM FILLING STATION (CNG, DIESEL &PETROL)",28.9523283,77.0944873,,"Milestone 40.1 Bahalgarh, Rai",0101000020E6100000CAD875140C465340278E97C9CBF33C40
CNG/EV/Petrol/Diesel Nagpal oil BPCL,29.8406954,73.4590762,,"RFR5+6GV, Sri Karanpur, Srikaranpur",0101000020E6100000CE572481615D5240CCE550D037D73D40
Karam Fraid CNG Station,30.3912631,73.340773,,"98RR+G82, ساہیوال روڈ, Pākpattan",0101000020E610000007978E39CF555240AFA18AD129643E40
HARYANA CNG,29.9831463,73.2191066,,"X6M9+7M3, Bahalwalnagar Bypass, Bahawalnagar",0101000020E61000009E55B0D7054E5240F4AED579AFFB3D40
Zeeshan CNG and filling station,30.5881306,72.9077068,,"HWQ5+63P, Harappa",0101000020E6100000D61643DE173A5240E0C61CBA8F963E40
Admore CNG Station,29.9956262,73.24083,,"X6WR+784, Madina Town Bahawalnagar",0101000020E610000053793BC2694F52406F0AD05BE1FE3D40
Pearl CNG pump station,29.8039525,72.8667676,,"RV38+HPJ pearl cng pump station, Chishtian Sharif",0101000020E6100000E0CECF1E793752409609BFD4CFCD3D40
Haider CNG Station حیدر سی این جی اسٹیشن,30.5954773,72.9213509,,"HWWC+5GX, Harappa Bypass, Harappa",0101000020E6100000F8E8C369F73A5240A802493371983E40
Universal CNG Station,30.3667297,73.3633383,,"Sahiwal Rd, Pakpattan",0101000020E610000097F848EF40575240CEF863FFE15D3E40
Mahria CNG,30.5907116,72.8994532,,"HVRX+7QP, قومی شاہراہ, ۔ ۵, Harappa",0101000020E6100000159227A4903952402A5E1BE038973E40
Maashallah CNG Station,30.3646426,73.3646133,,"Sahiwal Rd, Pakpattan",0101000020E6100000F2CB05D35557524079BAA937595D3E40
Harappa CNG Station,30.5910605,72.9151563,,"Harappa Bypass, Harappa, Punjab",0101000020E61000009ECEBAEB913A52401975ADBD4F973E40
️⛽️ Bharat Petrolpump CNG & EV Charging,30.5960427,74.8689107,,"Moga road, Kot Kapura",0101000020E61000003FE99F3B9CB7524001851F4196983E40
Cng filling station,30.5662875,76.831979,,"HR8M+G3, Jawaharpur",0101000020E61000005DFDD8243F35534034A2B437F8903E40
EVERGREEN PETROLEUM PETROL& CNG,30.5739577,76.8372148,,"Ambala - Chandigarh Expy, Saraswati Vihar, Dera Bassi",0101000020E61000008A6E62ED9435534092C94EE4EE923E40
Randhawa Fuels CNG Station,30.5800579,76.4324681,,"Hand Side, NH-44 ,Between Rajpura & Left, Dist, Sirhind",0101000020E61000000C84AE8EAD1B53405449AEAC7E943E40
CNG and petrol pump,30.5734913,76.8365474,,"HRFP+9J, Saraswati Vihar, Bir Bakarpur",0101000020E610000072231BFE89355340600A6A53D0923E40
"Bharat Petroleum, Petrol Pump -Dhillon Gas Station",30.334343,76.8357905,,"AMBALA CANTT, near CAPITOL, Ambala",0101000020E6100000AEF36F977D35534083A5BA8097553E40
Online CNG Station - HP Petrol Pump Shahabad Markanda,30.172105,76.8626663,,"Grand Trunk Rd, opposite Bus Stand, Subhash Nagar, Shahbad",0101000020E61000002077B6EC35375340637AC2120F2C3E40
Hp Petrol Pump CNG,30.0814297,76.8754283,,"Ramnagar, Charhuni Jattan",0101000020E61000008B9F6B0407385340506CAA93D8143E40
Bharat Petroleum Petrol Pump-CNG Moon Star Enterprises,30.517827,76.9846454,,"Global Industrial Park Phase 1, NH 7, Mauli",0101000020E61000000ACA236E043F53405DFC6D4F90843E40
HP PETROL PUMP CNG & EV CHARGING POINT,30.0158356,76.8877986,,"Village :, near Sukkhan Star Dhaba, Ramgarh, Kurukshetra",0101000020E6100000D01B38B1D1385340CF1C48CD0D043E40
"Karan Petroleum [Petrol -Diesel ,Ev & CNG Pump]",30.1406534,77.322293,,"Old Saharanpur Road, Sector 39, Rampura",0101000020E6100000B4AED172A05453403B1279DC01243E40
CNG Station,30.8289857,73.4992575,,"RFHX+HPV, N-5, Okara",0101000020E610000018B2BAD5F35F5240075A266838D43E40
CNG station,31.5201451,73.0651472,,"M3 Toll Plaza Bus Stop, Sargodha Rd, Faisalabad",0101000020E6100000435B295F2B445240B6ACB13A28853F40
Al Rehman Cng Station,31.0769806,72.9685739,,"3XG9+QCW, Chak 467 GB, Samundri",0101000020E61000009610621DFD3D52402C6D2700B5133F40
Amar CNG Station,31.497534,73.2888948,,"F7WQ+XGH, Lahore - Sheikhupura - Faisalabad Rd, Khurianwala",0101000020E6100000017F9D407D525240E8A562635E7F3F40
CNG Station,31.4698146,73.2018516,,"F692+XP2, Lahore - Sheikhupura - Faisalabad Rd, Faisalabad",0101000020E61000004C29F922EB4C5240EE2E06C545783F40
KANDAAN CNG STATION,31.5210872,73.0642573,,"Exit Toll Plaza, motorway CHOWK, Sargodha Rd, Faisalabad",0101000020E6100000DF81A6CA1C4452403D5D82F865853F40
CNG Station,30.8008451,73.4687065,,Makkah Madina Town 1 Okara,0101000020E61000000C3B8C49FF5D52406FA9392F04CD3E40
PSO United CNG and Filling Station,31.4571389,73.132733,,"220KV Grid، Lahore - Sheikhupura Malikpur Stop - opposite, Lahore - Sheikhupura - Faisalabad Rd, Malikpur, Faisalabad",0101000020E610000066868DB27E485240BB3A110E07753F40
Roshan CNG & Petrol Station,31.4152537,73.0861404,,"C38P+4F2, Rajbah Rd, Factory Area, Faisalabad",0101000020E61000005237065383455240020B05114E6A3F40
Goraya CNG Station,31.3936748,73.0768217,,"Batala Colony, Faisalabad",0101000020E6100000E14790A5EA445240644227DFC7643F40
MIDWAY PETROLEUM & CNG,31.4164207,73.0532712,,"Sirwala Road, Rajbah Rd، Liaqatabad",0101000020E610000065749BCB684352409FE0078C9A6A3F40
Hussain CNG Station,31.5859648,73.7695779,,Pakistan,0101000020E61000005C0EAAC340715240709B04CA01963F40
Al-Bashir CNG & Petrol petroleum,31.3320295,73.4117524,,Jaranwala,0101000020E61000002B03BD265A5A5240A7CEA3E2FF543F40
Aliz CNG Station,31.582968,73.7505137,,Taali Chak,0101000020E6100000CC2C9D6A08705240529D0E643D953F40
CNG Station,31.5894948,73.6792815,,"HMQH+QPV, Faisalabad Sheikhupura Rd, Nankana Sahib",0101000020E6100000C8D11C59796B52407D299721E9963F40
Chinar-x CNG Stationچنار سی این جی فلنگ سٹیشن تاندلیانوالہ,31.037145,73.1270137,,Tandlian Wala,0101000020E610000037E911FE20485240BD35B05582093F40
Al-Haram CNG Station,31.4925676,73.2599724,,"F7V5+2X2, Faisalabad-Sheikhupura Rd, Khurianwala, Khurrianwala, Punjab, Khurianwala",0101000020E610000035F74663A3505240B81105E9187E3F40
Inayat CNG Station,31.3545806,72.8686015,,"9V39+RCQ, Jhang Faisalabad Rd, Jhapal",0101000020E61000006BF0BE2A97375240CACB50CBC55A3F40
Al Sadiq CNG Station,30.8482206,73.4452488,,"Faisalabad Road, Chak 33/2 R",0101000020E610000054A5D2F47E5C524023CB38FC24D93E40
CNG Station,31.3556477,73.0653968,,"9348+862, Faisalabad",0101000020E6100000D6500F762F445240CA6548BA0B5B3F40
Kahloon CNG Station,31.3949374,73.0774463,,"Samundri Rd, Chak 223-RB, Dar-ul-Ihsan Colony, Batala Colony, Faisalabad",0101000020E61000008F6C53E1F44452409FF7109E1A653F40
Haider CNG,31.5031692,73.0514546,,"Punjab Small Industries Corporation, Faisalabad",0101000020E6100000A40E3C084B435240BF5A5AB2CF803F40
Jaranwala CNG and Filling Station,31.3201882,73.3993294,,Chak 128 GB,0101000020E61000003455E69C8E595240AB9097DAF7513F40
M/s Hassan Raza Cng Filling Station,31.5899119,73.8200427,,"HRQC+W2V, Feroze Wattwan",0101000020E6100000B57460947B7452406F055E7704973F40
Admore CNG Petrol Station,30.8058209,73.4600526,,"RF46+82F, Dipalpur - Okara Rd, Sabir Colony Okara",0101000020E610000025DC7580715D5240ECEE4B474ACE3E40
Al-Makkah CNG Station,30.7991346,73.4482352,,"GT Rd, Samadpura Okara",0101000020E6100000A03AB1E2AF5C52401F1ACC1594CC3E40
Chenab CNG Filling Station,31.3588854,72.8912805,,Chak 74 JB Thikriwala,0101000020E610000000C45DBD0A3952400A03E0E9DF5B3F40
Faisal CNG,31.2105473,72.9951634,,"6X6W+638, Dijkot",0101000020E6100000464BD4C1B03F5240D8C2876DE6353F40
Attock Petrol Pump And CNG Filling Station,30.8169898,73.4695355,,"Near 1/4L railway phatak, Grand Trunk Rd, Okara",0101000020E6100000E833A0DE0C5E5240642A583E26D13E40
Askar1 CNG Station,31.5883787,73.6740063,,"Lahore, Sheikhupura Rd, Qila Shabdev Singh",0101000020E610000012F351EB226B5240BA298AFC9F963F40
Bawa Jee CNG,31.4778525,73.2229929,,"F6HF+467, Faisalabad",0101000020E61000005F2F0384454E5240D5CF9B8A547A3F40
Dijkot CNG Station,31.211529,72.9953593,,"Khewat No 515/507, Khatooni No 636-638, Samundri-Faisalabad Rd, Chak No 263-RB, Dijkot, Faisalabad",0101000020E61000003F517EF7B33F5240D427B9C326363F40
Hermain CNG Station,31.3524902,72.8586655,,"Jhang-Faisalabad Rd, Jhapal, Punjab",0101000020E6100000062D2460F4365240162939CC3C5A3F40
Karmanwala CNG & Petrol Pump,31.2087802,72.9945301,,"24 KM Samundri, Faisalabad Road, Dijkot",0101000020E6100000CF989361A63F5240660D839E72353F40
Saleemi CNG,31.4950071,73.264671,,"F7W7+2V3, Khurianwala",0101000020E6100000C74CA25EF0505240ADC909C9B87E3F40
Kandaan CNG Station,31.4000309,73.0301779,,"C22J+23J, Jhang Faisalabad Rd, Saifabad, Faisalabad",0101000020E6100000F763496FEE415240B3E3D06C68663F40
CNG Station,31.5936388,73.8321937,,"HRVJ+FV4, Faisalabad-Sheikhupura Rd, Feroze Wattwan",0101000020E6100000FC5B5DA942755240FEA25FB6F8973F40
Rafiq CNG,31.4479915,73.1003099,,"C4X2+54V, Street No. 11/2, Hajjiabad, Faisalabad",0101000020E6100000C3FD367A6B465240D0622992AF723F40
Civic CNG,31.4667266,73.1906198,,"F58R+M6X, Civic Center Faisalabad",0101000020E610000015BE631D334C52405C2CFB647B773F40
KW CNG & Attock Petroleum,30.8283502,73.4515496,,"1 Faisalabad Road, Shehzad Park, Okara",0101000020E610000067214B30E65C524093A23AC20ED43E40
PSO pump Brothers CNG,31.5869222,73.7742194,,"toll plaza, near Feroz wattwan, Feroze Wattwan",0101000020E610000071BB86CF8C715240DF4B868840963F40
Bukhari CNG,31.424652,73.1211992,,"C4FC+VF8, Block Z Madina Town, Faisalabad",0101000020E61000004A134ABAC1475240552E54FEB56C3F40
Baber Sher CNG Station,31.5011024,73.070949,,Faisalabad,0101000020E6100000C5ABAC6D8A44524076F2333F48803F40
Naveed Enterprises CNG Station,31.3971718,73.022237,,"Khatooni No 5551-5571, Khewat No 4012, Jhang-Faisalabad Rd, Rasheedabad, Chak 220-RB, Babu Wala, Faisalabad",0101000020E6100000B7F0BC546C415240B9E4130DAD653F40
Qasim CNG,31.4765905,73.2187092,,"F6G9+JFP, Lahore - Sheikhupura - Faisalabad Rd, Faisalabad",0101000020E61000006655DF54FF4D52409415C3D5017A3F40
EE CNG & Petrol Station,31.569522,73.4514252,,"Lahore - Sheikhupura - Faisalabad Rd, Near Police Post, Chak no. 60 R.B, Tehsil، Jaranwala, District Faisalabad, Faisalabad",0101000020E6100000C7A58526E45C52403E5A9C31CC913F40
Gunj Shakar 2 CNG Filling Station,31.3492494,73.0615643,,Sehgal City Faisalabad,0101000020E610000079C663ABF0435240CB259F6868593F40
CNG,31.5607054,74.3201889,,"PAKISTAN, SADIQ PLAZA, 69 THE MALL ROAD LAHORE, 12-A Lawrence Road, Mozang Chungi, Lahore",0101000020E6100000B48295F97D945240CBB09B638A8F3F40
Dolla CNG Station,31.5362876,74.2751264,,"G7PG+G36, Foji Gadian Bus Stop،, Band Rd, Shera Kot, Lahore",0101000020E61000000A91C2AB9B9152401640E7244A893F40
Attock Petrol & CNG Pump,31.5266027,74.3227951,,"G8GF+J4V, Lahore – Kasur Rd, Ichhra Lahore",0101000020E6100000C773C7ACA89452403D7C3E6FCF863F40
Bismillah CNG Station,31.5807242,74.2042967,,Pakistan,0101000020E6100000914B7732138D5240EAFE5657AA943F40
Gas Tec CNG Filling Station,31.5781613,74.3672724,,"Plot 132-D, GT Rd, Singh Pura Bus Stop, Mughalpura, Singhpura, Lahore",0101000020E61000004DAE1864819752401750036102943F40
PNI CNG Station,31.5252038,74.3231316,,"121 Lahore – Kasur Rd, Ichhra Lahore",0101000020E610000077932930AE94524024BC98C173863F40
Shan CNG,31.5367511,74.3385547,,"G8PQ+PC3, Jail Rd, Shadman II Shadman 2 Shadman, Lahore",0101000020E61000000E1A55E1AA9552408F97248568893F40
Ameen CNG filling station,31.548594,74.405697,,"GCX4+C7P, Zarrar Shaheed Rd, Al-Faisal Town, Lahore",0101000020E610000076C58CF0F699524026C808A8708C3F40
Pak Asia CNG,31.566578,74.341789,,"H88R+JPM, Allama Iqbal Rd, Muhammad Nagar Garhi Shahu, Lahore",0101000020E61000007C48F8DEDF95524012A27C410B913F40
AR CNG HASCOL Petrol Pump,31.5374734,74.2691066,,"Band Rd, Babu Sabu Kot Kamboh, Lahore",0101000020E6100000D188E30A399152404D7853DB97893F40
Mehmand CNG,31.55314,74.3054948,,"H834+65V, Bahawalpur Rd, Islamia Park Lahore",0101000020E610000047C60F3A8D935240041C42959A8D3F40
Royal CNG,31.4539197,74.2738478,,"F73F+HGG, Main Blvd, Block R, Johar Town, Lahore, Punjab, Block R 1 Phase 2 Johar Town, Lahore",0101000020E61000003845ECB8869152409882DA1434743F40
Mian Younas Sons Filling Station & CNG,31.5944235,74.4804459,,"Main GT Rd, Manāwān Manawan, Lahore",0101000020E6100000D4FF28A0BF9E52404F7974232C983F40
Imran Enterprise CNG Station,31.5755068,74.2004109,,"Khewat No 155, 219-220, Khatooni No 278, Muraba No 39, Jaranwala-Sharaqpur Rd, Village Rana Bhatti, Burj Attari",0101000020E6100000C3503D88D38C524028A0E46954933F40
Gujarat Gas CNG Station,31.5602709,75.1145612,,"H467+4R3, Tangra",0101000020E6100000FED87FF854C752408666E8E96D8F3F40
Cng pump,31.567035,75.066954,,"H388+RQ, Mallian",0101000020E610000087156EF948C45240F7AFAC3429913F40
Shaheed Deep Filling Station Petrol and CNG pump,31.5892231,76.7270912,,"Una - Jahu - Ner Chowk Rd, Lower Bhambla, Jahu",0101000020E6100000674D87A9882E5340398C3853D7963F40
CNG Station,32.2763932,72.9022801,,"7WG2+HW2, Gujrat - Sargodha Rd, College Wali Abadi, Bhalwal",0101000020E6100000395508F5BE3952401C6B35DA60234040
CNG Sukheki North,31.9074569,73.5671779,,"Sukheki Service Area North, Motorway M2,، Hafizabad",0101000020E6100000E5E088A44C64524090076C184FE83F40
Farqadaan CNG,32.1995208,73.0315804,,"622J+395, Kot Momin - Gujrat Link Road, Kot Momin",0101000020E6100000744CCC6905425240966FC7E589194040
Inayat CNG Station,31.7431821,73.8357602,,Jhang Faisalabad Road Jhapal,0101000020E6100000199359187D755240FC789E2E41BE3F40
Gas Line CNG Station,31.7452653,73.845953,,"Khatooni No 400, Khewat No 20, Lahore-Sargodha Rd, Farooqabad",0101000020E6100000FF3C0D1824765240F857EAB4C9BE3F40
Site for CNG Station,32.2636399,73.8374848,,"7R7P+FX5, Gujranwala Rd, Alipur Chatha",0101000020E61000006AB9D85999755240DA35C6F3BE214040
Bhatti CNG Station,32.05802,73.374409,,"395F+6Q3, Hafizabad Rd, Jalalpur Bhattian, Pindi Bhattian",0101000020E6100000FF942A51F6575240C84109336D074040
CNG Station Bimillah CNG,32.3189379,73.0230675,,"829F+H6G, Gujrat - Sargodha Rd, Salam",0101000020E61000006E861BF0794152403BFA04F5D2284040
CNG Station,31.7184165,73.5762663,,"PH9G+9G8, Road, Khanqah Dogran",0101000020E61000005D120C8CE16452402368CC24EAB73F40
Jarral CNG Filling Station,32.0748108,73.7216629,,"3PFC+WMF, Gujranwala Rd, Officers Colony, Hafizabad",0101000020E6100000238F96B92F6E52409DB1796693094040
CNG Station,32.547916,73.4739554,,"GFXF+5H8 Phalia, Road, Mandi Bahauddin",0101000020E6100000CEB00749555E5240427A8A1C22464040
BUtt CNG,32.5989855,73.4901854,,"HFXR+H3W, Mandi Bahauddin",0101000020E6100000827E95325F5F52409CA38E8EAB4C4040
Muneeb CNG filling station,32.0117485,73.0092887,,"2265+MPV, N-60, Sargodha",0101000020E61000003BAEA12F9840524077A38FF980014040
Saahil CNG Station,31.723668,72.9962903,,"PXFW+FG3, Chiniot-Pindi Bhattian Road, Qadirabad",0101000020E61000009CF46338C33F52406729594E42B93F40
Alvi CNG,32.5296152,73.4910108,,Mandi Bahauddin,0101000020E6100000E6FE8FB86C5F524075BB4D6ECA434040
Bismillah CNG Filling Station,32.2767399,72.9031279,,"Khasra No 16/2, Khewat No 55-56, Khatooni No 116-117, Sargodha-Gujrat Rd, Warraich Town, College Wali Abadi, Bhalwal",0101000020E6100000BBA6F6D8CC395240C9FF89366C234040
Auto Gas CNG & Patrol station,32.5624757,73.4726303,,"Khasra No 3746, Khewat No 911/2835, Mandi Bahauddin-Phalia Rd Doctor Town, Janjua Town",0101000020E6100000516628933F5E5240B9252834FF474040
Asif Amir Corporation CNG Station,31.7047383,72.9684738,,"Khewat No 974/965, Khatooni No 2635, Jhang-Chiniot Rd, Chah Tutian Wala, Hussain Abad, Chiniot",0101000020E61000001A828879FB3D524017BDAEBA69B43F40
Makkah CNG,32.0750511,73.7238073,,"3PGF+3G7, Canal Colony, Hafizabad",0101000020E6100000CA86DADB526E5240B10342469B094040
Al-Moqeet CNG,32.2828595,72.9327966,,"7WMM+457, Gujrat - Sargodha Rd, Chak No. 4 S.B. Bhalwal",0101000020E61000007BB482F0B23B524074EE76BD34244040
Zaka Toor CNG Filling Station,32.0402343,72.9475384,,"Khewat No 98, Khatooni No 233-236, Kitta No 12, Sargodha-Lahore Rd Mangni, Bhagtan Wala",0101000020E610000011ED1978A43C5240B756C56526054040
Petrol Pump / CNG,31.9882935,73.0590208,,"X3Q5+8J6, Kot Naja",0101000020E610000029722DFFC6435240715985CD00FD3F40
Shell Petrol Pump Chattha CNG,32.074612,73.7180097,,"3PF9+R6R, Hafizabad Bypass, Officers Colony, Hafizabad",0101000020E61000007DEDF4DEF36D5240D0F1D1E28C094040
FAST CNG filling Station,32.2428433,72.8798424,,"Sargodha - Bhalwal Rd, Chak No.10.NB",0101000020E610000096687F564F385240BFC63F7D151F4040
Khan CNG Station,32.2770878,73.8103846,,"7RG6+R5J, Rasul Nagar Rd, Alipur Chatha",0101000020E6100000A78B5E57DD7352406F8FEF9C77234040
Al Hussnain CNG,32.0803763,73.6813828,,"3MJJ+4FP, Vanike Tarar Rd, Hafizabad",0101000020E6100000A4839AC69B6B5240CEEF45C5490A4040
Sultan Cng Hasscol,32.5923717,73.0409995,,"H2RR+W9X, Road, Mirza Abad Mirzabad, Khewra",0101000020E6100000C0E95DBC9F425240B849FBD5D24B4040
Subhan CNG Station,32.0686207,73.6542342,,"3M93+FMH, Jalalpur Bhattian Rd, Hafizabad",0101000020E61000002F3B1FF9DE695240102A2790C8084040
CNG House 1,31.7439962,73.8490594,,"Khasra No 87/4, Khatooni No 1329, Khewat No 417, Plot 87/4, Lahore-Sargodha Rd, Farooqabad",0101000020E610000021D73CFD567652402959F38876BE3F40
Rapid CNG,31.7134555,72.9917933,,"Khewat 22, Khatooni No 298, Faisalabad-Chiniot Rd Gulistan Colony, Saghar Town, Chiniot",0101000020E610000015F99A8A793F5240BDA60705A5B63F40
Zulfiqar Bhatti CNG Station,31.8627406,73.8609617,,"VV76+39W, Hafizabad Road, Jhabran",0101000020E6100000F3261AFF1977524071EE6591DCDC3F40
Star CNG,31.7151031,72.9827343,,"Khewat No 3138-3112, Jhang_Chiniot Rd Chah Isa Wala, Chiniot",0101000020E610000014CA671EE53E5240AAC42BFF10B73F40
Tufail Brothers CNG,31.7076957,73.3831519,,"Shahkot Sangla Hill Road, Sangla Hill",0101000020E61000009EF98B8F8558524013059F8B2BB53F40
Allah Rakha Gas Station,31.7429637,73.8278149,,"PRQP+XJ, Farooqabad",0101000020E61000000FA958EBFA7452407B9D79DE32BE3F40
Awan CNG Auto Workshop,32.2769497,72.9020562,,"7WG2+QRF, Bhalwal",0101000020E6100000DC89ED49BB3952408A11781673234040
Chatta CNG Station,31.7674614,74.2606652,,"Q786+X7M, Grand Trunk Rd, Kala Shah Kaku",0101000020E6100000244D17BDAE9052403FF1AD5978C43F40
Gujranwala CNG Station,32.152411,74.147617,,Gujranwala,0101000020E61000005AD5928E728952407C46223482134040
mm Goraya CNG Station,31.8264199,74.251348,,Muridke,0101000020E61000008FFAEB15169052407B432B4190D33F40
My (Zia-e-Madina CNG & Filling Station),32.443683,74.1327544,,"C4VM+F4C, Sialkot Wazirabad Rd, Wazirabad",0101000020E61000009B994F0C7F8852404565C39ACA384040
GO CNG Station,31.7689966,74.2603363,,"Q796+H4W, Grand Trunk Rd, Kala Shah Kaku",0101000020E61000008C9D9559A990524036BC0FF6DCC43F40
CNG Station,32.1182851,74.1665246,,"Mohalla Mustaffa Mohalla Mustafa, Gujranwala",0101000020E6100000B0BECB56A88A5240530D56F7230F4040
Bismillah CNG Station,32.1569257,74.1333556,,"Batth Colony 62, Gujranwala",0101000020E6100000432FEDE58888524072B32E2416144040
CNG Station,32.5822911,74.0580103,,"H3J5+W66, GT Rd, Servis Industries Gujrat, Gujrat",0101000020E61000003255D570B68352403DA0C783884A4040
Madina CNG Station,32.2182194,74.1714006,,"N5, Gulshan Colony, Gujranwala",0101000020E6100000F2E0383AF88A5240272D019DEE1B4040
Pak Punjab CNG,32.432388,74.4769255,,"Daska Rd، Addah, Mohabatkhan Industrial Town, Sialkot",0101000020E6100000384888F2859E524068976F7D58374040
KSK CNG Station,31.7191683,74.2699599,,"P799+MX8, KSK Station Rd, Kala Shah Kaku",0101000020E6100000D06EE30547915240E6D1E8691BB83F40
Sunny Star CNG Station,32.1795519,74.2259654,,"Allah Rakha Town, Gujranwala",0101000020E6100000C4C19437768E5240A337818EFB164040
Hascol Petrol & CNG Station,32.1864407,74.149908,,"54PX+JWC Hassan chowk, Bypass Rd, Gujranwala",0101000020E6100000295AB917988952405992F249DD174040
Mehr CNG,32.5036102,74.5232824,,"GG3F+C76, Khadim Ali Rd, Model Town, Sialkot",0101000020E6100000A2A476757DA152404C778D4C76404040
CNG,32.3246627,74.3416097,,"88FR+VJ9, Gujranwala Rd, Daska",0101000020E6100000C55FEEEEDC955240935D1F8C8E294040
MD CNG Station,32.1115353,74.1984541,,"Qazi Town, Gujranwala",0101000020E61000007550D378B38C5240BEECE8C9460E4040
CNG Station,32.1405414,74.0494211,,"42RX+6Q7, حافظ آباد روڈ, Uggo Chak",0101000020E6100000DF0E1EB729835240F55DB642FD114040
Sadiq CNG & Filling Station (GO petroleum),32.4252336,74.5865042,,"Pasrur Road, opposite Sialkot Public School, Sialkot",0101000020E6100000DD7DE94889A552408694FA0D6E364040
Paris CNG,32.4070839,74.1213241,,"G.T. Road N-5, Wazirabad",0101000020E6100000DD6D28C6C3875240349D42531B344040
Shahid & Co CNG Station,32.220119,74.236409,,"66CP+3G9, Gujranwala-Sialkot Rd, Gulberg Town, Gujranwala",0101000020E6100000B9DE3653218F5240361D01DC2C1C4040
Al Makkah CNG Station,31.8180382,74.2515776,,"R792+6H8, قومی شاہراہ, Daoke ۔ ۵, Muridke",0101000020E6100000FF19EFD819905240F3E093F36AD13F40
Ravi CNG Station,31.7071762,74.2719428,,"P74C+VQG, Grand Trunk Rd, Kala Shah Kaku",0101000020E61000007E18C682679152407282DB7F09B53F40
SUPPER CNG FILLING STATION,31.7799312,74.2587124,,"Q7H5+XG7, Ittehad Colony Kala Shah Kaku",0101000020E6100000754474BE8E9052404A213592A9C73F40
Star CNG Station,32.5104277,74.5264343,,"GG6G+5HF, Jail Rd, New Township, Sialkot Cantonment, Sialkot",0101000020E6100000887F7D19B1A152407B3CE3B155414040
Al-Sheikh CNG Station,32.129145,74.0029225,,"42H3+M53, Qila Didar Singh",0101000020E61000000B7BDAE12F80524091B8C7D287104040
Cheema CNG Station,32.4836539,74.5299567,,"FGMH+FX8, Daska Rd, Muslim Colony Hajipura, Sialkot",0101000020E6100000F3B281CFEAA152409B8AF95EE83D4040
Umer CNG Station,32.1995642,74.2159311,,"56X8+R9F, Sialkot Rd, Mafi Wala Bismillah Colony, Gujranwala",0101000020E61000001E2CADD0D18D5240E839D8518B194040
New Bismillah CNG Station,31.8206733,74.251145,,"Khasra No 10/17, Khewat No 76, Khatooni No 125, N5, Model City Housing Colony, Model City, Muridke",0101000020E610000073637AC2129052404D3338A517D23F40
Alfa CNG Filling Station,32.0584081,74.2067704,,"Eminabad, Gujranwala",0101000020E6100000F971EAB93B8D524027A9A7EA79074040
Gondal CNG,32.0668943,74.2062534,,"3684+QG2, Eminabad More",0101000020E610000015EC7541338D5240F8640FFE8F084040
Petrosin CNG Station,31.7535625,74.2626875,,"Shahrah e Pakistan, Kala Shah Kaku",0101000020E61000005A643BDFCF905240F4FDD478E9C03F40
Hascol Petrol & CNG Station,32.2129188,74.2277116,,"Arope More, Sialkot Rd, Aroop Morr, Gujranwala",0101000020E6100000DFBAACD3928E52400E5A59EC401B4040
Sultan CNG Station,32.1536084,74.1476153,,Mian Mir Town Gujranwala,0101000020E6100000E9787187728952400932A770A9134040
CNG Narowal Road,31.8128011,74.262499,,"R776+4XH, Narowal - Muridke Rd, Muridke",0101000020E6100000E50E9BC8CC90524020A79EBB13D03F40
CNG Station,32.0456539,74.2102211,,"Eminabad, Gujranwala",0101000020E6100000775B3343748D5240A9B7ABFCD7054040
Baba Farid CNG,32.0716317,74.2044505,,Gujranwala,0101000020E6100000A7C98CB7158D5240AE6D403A2B094040
CNG GAS STATION,31.9969824,74.1351512,,"X4WP+R32, Kamoke - Tattle Aali Rd, Tatlay Aali",0101000020E6100000F8003851A688524006B0123D3AFF3F40
Nadir CNG Station,32.0482302,74.2085696,,"Eminabad, Gujranwala",0101000020E610000026BC4E34598D5240FBD63D682C064040
Hascol(shaheen CNG filling station),32.2170234,74.2215289,,"Aroop Mor Rd, Aroop, Gujranwala",0101000020E61000009B278D872D8E5240BEBB3A6CC71B4040
CNG,32.338875,74.3751134,,"89QG+G2X, Daska",0101000020E6100000A652A2DB019852404C378941602B4040
CNG Station,31.8433191,74.2486931,,Pakistan,0101000020E61000006ACF7696EA8F52409797B2C2E3D73F40
MS Petroleum & CNG Filling Station- Total Petrol Station,32.5859921,74.0654602,,"Main Rehman Shaheed Rd, opposite New Shahman colony, Adowal Khurd, Gujrat",0101000020E6100000238CFA7F30845240709B04CA014B4040
Al-Abbas CNG Filling Station,32.1977463,74.1639807,,"55X7+3JR, Gujranwala Bypass, Kotli Pir Ahmed Shah, Gujranwala",0101000020E610000036EBE7A87E8A5240D7B331C04F194040
Chaudhry Brothers CNG Station,32.4792065,74.4385763,,Ugoki,0101000020E61000003E5354A2119C5240EBC37AA3563D4040
Ghous Cheema CNG Station,32.1004018,74.190897,,"452R+67P, Block 1 Phase A Wapda Town, Gujranwala",0101000020E6100000E4F90CA8378C5240D2BA57F7D90C4040
Flow CNG,31.9536,74.2267821,,"X63G+CPM, Gujranwala",0101000020E61000005DB41199838E524032772D211FF43F40
MADNI CNG FILLING STATION,32.1396564,74.2146043,,"Sector Y Peoples Colony, Gujranwala",0101000020E61000002F85AC13BC8D5240AB56CB42E0114040
Cng Lng المدینه,31.9498664,74.2271958,,Kāmoke,0101000020E610000078B240608A8E5240BB91C3712AF33F40
CNG Station,32.4449,74.115811,,"C4V8+X83, GT Rd, Miani, Wazirabad",0101000020E610000017618A7269875240C5FEB27BF2384040
CNG,32.2913971,74.3043504,,"78R3+HP5, Gujranwala Rd, Sialkot",0101000020E610000092A1197A7A9352401A530B804C254040
Vario CNG Filling Station,32.4726308,74.5505061,,"Hamza Ghaus, Sialkot",0101000020E6100000E8EFEF7D3BA35240898A822A7F3C4040
CNG Station,32.4825109,74.5572305,,"FHM4+2V5, Shujabad, Sialkot",0101000020E61000005C751DAAA9A3524055BBCBEAC23D4040
Gujrat CNG Station,32.5493651,74.0500902,,"Khasra No 337, Khewat No 2, Bypass Rd, Shaheen Chowk, Gujrat, Punjab",0101000020E610000068B686AD348352402A08799851464040
Cheema CNG Filling Station,32.1874813,74.2243896,,"Khasra No 1684, Khewat No 40, Khatooni No 94, Sialkot Bypass, Vaniawala, Jagna, Gujranwala",0101000020E6100000006432665C8E5240480E2263FF174040
National CNG Station,33.5463931,73.1039721,,"N-5, Islamabad",0101000020E6100000924C987AA74652404AA18735F0C54040
Grace Cng Station,33.5467711,73.1037252,,"G4W3+PGF, Rawalpindi",0101000020E61000005971056FA3465240F0726C98FCC54040
United CNG Station,33.4628107,73.2065893,,"Moiza Bagga Miana, 4 KM GT Rd, opposite Radio Pakistan, Rawat",0101000020E610000007CD53C2384D5240935E8A613DBB4040
Nouman CNG Station,33.5409029,72.9848361,,"Khewat No 261-262, Khasra No 53-54, Khatooni No 442-443, Charki Rd, Haval Ranial, Rawalpindi",0101000020E6100000E45AFE8D073F5240E1E7644E3CC54040
Awan CNG Station,33.5363793,73.0550416,,"1 Adyala Rd, National Town Rawalpindi",0101000020E6100000D9FA33CD854352402DE0AF13A8C44040
Friends CNG Station,33.561004,73.0201531,,"H26C+C32, Chakri Rd, Lalarukh Colony, Dhamial Camp, Shadman Town, Rawalpindi",0101000020E61000006F5A3A304A4152406C76A4FACEC74040
Al Raheem CNG Station,33.455786,73.2174062,,"Khasra No 1336, Khewat No 321, Khatooni No 547 Mankiyala, GT Rd, Islamabad",0101000020E6100000A6BCB1FBE94D5240C2FC153257BA4040
Koral CNG Station,33.5871566,73.1472809,,"H4PW+VW9 revenue estate Pagh, Hussain Abad, Islamabad",0101000020E6100000D434DE0C6D495240B6508DF227CB4040
Attock Petroleum & CNG Station,33.5434558,73.1053622,,"G4V4+94Q, GT Rd, Islamabad",0101000020E610000004CF1841BE46524027E9ABF58FC54040
Maani CNG Station,33.5576728,73.0610927,,"H356+3C8 Khwaja Corporation, Adyala Rd, Rawalpindi",0101000020E61000008F215BF1E843524033EF82D261C74040
Moon CNG,33.5232979,73.1450181,,"G4FW+826, GT Rd, Islamabad",0101000020E6100000FF34FFF9474952406248F36CFBC24040
Shaheen CNG,33.5775629,73.0408386,,"H2HR+28G, Harley Street, Rawalpindi",0101000020E610000086DA80199D4252400371C394EDC94040
CNG Station,32.9467605,72.8592013,,"WVW5+MPR, Chakwal",0101000020E6100000900B7327FD3652408352B4722F794040
CNG Station,33.0003686,73.6656031,,N-5,0101000020E610000070A7BE3D996A524000790A140C804040
Subak CNG Station,33.5669811,73.2568406,,"Kahuta Rd, Miana Thub, Islamabad",0101000020E61000003E528E13705052409DF930D692C84040
Lilla CNG Station,33.5452422,73.053924,,"G3W3+3HV, Adiala Rd, Jarahi Stop, Malik Nazar Hussain Town, Rawalpindi",0101000020E61000000C1EA67D7343524015B3147FCAC54040
Al-Rawat CNG Station,33.4739343,73.1955619,,"Khasra No 2776/2089, Khewat No 885, Khatooni No 1338-1235, GT Rd, Moza Baga Sheikhan, Rawat, Islamabad",0101000020E6100000FE350F16844C5240F1790FE1A9BC4040
Star CNG Station,32.8070432,73.8682186,,"Khasra No 1573, Km 1411+120, N5 City Chowk, Kharian",0101000020E6100000DA31BFE490775240C73A0B314D674040
Al-Karim CNG Station,33.5542274,73.009412,,"H235+PQ3, Chakri Rd, Moza Kotha Khurd, Lalarukh Colony, Mohra Chhappar Shadman Town, Rawalpindi",0101000020E6100000280CCA349A40524008C666ECF0C64040
Safe-Way CNG,33.5398313,73.0540344,,"G3Q3+XGX, Adyala Rd, near Diva Cng, Rawalpindi",0101000020E6100000FA36B34C75435240B86D293119C54040
CNG,33.2433595,73.3172862,,"68V8+8WV, GT Rd, Gujar Khan",0101000020E6100000371EC76A4E545240E0D57267269F4040
Motorway CNG Station,33.5569569,73.0121526,,"H246+QVJ, Chakri Rd Moza Kotha Khurd, Lalarukh Colony, Khayaban e Shifa Shadman Town, Rawalpindi",0101000020E6100000EDE3B21BC74052400A641B5D4AC74040
Rajgan CNG Station,33.5066806,73.1853886,,"G54P+M5C, GT Rd, Rawat",0101000020E610000047832568DD4B52404342EFE8DAC04040
Petropak CNG Station/ Hascol Petrol Pump/electric charging,32.8123362,73.8624636,,"GT Rd, Kharian",0101000020E610000063FF869A32775240AF2DF2A1FA674040
Sajid CNG Station,33.3064626,73.3777312,,Gujar Khan - Bewal Rd,0101000020E610000072AB7BBF2C5852403C399E2A3AA74040
PSO Petrolium & CNG Station,33.5962356,73.3846185,,"H9WM+FVJ, Thana Rd, Kahuta",0101000020E6100000F1BBE9969D585240005BB97251CC4040
RS & Co CNG Station,33.5850048,73.298046,,"Khasra No 232, Khatooni No 537, Khewat No 246, Kahuta Rd, Aliot, Kahuta",0101000020E610000008AD872F135352406300F26FE1CA4040
GO Petroleum & Heera CNG.,32.9805877,73.6807786,,"XMJJ+68J, قومی شاہراہ, ۔ ۵, Jhelum",0101000020E610000044B467E0916B5240102ED3E5837D4040
Spahi CNG,33.4611807,73.1847106,,"F56M+FW2, Islamabad",0101000020E61000005F8E684CD24B5240F0051CF807BB4040
HI-SPEED CNG Station,32.9224614,72.8431953,,"WRFV+269, Kallar Kahar Road, Chakwal",0101000020E610000005696BE9F63552404469143713764040
Askar 1 CNG station,32.8967776,72.8764848,,"VVWG+PJ7, Choa Saidan Shah Road, Sutwal",0101000020E61000003BDCB3531838524087E4BF9BC9724040
Goodwill Gaseways CNG Station,33.5655716,73.0252983,,"H28G+64F Dhamial Camp, Dhamial Rd, Quaid-e-Azam Colony Quaid e Azam Colony, Rawalpindi",0101000020E61000003EC9C27C9E415240F0C572A664C84040
Millat CNG,33.4610333,73.1839877,,"F56M+9HW, Islamabad",0101000020E610000071975874C64B5240F8EEA02303BB4040
OTO Pakistan - Zafar CNG Service,32.9405625,72.8594375,,"WVR5+6Q3, Rawalpindi, Mandra-Chakwal Rd, near Nadra Office, Usmania Mohala Chakwal",0101000020E61000002FDD24060137524008AC1C5A64784040
Ellahi Filling and CNG station,32.7770457,73.8910067,,"QVGR+RC6, GT Rd, Jandanwala",0101000020E61000001541F74006795240AC7FC63B76634040
Fine CNG and Petrol Station,32.7913806,73.8496071,,"Kharian Dinga Rd, Kharian",0101000020E6100000C33C75F65F7652402CD8A1F54B654040
Hascol Petrol & CNG,32.716113,73.9415933,,"PW8R+CJC, Asghar Town Haji Asghar Town, Lalamusa",0101000020E61000007E688B10437C5240C79E3D97A95B4040
Azm International CNG,32.714286,73.9440679,,"Khasra No 316, N5 Village Qazian Karam Shah, Lalamusa",0101000020E610000004EDC49B6B7C5240CEFE40B96D5B4040
Kwik Gas,32.808432,73.8672733,,Aziz Pura Kharian,0101000020E61000006A0CDF67817752401B8524B37A674040
Shree nath petrol diesel and cng pump,25.3013933,72.634315,,"8J2M+HP4, Jalore",0101000020E61000002F17F19D98285240C8BB7E1C284D3940
Cng pump,25.005819,72.296903,,"RJ SH 31, Bhinmal",0101000020E610000065C570750013524007B29E5A7D013940
"CNG Gas filling,petrol pump",25.0203023,72.5570648,,"2HC4+4R7, Ramseen, Bhootwas",0101000020E61000002E701EF3A62352409988128832053940
GRANITE CITY PETROL PUMP AND CNG STATION- Bharat Petroleum,25.2424153,72.6019136,,"SH-31 Bagra Road, Bhinmal - Jalore Rd, Jalore, Dhanpur",0101000020E610000021C19EC085265240CF8CD9ED0E3E3940
Opp CNG pump Sanchore,24.768669,71.779209,,"Nh68, opp. mali samaj hostal",0101000020E6100000EDEF6C8FDEF15140F372D87DC7C43840
"Ambey Gas Service, Ranodar",24.9539513,71.7206326,,"Bus Station, Ranodar",0101000020E61000009D5B32D81EEE5140087A032736F43840
POOJA CNG,25.0087784,72.5497189,,"2G5X+GV9, SWAMI VIVEKANAND CIRCLE, Bhinmal - Jalore Rd, behind SBI BANK, Ramseen",0101000020E61000008F5F2E982E23524045E91C4D3F023940
CNG Pump,24.9267457,72.865737,,"WVG8+M7X, NH 62, Sarneshwarji",0101000020E6100000FA7B293C683752406935C9343FED3840
Gujarat gas CNG,24.9182379,72.8626411,,"G1-20, INDUSTRIAL AREA, Makroda, Sirohi",0101000020E6100000DF2B0483353752409E7296A311EB3840
HP CNG 24*7 Online,25.3203552,73.1774653,,"85CG+4XW, Sanderao",0101000020E610000030EB6A975B4B5240821A63CC02523940
Jai Ganpati Petroleum CNG & EV Charging,24.8286007,73.0058325,,"NH-62, Parlai, Tehsil- Pindwara, Dist. Sirohi, Parlai",0101000020E61000004030478F5F40524055F1EB2C1FD43840
Adani cng,24.6293745,73.7117409,,"313001, Sukher Rd, behind lodha petrol pump, Bhuwana, Udaipur, Sukher",0101000020E6100000702EB4298D6D5240B56FEEAF1EA13840
Adani CNG,24.6074398,73.6987486,,"RK Circle, Adarsh Colony, Pulla Bhuwana, Mahaveer Colony Park, Udaipur",0101000020E61000000D480C4CB86C5240EE49BB2C819B3840
Cng pump,24.6292438,73.7117659,,"Indian Oil Corporation, Ashok Chowk, Adarsh Nagar, Jaipur, Udaipur",0101000020E61000001DBA8F928D6D5240F535261F16A13840
Cng pump,24.71695,72.985997,,"PX8P+PCP, Banas",0101000020E6100000103D29931A3F524001DE02098AB73840
Online CNG Gas Station 24 Hours Open,25.1885016,73.1054903,,Netra,0101000020E6100000E522635AC0465240613E0FA441303940
IGL CNG Station,25.2466268,73.5397905,,"6GWQ+MW3, Desuri",0101000020E6100000410C74ED8B625240305118EF223F3940
Dayma Online CNG Pump,25.1515821,73.0704073,,"Raichand Colony, Sumerpur",0101000020E610000094B99E8D81445240B428A215CE263940
"CNG Gas Bharat Petroleum, Petrol Pump -Chhogala Shyam Filling Station",25.252115,73.7081578,,"CHARBHUJA, RAJ SAMAND",0101000020E610000011DA1775526D5240BFD4CF9B8A403940
"Kisan Service Centre(petrol, CNG, diesel)",25.1953222,73.2763657,,"57WG+5RJ, Road, Falna, Bali",0101000020E61000001DCFC2F9AF515240CA2EBDA200323940
Adani Gas CNG Station,25.302112,74.6346347,,"Chittorgarh Rd, Bhilwara",0101000020E6100000095ADCDA9DA85240AABA4736574D3940
:Adani Gas CNG Station,24.6180864,73.8387116,,"Airport Rd, Dabok, Tulsidas Ji Ki Sarai",0101000020E6100000A7316B73AD755240351A0AE93A9E3840
Adani Gas CNG Station,25.3568183,74.6304017,,"9J4J+P5C, Ajmer Rd, R K Colony, Bhilwara",0101000020E6100000F0355F8058A85240441DB171585B3940
ADANI CNG,25.0195078,74.6376941,,"2J9Q+R34, NH 48, Shivpura",0101000020E61000008A16EAFACFA8524054049376FE043940
Maharana Pratap CNG and fuel filling station BPCL,24.8109223,73.7605616,,"RQ66+966, NH58, Rathujana, Nala Mewar",0101000020E6100000FBA58F0AAD705240DC18969A98CF3840
Bharat Petroleum - CNG,25.3568126,74.6302803,,"9J4J+P5C, Ajmer Rd, R K Colony, Bhilwara",0101000020E610000009F42E8356A85240FDCC0F12585B3940
Modhumati CNG Ltd.,23.850111,89.8635213,,"VV27+2CR, N5",0101000020E610000090B9D7EE4377564048F8DEDFA0D93740
CNG-ADHOC TIRUPATI FILLING STATION,24.8111247,74.6322745,,"Nimbahera - Chittorgarh Rd, Jalampura, Chittorgarh",0101000020E610000010E6762F77A85240527A4BDEA5CF3840
"Bharat Petroleum, Petrol and CNG Pump -Shrinath Filling Station",25.0515831,73.8834456,,"DHOINDA KANKRAULI, RAJ, RAJ SAMAND",0101000020E6100000E3F2695F8A785240BB86CF8C340D3940
COCO Bhilwara CNG,25.3777054,74.6224381,,"Ajmer Rd, Bhilwara",0101000020E610000033D29C06D6A75240C985144DB1603940
CNG ONLINE PUMP (UDAIPUR ECO ENERGY),24.5916205,73.7542382,,"Bheru ki bari, Airport Rd, E Class, Pratap Nagar, Udaipur",0101000020E610000036994C7045705240A724EB7074973840
Jai khajuriya shyam ( JKHASH ) FILLING STATION CNG STATION,25.1177784,74.0406366,,"NHAI 758, Kunwariya",0101000020E6100000520141CA99825240DA2CA8B9261E3940
"CNG Bharat Petroleum, Petrol Pump -Sai Fuels",24.6102306,74.0832912,,"MENAR, UDAIPUR, UDAIPUR",0101000020E6100000DB029DA454855240BA049612389C3840
V-max Petroleum Online(CNG station),24.7656865,73.9537957,,"sh09 dabok road, Mavli",0101000020E610000030A41EFD0A7D52401C7DCC0704C43840
"Bharat Petroleum & CNG, Tejpuriya",25.0017667,73.8463325,,"Rajasthan 313324, India",0101000020E6100000AF42CA4F2A765240CBB84EC873003940
Adinath Petroleum (BPCL) and Adani Gas (CNG) Station,25.1770536,74.2342389,,"56HP+35R, Sahara Rural",0101000020E6100000DDBC27C5FD8E52409AA37D62532D3940
Adani gas store,25.3735005,74.6411964,,"Paldi Road Shed No 1 Sarla Spinners Compound Kothari River Cross, Palri",0101000020E61000000714A05C09A95240268A90BA9D5F3940
Bharat Petroleum and CNG Aaroli,25.0900646,75.2130837,,"36R7+26G, Rasadpura",0101000020E6100000E2B3D029A3CD5240FF863F790E173940
Bharat Cng Petrol Pump,24.9743601,75.5973207,,"JAORA KHURD RAWATBHATA TO, ROAD, Rawatbhata",0101000020E610000053EE99803AE65240FC06DCA96FF93840
Shree viswkarma auto gas mandalgarh,25.1944889,75.0939322,,"387, MDR8, Mandalgarh",0101000020E6100000A5C233FC02C652405DEF4806CA313940
Adani gas,24.9815708,74.7251578,,"NH 27, Baldarkha",0101000020E61000001EDC42FC68AE524064B5543948FB3840
Torrent Gas CNG Station,24.6371647,75.9336764,,"Torrent Gas CNG Station at Raj Filling Station HPCL Station, Udwa Road, near Raj Marriage Garden, Maruti Nagar, Ramganj Mandi",0101000020E610000002C3A85AC1FB524068AACC391DA33840
Gomati filling station and CNG Station,25.26084,75.76908,,"7Q69+8J, Ballop",0101000020E61000007E00529B38F15240187D0569C6423940
Torrent Gas CNG Station,25.1183172,75.8227387,,"Torrent Gas CNG Station at Tanshi Filling Station IOCL Station, opposite to Kota University, Swami Vivekananda Nagar, Kota",0101000020E6100000D46938C0A7F45240E68D38094A1E3940
Shaheed Hemraj Meena CNG Filling Station,25.1546782,75.8742524,,"5V3F+VPC, Kota Industrial Area, Kota",0101000020E6100000C59C56C0F3F75240766792FD98273940
CNG Filling Station-Gail India,25.1294725,75.8653988,,"Sanjay Gandhi Nagar, Indraprastha Industrial Area, Kota",0101000020E6100000D9FFA5B162F752403A3B191C25213940
Jai Chambal Petrol Pump and Cng station,25.2123374,75.8242022,,"Tiraya, Kota",0101000020E6100000A49295BABFF45240B9B76CBE5B363940
"CNG PUMP - Torrent Gas, Bhatia Filling Bundi Road",25.2285283,75.8002795,,"6RH2+C4, Gordhanpura",0101000020E6100000310A82C737F35240E2B5A6D4803A3940
CNG station Torrent Gas,24.941824,75.951902,,NH52,0101000020E6100000CFBF5DF6EBFC52408196AE601BF13840
Mohsin and co. HPCL Petrol & CNG Pump,25.1661811,75.8516797,,"Jhalawar Road, Dhanmandi, Kota",0101000020E6100000B28A92EB81F652409BB635D88A2A3940
"CNG PUMP -Torrent Gas, Nevaji FS Nanta",25.1999915,75.8113068,,"6R26+3GR, Nanta, Kota",0101000020E61000006F415B73ECF352405DFA97A432333940
HP Petrol/CNG Pump - Raj And Company,25.1996759,75.8398479,,"HPC Petrol Pump, Bundi Rd, Kunhari, Kota",0101000020E610000050076811C0F55240A34CB4F51D333940
CNG Kota,25.1992525,75.8601431,,"Unnamed Road, Kota",0101000020E61000005318A5950CF7524070253B3602333940
BPCL Petrol PUMP KOTA (CNG*),25.1294224,75.8043451,,"4RH3+PPV, Swami Vivekananda Nagar, Kota",0101000020E6100000AACCDE637AF35240AD5E8FD321213940
Raj cng filling Station,24.637125,75.9337614,,"Undwa, road, Ramganj Mandi",0101000020E610000019D12CBFC2FB5240C976BE9F1AA33840
CNG pump industrial area kota,25.128512,75.8664672,,"4VH8+CH4, Sanjay Gandhi Nagar, Indraprastha Industrial Area, Kota",0101000020E6100000A1C3D73274F75240C0249529E6203940
BPCL Petrol and CNG Pump - Bedi Brothers,25.1659381,75.8510561,,"Bharat Petroleum, Jhalawar Road, near Aerodrum Circle, Kota Airport Area, Gumanpura, Kota",0101000020E6100000EC2301B477F652400FA958EB7A2A3940
AG&P Pratham CNG Station,25.756175,72.2137431,,"Shaheed Bhanwar Filling Station, Sindhari Road, Asada",0101000020E6100000B90F8AF7AD0D5240840D4FAF94C13940
AG&P Pratham CNG Station,26.0220631,72.5678152,,"Shree Ganesh Filling Station Jodhpur Pachpadra Road Kalyanpur, Taluka, Pachpadra, Barmer",0101000020E6100000FD8A901557245240C9F264EDA5053A40
AG&P Pratham CNG Station,25.7523535,72.2588081,,"D K Petroleum, Khasra No. 3313/2889, Asotra, Pachpadra",0101000020E6100000275CD94F90105240F9872D3D9AC03940
AG&P Pratham CNG Station,25.9002401,71.7332946,,"Gurukripa Filling Station M/s Gurukripa FS, NH25 Baytu, Hemji Ka Tala, Barmer",0101000020E61000005655794CEEEE51403B0C9C2276E63940
AG&P Pratham CNG Station,25.9284773,72.274801,,"Jodhpur - Barmer Rd, Pachpadra",0101000020E61000001EFAEE5696115240119436B0B0ED3940
CNG Station-D K Petroleum,25.7524375,72.2588125,,"near Shri kheteshwar Brahmadham Teerth, Road, Balotra, Jalore",0101000020E6100000F2D24D6290105240B4C876BE9FC03940
Bhart petrol CNG EV Guru kripa,25.8995627,71.7333681,,"VPXM+QP4, Hemji Ka Tala",0101000020E6100000805BC180EFEE51409333B9BD49E63940
Gas station Chamunda Petroleum,25.7268602,72.2758438,,Khetaramji Ki Pole,0101000020E61000007BF3C06CA711524097C3938213BA3940
HP Gas Station Kalyanpur,26.0211294,72.5779159,,"2HCH+F53, Kalyanpur",0101000020E6100000A895F892FC245240EEFB81BC68053A40
AGP CNG Station,26.2995328,72.9945823,,"Khasra No-636, Aakhaliya Choraha to Soorsagar Road, GEWA, Taluka-Jodhpur, State",0101000020E61000008DEB843CA73F52404E147C2EAE4C3A40
AG&P Pratham CNG Station,26.337594,73.145373,,"Auto Service, ajmer road, near police station, Jodhpur, Banar",0101000020E61000002C2E8ECA4D4952406953758F6C563A40
AG&P Pratham CNG Station,26.2185444,72.9558277,,"Kamla Filling Station Pal Gaon Main Road, HPCL Petrol Pump Village PAL Boranada, Jodhpur - Barmer Rd, Phase I, Pal Gaon, Jodhpur",0101000020E61000001907F2472C3D524054B99A86F2373A40
AG&P Pratham CNG Station,26.2730654,73.0346234,,"Basni Filling Station, M I A, Plot NO 111, 2ND Phase Road, near Basni Flying Over, Ratanada, Jodhpur",0101000020E610000049AB1045374252404EAB329DE7453A40
AG&P Pratham CNG Station,26.23445,73.0197622,,"Kishore Filling Station Basni Area, NH 62, Saraswati Nagar, Jodhpur",0101000020E61000009CACACC843415240158C4AEA043C3A40
AG&P Pratham CNG Station,26.2811172,73.4093858,,"Shri vileshwar filling station, Khasra No.220/100 Taluka/Tehsil Bilara, Village, Vishnu Ki Dhani",0101000020E6100000989C7F60335A5240D557FC4BF7473A40
AG&P Pratham CNG Station,26.1094917,73.0606686,,"K K Travles, Kankani Rd, Khasra No-174/1, Jodhpur, to, New Pali Rd, Mogra",0101000020E610000039398DFEE1435240F6AEE6A5071C3A40
CNG,25.7597814,73.3494965,,"Q85X+WQ9, Pali",0101000020E6100000416491265E565240EE1BA90881C23940
AG&P Pratham CNG Station,26.2644188,73.2001639,,"Surendra godara filling station Khasra No-52/3 Choka to, NH25, Jodhpur",0101000020E6100000C0153F7CCF4C5240947252F3B0433A40
AG&P Pratham CNG Station,26.2095409,73.1009024,,"Khasra No. 929/1, AL Kuber Fuel Station, to, Sardarsamand Road, Jodhpur, Jhalamand",0101000020E6100000A005572F75465240A6ACF078A4353A40
AG&P Pratham CNG Station,26.3334842,73.0478117,,"Omkar Singh Tak & Sons, Lal Sagar Rd, near Panchayat Samity, Mandore, Jodhpur",0101000020E61000006FF7CD580F43524094BB74385F553A40
M/S. A. Rahman CNG & Filling Station,23.8715144,89.9824637,,"VXCJ+JX4, N5",0101000020E610000075406DAFE07E564039FE55911BDF3740
AG&P Pratham CNG Station,26.4336266,73.0394752,,"COCO AGP COCO, K5/2 & K5/3, Mathania Main Road, opp. Tejas Hotel, Daijar, Jodhpur",0101000020E61000003240FDC286425240F9AC2127026F3A40
CNG Pooja Shree Filling Station,26.3834928,73.0672856,,"93M8+9RM, Nehru Nagar, Daijar",0101000020E610000079DF42684E44524060408A952C623A40
AG&P Pratham CNG Station,26.134351,73.054708,,"Supreme Motors, Pali to Jodhpur Road, Mogra, Taluka, Jodhpur",0101000020E610000018B5FB5580435240552FBFD364223A40
AG&P Pratham CNG Station,26.0625636,72.7664393,,"Sainik and shekawat filling station, Plot No-186/102,100 Jodhpur to Barmer Road, Gelaewas, Taluka, Luni",0101000020E6100000A0F76B570D31524087EB072B04103A40
AG&P Pratham CNG Station,26.3834971,73.0669228,,"Pooja Shree Filling Station, Near KM Stone, 232 Nagaur, Road, Mandor, Jodhpur",0101000020E6100000D556917648445240609CAEDD2C623A40
IGL CNG Pump,25.7855301,73.2604532,,"Q7P5+2M7, Pali",0101000020E6100000DE08E643AB5052400B86298018C93940
AG&P CNG COCO PUMP,26.4330886,73.0386158,,"C2MQ+3F9, SH 61, Manaklao",0101000020E6100000F88667AE784252403B45FDE4DE6E3A40
AG&P Pratham CNG Station,26.1309017,72.9838571,,"Tehsil Luni, AG&P COCO, Salawas Road, 861/111, Village Salawas, Jodhpur",0101000020E6100000FE1BC583F73E5240A57D18C682213A40
CNG Gas station - Petrol - Diesel | 24x7 Open | Sharma Petroleum Jadan,25.839471,73.4836594,,"NH162, Pali, Talka",0101000020E6100000CA598E46F45E5240BFF04A92E7D63940
CNG station,25.9424924,73.7153509,,"WPR8+X4X, Sojat",0101000020E6100000822A244FC86D524082BA922E47F13940
AG&P Pratham CNG Station,26.1884456,73.7079044,,"Bilara Cooperative Marketing Society Ltd Jaipur to Jodhpur Road, Bilara, Jodhpur",0101000020E610000073AC414E4E6D52403A1389F83D303A40
AG&P Pratham CNG Station,26.2716154,72.9768138,,"Raj Automobiles, to, Chopasani Rd, 2nd Puliya, Suthala, Chopasni Housing Board, Jodhpur",0101000020E61000000452071E843E524008173C9688453A40
CNG PUMP SOJAT,25.931583,73.696789,,"WMJW+JPM, Sojat",0101000020E61000009ACDE330986C5240738236397CEE3940
Cng pump,25.9392082,73.1566509,,"W5Q4+MJ9, National Highway 65, Rohat, Danasani",0101000020E6100000E5187F91064A52409122D7F26FF03940
SUV CNG SOLUTIONS,26.2070957,72.9508083,,"6X42+Q8X, Phase I, Pal Gaon, Jodhpur",0101000020E6100000FC500E0BDA3C524069A44A3904353A40
PALI FILLING STATION ONLINE CNG,25.711262,73.321974,,"village ramasiya post hemawas, National Highway 14, district pali",0101000020E6100000630AD6389B54524037E3344415B63940
Bharat Petroleum Gas Station,26.2807509,73.0190078,,"State Highway 16, Jodhpur",0101000020E61000009CD77D6C3741524094D27D4ADF473A40
SHREENATH CNG STATION,26.1460442,74.3579064,,"NH8, AJMER ROAD, Sarmaliya, Beawar",0101000020E6100000DDC13EF0E79652403EC5162763253A40
IGL CNG & LÑG Filling Station,26.4384781,74.6964489,,"CMQW+9J, Ratanzila, Ajmer",0101000020E61000007335689E92AC52402183CB1940703A40
CNG STATION ASIND,25.7545625,74.3341875,,"Pratappura, Asind",0101000020E6100000D9CEF75363955240BA490C022BC13940
ONLINE CNG STATION 24 HOURS,26.1462459,74.3579474,,"NH8, Beawar, Sarmaliya",0101000020E61000000C2C369CE896524091AC0D5F70253A40
CNG PUMP BPCL MAHAKALIKA FILLING STATION,26.0847376,74.6795195,,Kheri,0101000020E6100000A25F5B3F7DAB5240D5BD045DB1153A40
Adani CNG Pump Gulabpura,25.89994,74.6319231,,"29 Mill, Gulabpura",0101000020E61000009005966D71A85240BC5CC47762E63940
INDRAPRASTHA GAS LIMITED CNG MOTHER STATION,26.2639152,74.489489,,"7F7Q+HQ, Daulat Khera",0101000020E61000001DB0ABC9539F5240D4EA50F28F433A40
CNG,26.3272673,74.5593142,,"KH.No .5409, NH 8, Saradhana",0101000020E61000000F4CC9CDCBA35240DB8C2ECAC7533A40
HP Petrol Pump & CNG ON LINE Station CNG Available 24hours : Sai Kripa Highway Services,26.2536364,74.4881413,,"raj, Vill:daulatkhera Mangliawas, Kota",0101000020E6100000ECD401B53D9F52403F13AB50EE403A40
CNG Naitik filling station bpcl,26.0199879,73.9165439,,NH162,0101000020E61000004AF6BEA7A87A5240D3D050ED1D053A40
"Bharat Petroleum, Petrol & CNG Pump -Ghanshyamlal Filling Stn",26.2968726,74.5321886,,"ARJUNPURA, BEAWER ROAD, Ajmer",0101000020E61000007513C6600FA252401814BCD7FF4B3A40
Cng mangaliyawas,26.2537752,74.4878897,,"7F3Q+H86, Daulat Khera",0101000020E61000008963B895399F52402E895869F7403A40
CNG Outlet,26.2026086,73.8294651,,"NH 112 BAR-JODHPUR, Prathvipura, Jaitaran",0101000020E6100000186BC9F4157552406BE33E28DE333A40
BHARAT PETROL PUMP & CNG ONLINE FILING,26.2112054,74.4527776,,"Teh.-masuda, Vill-Kharwa, NH-8, Distt, Ajmer",0101000020E61000002117E64EFA9C524015BD9D8E11363A40
Igl CNG pump,26.1898494,74.7141392,,"5PQ7+WMJ, Ajmer Rd, Bandanwara",0101000020E6100000AA32E774B4AD52404C2A64F899303A40
"Bharat Petroleum and CNG, Petrol Pump -Ratan Trading Compay",25.7215795,74.072961,,"BHIM, RAJSAMAND, RAJ SAMAND",0101000020E61000008B389D64AB845240CBF6216FB9B83940
CNG Station Arihant Shree Nagar Ajmer,26.4618159,74.8030657,,NH 48,0101000020E61000008582AD6D65B35240D7451B9139763A40
CNG Kekri Filling Station ( Bharat Petroleum Corporation Ltd.),25.97498,75.1460361,,"Ajmer Rd, near UCO Bank, Raghu Colony, Kekri",0101000020E61000004462CCA758C952400B410E4A98F93940
Omkar Bharat Petroleum & CNG Station,25.622949,75.261331,,"J7F6+5GG, Jahazpur",0101000020E6100000959BA8A5B9D052406E13EE95799F3940
CNG pump/ yash petroleum ( HPCL),25.968434,75.6539942,,"XM93+5JV, Ranipura",0101000020E610000084317D0ADBE952409F55664AEBF73940
"JODHANA FILLING STATION, BPCL Petrol Pump and CNG Station.",26.1933457,74.8775416,,"State Highway 26, 12 Meel Chauraha, Sarana",0101000020E61000004A383EA429B852407D52921A7F313A40
Cng HPCL Petrol Pump(Vijay Motors -WSA)cng pump,25.8021305,75.4354723,,"Gopipura, Deoli",0101000020E610000017B435C7DEDB5240C79FA86C58CD3940
HP FILLING STATION \ CNG STATTION,26.0171081,75.6909045,,"NH-52, BYE PASS AMIRPURKHEDA, Chhan, Tonk",0101000020E6100000310A82C737EC524028FF493261043A40
HP CNG PETROL PUMP - SURASHAHI SERVICE STATION,26.3014902,75.3673186,,"Brijlalnagar, dt:, Malpura",0101000020E61000009A8DDF2582D75240831035762E4D3A40
CNG STATION/ Sushil Filling Station,26.3992574,75.9412359,,"Tonk Rd, Chainpura, Aliyabad",0101000020E61000008D1480353DFC52409DAFA3BB35663A40
CNG Pump,26.3993252,75.941235,,"9WXR+PFQ, Niwai, Aliyabad",0101000020E610000070B6B9313DFC5240FA77222D3A663A40
HP CNG / PETROL STATION - DIKSHA FILLING STATION,25.87007,76.557,,"Village Pali Tehsil Khandar Road, Kota",0101000020E6100000CFF753E3A5235340103B53E8BCDE3940
CNG STATION/Choudhary Ramjeevan Petrolium HP,26.393435,75.898926,,"Palai Rd, Vanasthali, Aliyabad",0101000020E61000008BE1EA0088F952400D1AFA27B8643A40
Petrol Pump and CNG - Maa Kuldevi - Bharat Petroleum,25.7006926,76.6844178,,"Jat Kheda, Sheopur, SH-6, Pali Road, Sheopur, Sheopur",0101000020E610000038F35080CD2B5340998C199760B33940
HPCL - DIKSHA PETROLEUM / CNG STATION,26.3157876,75.9081957,,"HP Petrol Pump Village Pahari Newai, Kota",0101000020E61000008A77DBE01FFA52407A7BC674D7503A40
Ag&p pratham cng pump,26.9308901,71.8830544,,"Sanakara phata, Jaisalmer - Jodhpur Rd, behind Devpal Batteries, Pokhran",0101000020E6100000B1259AF683F8514090AB47D04EEE3A40
Trilochan CNG Station,26.9308017,71.8864661,,"NH.11, Jaisalmer - Jodhpur Rd, near Trilochan hotel, Pokhran",0101000020E6100000D0204FDCBBF85140AB8F2C0549EE3A40
CNG NEW PUMP,26.9304797,71.8829458,,"WVJM+963, Sanakara phata, Jaisalmer - Jodhpur Rd, behind Devpal Batteries, Pokhran",0101000020E6100000FFC8192F82F851408617E9EA33EE3A40
CNG PRATEEK FILLING STATION,26.6804966,73.0110096,,"M2J6+5CR, Newra",0101000020E61000004AFC9B61B4405240090A720635AE3A40
AG&P Pratham CNG Station,26.7416247,72.8955687,,"Jagdamba Petrol Service, osian, chadi choraya, to, phalodi road, Osian",0101000020E61000008F7461FF50395240E367C81DDBBD3A40
AG&P Pratham CNG Station,26.631861,72.9677187,,"Prateek Filling Station HPCL Petrol Pump, Village Newra, Road, Osian",0101000020E6100000920E6A1AEF3D52402C9E7AA4C1A13A40
CNG filling station,23.6394163,90.2538515,,J7Q3+QGH,0101000020E610000098A25C1A3F905640820761C9B0A33740
HP CNG PETROL PUMP - PRATEEK FILLING STATION,26.6310539,72.9685474,,"HPC Petrol Pump Village Newra Jodhpur Road, Ossian, Jodhpur",0101000020E61000000EE83BAEFC3D5240658396BF8CA13A40
Torrent CNG,26.867208,75.6856265,,"VM8P+G9W, Bhakrota, Jaipur",0101000020E610000057B1F84DE1EB52405FD4EE5701DE3A40
Igl cng pump kishangarh,26.6058949,74.8557162,,"JV44+974, Tukda Rd, टुकंडा गांव, RICCO Industrial Area, Kishangarh",0101000020E6100000136AE10DC4B652402D509CED1B9B3A40
CNG Outlet,26.5843863,74.8263362,,"HRMG+JGP, Kishangarh, Kishangarh Rural",0101000020E61000000FA03AB1E2B45240FEBA2E579A953A40
Jain Filling ceneter (Nayara CNG Diesel petrol pump)),26.5842037,74.8262229,,"HRMG+JGP, Kishangarh, dhar",0101000020E610000034AD03D6E0B45240C3B3A95F8E953A40
CNG pump,28.0208174,73.3712633,,"BIKANER-DUNGARGARH ROAD, near AKASHWANI, Bikaner",0101000020E61000001FED24C7C25752401030044A54053C40
HP PETROL PUMP - SARAN PETROLEUM CNG Pump,28.025089,73.2671165,,"NH- Bikaner, 15, Jaisalmer Rd, Antyodaya Nagar, Jodhpur",0101000020E610000035EECD6F18515240467D923B6C063C40
HP PETROL PUMP - SHARMA TRAVELS CNG PUMP,27.93651,73.28756,,"Udai Ramsar Bikaner, NH89, Jodhpur",0101000020E6100000D1E80E626752524080608E1EBFEF3B40
HP PETROL PUMP - MAHALAXMI FILLING STATION - CNG Pump,28.159023,73.37923,,"Husansar, NH- Bikaner Road Bikaner, 15, Sri Ganganagar, Dhobi Talai, Jodhpur",0101000020E610000060EAE74D45585240D34F38BBB5283C40
Mas Finance & Petroleum CNG pump,28.1889508,73.1909297,,"RJ SH 3, Badrasar",0101000020E610000072553431384C5240948D62145F303C40
CNG KING,28.029,73.322607,,"Kirti Stambh, circle, Hanuman Hatha, Bikaner",0101000020E61000007C9DD497A55452408195438B6C073C40
CNG Pump - Shaheed Ganpat Singh Dhaka Filling Station,27.5796616,75.1992816,,"Jaipur Rd, Sikar",0101000020E610000074AC9C07C1CC52403EBFDEB364943B40
Alwar CNG Station,27.5874048,76.640774,,"CNG Station, 200 Ft Rd, opp. Sadar Thana, Ranjeet Nagar, Daudpur, Alwar",0101000020E61000002288F370022953407083352960963B40
Indraprastha Gas Limited CNG Station,28.1921555,76.613116,,"5JR7+V69, Kayasthwara Mohalla, Rewari",0101000020E6100000E129E44A3D2753401C3F541A31313C40
Kanishk CNG filling station,27.6386719,76.663465,,"Bhiwadi - Alwar Rd, Chirkhana",0101000020E61000009A42E735762A5340CA5F6B0080A33B40
Indraprastha Gas Limited CNG Station,28.1763258,76.6110481,,"5JG6+G9X, Chandpur Ki Dhani, Rewari, Dhaliawas",0101000020E61000001C727D691B275340E87008B0232D3C40
Torrent Gas CNG Station - DODO Alwar CNG sation,27.5874796,76.6409394,,"HJPR+VFJ, Ranjeet Nagar, Daudpur, Alwar",0101000020E6100000F16DB026052953403211251065963B40
CNG pump Jaipur road,27.5725182,76.0738152,,"H3CF+VJ, Paota",0101000020E6100000A77C6363B9045340635D818D90923B40
HP PETROL PUMP & CNG DHINGRA FILLING STATION,28.1763364,76.6109581,,"Bawal Road, Chandpur, Rewari, Dhaliawas",0101000020E61000007CAE00F0192753402918DF61242D3C40
Torrent Gas CNG Pump,28.1053821,76.6961215,,"4M3W+WM7, Beeranwas",0101000020E6100000B82231418D2C534074154152FA1A3C40
Kotputli cng pump,27.5720967,76.0740627,,"H3CF+VJ, Delhi - Jaipur Expy, Bawadi, Paota",0101000020E61000009F967A71BD04534047A6E8ED74923B40
Petrol Pump And IGL CNG Filling Station,28.204219,76.6924523,,"Haryana 123401, India",0101000020E61000008FA27323512C5340C93846B247343C40
Cng Pump Rps School Rewari,28.204607,76.692941,,"6M3V+R5W, NH919, Baliar Khurd",0101000020E6100000AF433525592C53405D88D51F61343C40
Sk Cng,27.5825378,76.0757174,,Paota,0101000020E61000003E2FCB8DD80453400DAF7F3221953B40
Rao Inder Singh petrol pump CNG,28.2361527,76.6995204,,"Unnamed Road, Gokalpur, Janti",0101000020E6100000A13836F1C42C5340B35CDB80743C3C40
HCG CNG Station,28.6092386,76.6727676,,"Ravi Bhushan, Jhajjar",0101000020E6100000BDF3D59F0E2B5340F975960FF79B3C40
Haryana City Gas CNG Station,28.5956411,76.6601725,,"HMW6+64R, NH-71, Jhajjar Rewari Rd, Bhatti Gate, Jhajjar, Jhajjar",0101000020E6100000FD4D2844402A53404AA764EF7B983C40
Adani CNG Pump (Inaya Enterprises),28.5937138,76.1930202,,"H5VV+C6, Kheri Bura",0101000020E6100000EA9D65715A0C5340132FAAA0FD973C40
HCG CNG PUMP,28.5930649,76.7161587,,"HPV8+6F, Bazidpur Tappa Haveli",0101000020E6100000BCCF4C8BD52D5340D0E7ED19D3973C40
HP Petrol Pump & HP CNG Station - M/s Durga Fuels,25.509561,88.1657706,,"G558+R6, Kukrakunda",0101000020E6100000DA684AFC9B0A56402B51F69672823940
HP Petrol Pump & HP CNG Station - M/s Roy Auto Fuels,25.3518409,88.3461335,,"982W+PF, Patara",0101000020E610000033A31F0D271656402CE5C63E125A3940
CNG Station- Star Point Gaisal,26.179169,88.0853289,,"Siliguri Rd, NH, Gaisal",0101000020E6100000D5B958077605564000750305DE2D3A40
CNG Station,26.1785223,88.0851051,,Gaisal,0101000020E6100000434EA95C72055640511B30A3B32D3A40
COCO MATIGARA CNG PUMP,26.7265334,88.3876575,,"P9GQ+J37, Paribahan Nagar, Matigara, Gaurcharan",0101000020E610000025236761CF185640A273C817FEB93A40
K.G.N GAS SALES & SERVICE,26.327311,88.3817494,,Lakhipur,0101000020E6100000211109956E185640FE9E58A7CA533A40
"Kunlun Energy Tibet Co., Ltd. Lhasa Natural Gas Station",29.623378,91.010537,,"J2F6+963, Linqionggang Rd, Doilungdêqên District, Lhasa",0101000020E6100000789961A3ACC05640BF0B5BB3959F3D40
AG&P Pratham CNG Station,8.7291753,76.8121977,,"Vishnu Fuels NH 66, Kochuvila, near to Maruti Genuine Parts, Alamcode, Trivandrum",0101000020E6100000BBD80F0CFB3353401B1A057756752140
AG&P Pratham CNG Station,8.8397103,76.7373391,,"Udayagiri Fuels Power House, Jn, Kollam-Ayoor Rd, near 110 KV Substation, Ayathil, Kollam, Parakulam",0101000020E6100000F9235690302F53408C3A2982EEAD2140
AG&P Pratham CNG Station,8.9928125,76.7936875,,"COCO Kottarakara, Melila, Kollam",0101000020E61000009EEFA7C6CB325340B81E85EB51FC2140
AG&P Pratham CNG Station,8.8229387,76.7519308,,"K.V Fuels IX 151, Paravur - Parippally Rd, Parippally, Kalluvathukkal",0101000020E6100000BAB65CA21F305340BB39A63858A52140
AG&P Pratham CNG Station,8.794031,76.7818513,,"ABV Fuels, Navaikulam, Trivandrum",0101000020E610000072F508DA093253403605323B8B962140
AG&P Pratham CNG Station,8.7737774,76.7872995,,"Rumeeza Fuels Near Navaikulam Juma Masjid Near Petrol Pump Navaikulam, Kallambalam",0101000020E61000000F2A711D6332534090C4268D2C8C2140
AG&P Pratham CNG Station,9.3739541,76.3595449,,"P.O, Gabis Fuels, HPCL Dealer, Payalkulangara, Ambalapuzha, Alappuzha",0101000020E610000064BC9CC80217534005696BE976BF2240
AG&P Pratham CNG Station,9.3684375,76.5136875,,"&, Badra Fuels",0101000020E61000004C378941E0205340713D0AD7A3BC2240
Supplyco Indian Oil Petrol Pump and CNG,9.3800983,76.5603669,,"9HH6+V5Q Muncipal Park Ambily, Junction, Thiruvalla, Kavumbhagom",0101000020E6100000B350210DDD235340C8878F3E9CC22240
Bharat Petroleum Gas Station,8.7263091,77.7287489,,"Trivandrum Rd, Murugankurichi, Kokkirakulam, Tirunelveli",0101000020E6100000BE1F6DD2A36E53400B934EC9DE732140
AG&P Pratham CNG Station,9.3451127,78.9103899,,"1st FLOOR, Kuyavankudi, COCO Station AG&P Pradham, Kuyavankudi, 48, Madurai Dhanushkudi Road",0101000020E6100000F5C6FFD343BA534057DE9F9CB2B02240
AG&P Pratham CNG Station,9.3594939,78.8437929,,"Senthil Filling Station, Mandapam Road, near GSM Mall, Kadampa Nagar, Ramanathapuram",0101000020E61000003586EFB300B6534016399F950FB82240
AG&P Pratham CNG Station,9.3526173,78.8761232,,"Marakayar Brothers ECR Junction, Pattinamkattan, Ramanathapuram",0101000020E610000014D10A6712B85340F50137418AB42240
AG&P Pratham CNG Station,9.236155,78.7686093,,"Haji MAS Oil Company, NH 32, Keelakarai",0101000020E6100000B1B90FE530B15340E292E34EE9782240
AGP CNG GAS FILLING STATION ⛽,9.520972,78.5996254,,"GHCX+CRH, Paramakudi",0101000020E610000075B6364360A6534070438CD7BC0A2340
GMR Enterprises (Aegis Autogas),9.518814,78.611801,,"GJ96+GPF, Kochi - Madurai - Dhanushkodi Rd, Saraswathi Nagar, Kalayur",0101000020E61000003FAA61BF27A75340F56915FDA1092340
CNG & LPG Station,23.6683191,90.2997453,,"M79X+8VH, Keraniganj",0101000020E61000004D28E9062F935640CBCAE5F516AB3740
AG&P Pratham CNG Station,9.2845452,79.2933867,,"HP Fuels, 380, 2AB Semmamadam, near BUS Stand, Rameswaram, Ramanathapuram",0101000020E6100000356502D9C6D25340B27790E8AF912240
Indian Oil Avaran Petroleum Petrol & CNG station,10.3515319,76.2043567,,"Irinjalakuda Kattoor Rd, Irinjalakuda",0101000020E6100000FCCD1F2E140D534061003CFDFBB32440
HP Petrol and cng bunk sk fuels.,10.310327,77.9452508,,"NH 44, Alamarthupatti",0101000020E6100000242136FD7E7C5340AF21382EE39E2440
Megha Gas CNG station,10.3104062,77.9451745,,"8W6W+53Q, opposite to K S Limra Medicals, Vellodu, Alamarthupatti",0101000020E6100000D7A02FBD7D7C534086F3BA8FED9E2440
MeghaGas CNG station,10.4435625,77.5306875,,"SF, 167, CGVJ+C7R, 1C3, Palani Bypass Rd, MGR Nagar, Sivagiripatti, Palani",0101000020E61000005839B4C8F6615340C976BE9F1AE32440
Sree Ambal Auto Gas,10.1807236,77.7786695,,"5QJH+7FM, Batlagundu Bypass Rd, near Ajfan Dates, A Pirivu, Pattiveeranpatti",0101000020E6100000223999B8D5715340143BBFCD875C2440
Prince Fuels Centre (NO CNG IN PDKT),10.382953,78.801799,,"8618/5A, 622002, Vayalogam - Annavasal Rd, Kudumiyamalai R.F",0101000020E6100000CBBDC0AC50B3534068CF656A12C42440
"JIO Petrol, Diesel, CNG & EV Charging.",10.4899303,78.5800364,,"Thalinji, pudukottai",0101000020E6100000551FFE501FA5534091A3EF24D8FA2440
Go gas,10.021228,78.3291318,,"28CH+FMR, Karuthapuliampatti, Melur, Surakkundu",0101000020E6100000B644D37E10955340DC847B65DE0A2440
Harish super gas company,10.0347981,78.3440423,,"9,municipalcomplex,santhaipettai., Melur-Singampunari Rd, Melur",0101000020E610000033BCFEC90496534006ED7A0ED1112440
HP Petrol Pump& CNG,10.5315557,79.652558,,"East Coast Rd, Pamani",0101000020E6100000902FA182C3E953403901971128102540
Adani Total Gas CNG,10.531819,79.6523833,,"GMJ2+RCH, Sundharapuri",0101000020E6100000387DE2A5C0E9534069C878944A102540
Bharat Petroleum CNG and Petrol Pump -Highway Petroleum,11.3522885,76.2977022,,"SH-39 EDAKARA MLPRM, MALAPPURAM",0101000020E6100000A03C878D0D135340888384285FB42640
PARAYIL FUELS CNG ONLINE FILLING STATION PETROL PUMP WALAYAR,10.8164869,76.8012491,,"NH 47, Salem - Kochi Hwy, Pudussery East",0101000020E6100000C41C4EAA473353408F392A920AA22540
CNG,10.8173828,76.8098479,,Pudussery East,0101000020E6100000FE4E498CD433534036A094FF7FA22540
"Ramcorporation, BPCLdealer CNG station",11.3336352,77.4133389,,"8CM7+F84 Kummi pannai, po, nichampalayamvillage, Getticheviyur, நம்பியூர்",0101000020E6100000896A0025745A5340BE96A13BD2AA2640
RVR Petrol & CNG Pump,11.3777284,77.9099264,,"Dealer:Bharat Petroleum Corp Ltd, Namakkal Main Rd, Tiruchengode",0101000020E61000001771F03B3C7A5340738AE99D65C12640
Bharat Petroleum CNG,11.3953832,77.6517105,,"9MW2+5M4, NH544, Nadupalayam, Chithode",0101000020E61000006DFDF49FB569534091C6B2AA6FCA2640
Petrol and CNG BUNK - BPCL - Shri Senthur Murugan Agency,11.395414,77.6516837,,"SF 2/5B, NH 47, SALEM to COIMBATORE ROAD, 2/5B, Chithode",0101000020E610000086B58C2FB5695340D7C22CB473CA2640
(SKM) PORNA ENTERPRISES Fuel Station and CNG - BPCL,11.323697,77.7478459,,"8PFX+F4W, Karur Bypass Rd, near Solar, Perumparappu, Sakthi Nagar, Erode",0101000020E6100000A7BC0CB5DC6F53406AA0F99CBBA52640
HP PETROL PUMP - J K FUELS CNG,11.3650277,77.7093437,,"Hpcl Dealers R.S NO.6/10 (OLD S.f.no.9/1) Erode, Coimbatore",0101000020E6100000EA471EE3656D5340A94423E9E4BA2640
"Bharat Petroleum, Petrol Pump -Shri Kannan Departmental Stores CNG",11.3536231,77.7157274,,"9P39+R97, Bhavani Main Rd, Erode",0101000020E610000079F64B7ACE6D5340643843160EB52640
Megha Gas CNG Station,11.3719539,78.7939758,,"S F NO. 73/14 A2B, Attur - Perambalur Rd, Venbavur, Veppanthattai",0101000020E610000030B4DF7FD0B25340433DD8BD70BE2640
CNG STATION,11.163399,79.0567013,,"11°09'48.0""N 79°03'24.3""E Jeyalakshmi Agency Ariyalur, to, Perambalur Rd, Allinagaram",0101000020E610000001497DFEA0C35340F165A208A9532640
"CNG Gas Station , Kumaramangalam",11.4211697,79.0097863,,"C2C5+FX7, Road, Kumaramangalam, Panruti",0101000020E6100000BA9CB756A0C05340DC210F8EA3D72640
IRM CNG Station- BPCL OSTS,11.0326718,78.8076555,,"2RM5+336, Chennai - Theni Hwy, Siruganur",0101000020E6100000CFBBB1A0B0B35340BE00B15BBA102640
CNG BPCL station,11.0320004,78.8079025,,"2RJ5+R47 Kids park, Chennai - Theni Hwy",0101000020E6100000D3F6AFACB4B35340F7EA3E5B62102640
IRM Energy Private Limited (CNG PUMP),10.8165609,78.7783111,,"RQ8H+J8F, Rd to Kalanani Via Natarajapuram, Natarajapuram",0101000020E610000048275CD9CFB153407962314514A22540
"SREE KRISHNA AGENICES, HP Petrol pump + CNG Bunk",10.6946986,78.734693,,"NH336, Mathur",0101000020E610000068E6C93505AF53406B27EF88AF632540
Megha Gas CNG station,11.1341875,79.0708125,,"43MC+M83, SH27, MIN Nagar, Ariyalur",0101000020E610000079E9263188C4534062105839B4442640
MeghaGas CNG station,10.6945625,78.7345625,,"MPVM+RRJ, NH336, Mathur, Sooriyur",0101000020E61000008D976E1203AF5340560E2DB29D632540
MeghaGas CNG station,10.7376875,79.1051875,,"P4Q4+33C, AVP Azhagammal Nagar, Thanjavur",0101000020E6100000AC1C5A64BBC6534004560E2DB2792540
Adani Total Gas Ltd,11.4212008,79.0098358,,"C2C5+FWP, NH 38, Ramanatham",0101000020E61000001FD55526A1C053401B199AA1A7D72640
TN cluster Megha Gas,10.700688,78.736458,,"Megha Gas, 185/3A, Outer Ring Rd, Kulathur Village, Mathur",0101000020E61000002A38BC2022AF53403866D993C0662540
Torrent Gas CNG Station,10.7636777,79.7245394,,"HPCL (manickam filling station),Kilvelur, Kurukkathi",0101000020E610000076EA80DA5EEE5340775E74C300872540
Torrent Gas CNG Station,10.7575866,79.8138065,,"M/S Kavie Agency, IOCL Station Nagapattinam - Thiruvarur Road, Taluka, Poravachery, Nagapattinam",0101000020E61000006CB1DB6715F4534092C60D64E2832540
Torrent Gas CNG Station,10.9556647,79.8249148,,"M/s. Priyanka Agencies, Survey No, S.NO.62 5, Bharathiyar Street Keezhakasakudy",0101000020E610000021FF7167CBF4534020E230E24CE92540
MeghaGas CNG station,10.9677496,79.3736762,,"X99F+3F3, Valayapettai Agraharam, Kumbakonam",0101000020E6100000CA92944FEAD75340256F25E07CEF2540
H P Petrol and CNG Pump,10.7603026,79.6424448,,"Bypass Road East, Thiruvarur",0101000020E61000000F5FCBD01DE95340A620E46146852540
Indian Oil Petrol & CNG Bunk,11.3792942,79.6862023,,"9MHP+PF8, SH 212, Sakunthala Ammal Nagar, Chidambaram, C.Thandeswaranallur",0101000020E6100000293C0DBDEAEB5340FE1F71D932C22640
ADANI CNG,11.5438609,79.5568782,,"GHV4+VM4, Kumbakonam - Chennai Rd, next to IIFL Samasta, venkatakuppam, Vadalur, Vadalur R.F.",0101000020E6100000BE3676E4A3E35340712596EF74162740
HP PETROL PUMP & CNG - PRN PETROLEUM,10.9259436,79.8249147,,Hpcl Dealer TIN NO 34800006134 Kalaiyankathimathagu Tirunallar Road,0101000020E6100000569F0667CBF453408AE18F4715DA2540
"Sri Ramachandran agencies, petrol ,diesel and CNG bunk",10.9676908,79.3737457,,"Perumandy, main, road, Melacavery, Kumbakonam",0101000020E610000052A11573EBD75340B847252B75EF2540
HP PETROL PUMP - MANICKAM FILLING STATION HPCL AND CNG,10.7636639,79.7245106,,"Dealer Thevur Tanjor E, Trichy",0101000020E6100000BE26B5615EEE5340894567F4FE862540
Gangai Mathi Auto Gas Filling Station,11.2102778,79.3486533,,"no 57 Kunjithapathapuram Trichy main road, National Highway 227, near National arts college, Jayankondam",0101000020E61000001E49EE5550D6534050262488A96B2640
AG&P Pratham CNG Station,12.3131946,76.6446484,,"Dasappa Circle, Sri Ganesh Service Station, Jhansi Rani Lakshmi Bai Rd, near Railway Station, Mysuru",0101000020E6100000CCDA5CEB412953404E91E80A5BA02840
AG&P Pratham CNG Station,12.3084903,76.6695926,,"Vishwas Service Station, T Narsipura Rd, Siddhartha Layout, Mysuru",0101000020E610000031A9EB9ADA2A53403744CB70F29D2840
AG&P Pratham CNG Station,12.349486,76.593521,,"LCNG Hebbal, Plot No 297C, Hebbal industrial area, Hebbal, Mysuru",0101000020E61000004F1F813FFC255340D9D138D4EFB22840
AG&P Pratham CNG Station,12.3904552,76.592818,,"Mahalakshmi Service station, Majjigepura, Srirangapatna",0101000020E6100000BA9EE8BAF0255340351B75BEE9C72840
AG&P Pratham CNG Station,12.3252855,76.6581325,,"Fountain Circle, Sri Maruthi Service Station, BB Keri, Rajendra Nagar, Mysuru",0101000020E6100000D2FBC6D71E2A5340DCB930D28BA62840
AG&P Pratham CNG Station,12.3299797,76.8574363,,"Siddeswara Service Station Survey No. 2876/2411 M.M.Road, Cauvery Circle, Bannur, Tirumakudalu Narasipura, Mysuru",0101000020E6100000CFB9803CE036534013B06719F3A82840
Sri Nimishambha Fuel Park ( CNG),12.5717366,77.009764,,"H2C5+MWR, NH 275, Gejjala Gere, Gejjala Gere Colony",0101000020E6100000672B2FF99F4053403BDADDA8BA242940
Gas Service Station,12.3371754,76.6468027,,"4/ A-2, Bannimantap Extension, Industrial A Layout, Near Yerdi Distributors, Bannimantap, Mysuru",0101000020E6100000BADD2637652953400C080841A2AC2840
Auto gas,12.5262992,76.8788028,,"V V Nagar, Mandya, SH-17, Bangalore, Mysore Rd, Bandigowda Layout, V V Nagar, Mandya",0101000020E61000008768194E3E3853406AD2B716770D2940
"Bharat Petroleum, Petrol Pump -Nagalakshmi Fuel Station CNG",12.3044175,76.7063967,,"Bannur Rd, Mysuru",0101000020E61000002620819A352D534000A94D9CDC9B2840
Go Gas,12.3824256,77.0484805,,"92JX+X9H, Malavalli",0101000020E6100000997FF44D1A4353406D4ECA49CDC32840
Gas Station,12.5487269,77.4247566,,Kanakapura,0101000020E6100000A6704E362F5B5340F5DE73BBF2182940
CNG STATION,12.2369457,79.0922492,,"Main Bazaar, Lk No 04729, NH 66, Dtindivanam Rd, Tiruvannamalai Rd, Tiruvannamalai",0101000020E610000042453069E7C553400CDB60F250792840
Auto Gas Bunk(SRI MURUGAN TOTALGAZ),12.236203,79.082748,,"No: 57, annasalai,(alais) ,Tindivannam Road,, near ulagamatha church, Kilnathur",0101000020E6100000CD7344BE4BC55340266F8099EF782840
AG&P Pratham CNG Station,12.4341694,79.8324953,,"CRMJ+HX6 Thiruchi, Sakthi Madhumalar Agencies, Chennai - Theni Hwy, Melmaruvathur",0101000020E6100000B8E45D9A47F553400FD99B734BDE2840
Megha Gas CNG Station,12.248695,79.5744223,,"Melperadikuppam, Tindivanam, Peradikuppam",0101000020E6100000F525C055C3E45340815B77F3547F2840
Megha Gas CNG station,11.9215916,79.4720129,,"WFCC+MRF, Jagannathan Nagar, Viluppuram",0101000020E61000009132987535DE53406089ACDADAD72740
AG&P Pratham CNG Station,12.5528096,79.9069367,,"Sri Periyandavar Agencies, NH32, Janakipuram",0101000020E6100000B3823A400BFA534066D421DC091B2940
AG&P Pratham CNG Station,12.4983329,79.8888361,,"Seven Hills TS No 8/10 Madurantakam, Arungunam",0101000020E61000004540CFB0E2F85340AB0A687D25FF2840
Bharat Petroleum CNG,11.7433203,79.7598654,,"NO-2C, 2C, Imperial Rd, NT, Cuddalore",0101000020E61000002A977CA2A1F05340E4E7757A947C2740
Cng pondicherry poopal nagar puthurai main road mettupalayam .605006,11.9541225,79.7876306,,"11, Poothurai Rd, JIMPER, Puducherry",0101000020E61000000C152D8A68F253406AC18BBE82E82740
BPCL Petrol Pump CNG Sakthi Madhumalar Agencies,12.4338762,79.8324209,,"Thiruchi-Chennai Highway, Melmaruvathur",0101000020E610000071804F6246F553408806730525DE2840
CNG bunk,11.9345583,79.4845367,,"5, Trichy Main Rd, Virattikuppam, Viluppuram",0101000020E61000008E0D38A602DF53402569ED6C7EDE2740
HP Petrol Pump&cng station,12.5528037,79.9069051,,"NH 32, Janakipuram",0101000020E6100000D744B0BB0AFA534031372916091B2940
M/s Thenpandiyan Auto Gas,11.9284999,79.478958,,"Survey No. 50/2A, Elliessathiram Road, Vazuthareddy, Dist, Viluppuram",0101000020E6100000168A743FA7DE5340B5ADC15664DB2740
AG&P Pratham CNG Station,12.8325203,76.7584624,,"Survey No 118, TAPCMS Ltd, 1A, Upparahalli Village, T B Extension, Kasaba Hobli, Nagamangala",0101000020E6100000B9CFE0A58A3053402183CB1940AA2940
Gail Gas CNG Pump,12.7861512,77.7426871,,"QPPR+FW4, Attibele Industrial Area, Krishnasagara",0101000020E61000004F6A792F886F53401D6CFB6882922940
AG&P Pratham CNG Station,12.9133017,79.01769,,"COCO Sethuvalai AGP COCO, No.615/1A2 Sethuvalai, Annaicut NH48, to, Chennai Highway, Bengaluru, Vellore",0101000020E6100000D7DD3CD521C153402DC3C9479CD32940
AG&P Pratham CNG Station,12.923461,79.120505,,"Sri Srinivas Auto Service, Survey No. 223 & 224/2 Old Chennai, Bangalore Rd, Mullipalayam",0101000020E610000049809A5AB6C753404E4354E1CFD82940
AG&P Pratham CNG Station,13.2011048,78.7519993,,"Sri Venkateswara Service Station, Palamaner",0101000020E61000005A07ACC120B0534022235635F7662A40
AG&P Pratham CNG Station,12.9100342,78.9872467,,"SAV Agencies Kalanipakkam village, Near pallikonda toll gate, Chennai to bangalore, highway, Vellore",0101000020E61000005F65C80C2FBF5340A97BAE00F0D12940
AG&P Pratham CNG Station,13.3754819,78.5670302,,"NAR Agencies, 28-16/29-1, Road, Madanapalle, Punganur",0101000020E61000000A3609394AA45340DA7AE1293FC02A40
"Bharat Petroleum, Petrol and CNG Station-Sri Venkateswara Service Station",13.2011185,78.7521811,,"PALAMANER, CHITTOOR",0101000020E6100000D64A32BC23B05340BC3D0801F9662A40
Ganapathi Filling Station HP Petrol Bunk & CNG,13.2532505,79.1207598,,Murukambattu,0101000020E6100000FAEA4F87BAC753402C64AE0CAA812A40
AGP COCO CNG GAS STATION,13.1624697,79.1035168,,"5473+284, Gangasagaram",0101000020E61000008AA5ED04A0C653408F2E803A2F532A40
AG&P Pratham CNG Station,13.3345226,78.2125996,,"Survey No, 141/1, Rajdhani Fuel Station, Taluk, Of, Ambedkar Nagar, Srinivaspur, Kasaba",0101000020E610000022495A3B9B8D5340B88BD58B46AB2A40
KAS Auto Gas_TotalEnergies,13.1662374,78.3978199,,"598X+F4W, Narsimha Tripta Road, Muthyalpete, Mulbagal",0101000020E6100000AC0C99E17599534080BE88111D552A40
GO GAS Station,13.1611525,78.3888618,,"35/7, Mulbagal",0101000020E61000007A6A9A1CE398534058569A9482522A40
AG&P Pratham CNG Station,12.8162289,79.7442582,,"RVR Petroleum 71, East Coast Rd, Nasarthpettai, Chengalpattu, Kanchipuram",0101000020E6100000E93125EDA1EF5340A1191FC1E8A12940
AG&P Pratham CNG Station,12.9088346,79.4081661,,"Shanthi Service Station, near Walaja Tollgate, Vellore, Bagaveli",0101000020E61000007FB5B4641FDA53404DF2C8C452D12940
Torrent Gas CNG Station,13.037988,80.0523754,,"23Q2+5XR, Sri Venkateshwara Highway Fuels IOCL Station, Chennai Bangalore Highway, Chembarambakkam, Chennai",0101000020E61000005B87591E5A035440E947C32973132A40
Torrent Gas CNG Station,13.1253885,80.0357526,,"Sree Sapthagiri Enterprises IOCL Station, NH-716, Ma. Po. Si. Nagar, Tiruvallur",0101000020E6100000CEEF45C549025440C896E5EB32402A40
AG&P Pratham CNG Station,12.9250752,80.0999182,,"AG&P Pratham COCO, 40 Road, Tambaram - Mudichur - Sriperumbudur Rd, Pandian Nagar, Bharathi Nagar, Tambaram, Chennai",0101000020E61000009D514E0F650654406BAEE474A3D92940
MEGHA GAS CNG STATION,12.6999466,79.6631651,,"MMX7+X7, Mahajanambakkam",0101000020E61000004F16084C71EA53408EE497665F662940
Megha Gas CNG Station,12.6874675,79.2729084,,"HP petroleum, Sri Murugan Agency, to, Vellore - Arani Rd, Arani, Sevoor",0101000020E61000007033CB5477D1534032207BBDFB5F2940
AG&P Pratham CNG Station,12.9620541,80.1084168,,"HisGrace Agency, No.62/ie2,if2,ig2,ih2 Pulikoradu Village, Madhuravoil, BY Pass Road, Kadaperi, Tambaram, Chennai",0101000020E61000009195044DF006544026F7E05A92EC2940
AG&P Pratham CNG Station,12.9540081,79.9541098,,"TNR Fuels, 1612, Kundrathur - Sriperumbudur Rd, Rd, Sarala Nagar, Sriperumbudur",0101000020E6100000C2F28C2210FD5340FA3CEBBF73E82940
AG&P Pratham CNG Station,12.9984145,80.1034651,,"Heart King Agency, Kundrathur, 6/1A, Pallavaram - Kundrathur Rd, Manancheri",0101000020E6100000C031152C9F06544053B4722F30FF2940
AG&P Pratham CNG Station,12.9266338,79.2644974,,"Priyadharshini Petroleum Agency Nandiyalam, Villag, Melvisharam",0101000020E610000021B88086EDD0534085BCD4BE6FDA2940
AG&P Pratham CNG Station,13.0110885,80.1168212,,"MRK Agencies, Kundrathur Main Rd, Kovur, Mookambigai Nagar, Kancheepuram, Chennai",0101000020E6100000B05EA0FF7907544030B95164AD052A40
AG&P Pratham CNG Station,12.870054,79.9756632,,"Nava Sakthi Auto Fuels SH-48, Vandalur, Walajabad Rd, Padappai",0101000020E610000049FA0F4471FE53400A82C7B777BD2940
AG&P Pratham CNG Station,12.806436,79.8269522,,"Narayan Agency, SH 48, Uthukadu",0101000020E6100000BC96EBC8ECF4534055A2EC2DE59C2940
AG&P Pratham CNG Station,12.8904525,80.0852217,,"459, Sf.No : 200, Crystal Services, 12, Grand Southern Trunk Rd, Otteri Extension, Vandalur, Chennai",0101000020E6100000369AB745740554406B48DC63E9C72940
AG&P Pratham CNG Station,12.9738652,79.9551633,,"Kash Fuels Thulangumthadalam, NH-48, Madras Bombay Trunk Rd, Nenmeli, Kancheepuram, Nemili",0101000020E6100000B9F53F6521FD5340CD6CA1759EF22940
AG&P Pratham CNG Station,13.0838766,79.6084492,,"Sri Hari Krishna Agencies No.255/1B, Thandalam Village Rarrakonam to, SH 61, Arrakonam, Sholinghur, Vellore",0101000020E6100000C0D1E9D4F0E65340A2CCABDFF12A2A40
AG&P Pratham CNG Station,12.912387,79.3648328,,ADHOC VGN Agency HPCL COCO Walajapet Ranipet district,0101000020E61000008520AC6B59D7534053978C6324D32940
AG&P Pratham CNG Station,12.9348952,79.9090191,,"Kannagi Agencies, Nenmeli, Sriperumbudur",0101000020E61000001E7C725E2DFA5340F05F6A95AADE2940
AG&P Pratham CNG Station,12.8951473,80.04987,,"Pandian Agencies Padapai, Sriperumbuthur, SH-48, Road, Vandalur, Walajabad",0101000020E61000004CC3F01131035440953435BF50CA2940
AG&P Pratham CNG Station,12.86698,79.9360656,,"AVR Service Station, Oragadam Industrial Corridor, Mathur",0101000020E610000048BAB07FE8FB5340799274CDE4BB2940
AG&P Pratham CNG Station,12.9248096,80.013136,,"AG&P Pratham COCO, 241A/1, Kundrathur, Malaipattu, Chennai",0101000020E61000009E996038D7005440BE0DD6A480D92940
AG&P Pratham CNG Station,13.1236668,79.4246667,,"Sri Ambal Agency, Sri Ambal Agency, Sholingur, Wallahjah Rd, Taluk",0101000020E6100000D10C3DBD2DDB5340B3333B41513F2A40
AG&P Pratham CNG Station,12.8562239,80.0700151,,"Kavithaa Agencies, 690 GST road, Chennai - Trichy Hwy, Urapakkam, Chennai, Guduvancheri",0101000020E61000007A2E9D207B0454406E1BA1FA62B62940
Torrent gas cng gas station,13.419511,80.1114037,,"C496+RH, Pappankuppam",0101000020E6100000D109FC3C21075440E09F5225CAD62A40
Bharath Agencies CNG GAS STATION,13.0619734,80.1131315,,Chennai,0101000020E61000006F29E78B3D075440A0713CFABA1F2A40
AG&P Pratham CNG Station,12.9683943,79.9537291,,"Srinivasa Filling Station Byepass road NH4 Chennai Bangalore, national highway, Sriperumbudur",0101000020E6100000966FC7E509FD53400044B060D1EF2940
AG&P Pratham CNG Station,12.8497837,79.6935303,,"Manisha Agency, Road, O.M Pet, Arakkonam, Kanchipuram",0101000020E61000003F52E9CC62EC5340065960D916B32940
AG&P Pratham CNG Station,13.0848899,79.6754922,,"GPR Avenue, Saravana Agency, 12/1A, Mosur Road, 1, Arakkonam, Vellore",0101000020E6100000FFECA2433BEB53407C8560B0762B2A40
AG&P Pratham CNG Station,12.9319135,79.8318462,,"PRM Fuels, Nenmeli, Sriperumbudur",0101000020E61000005213D8F73CF55340DC662AC423DD2940
CNG Pump,12.9250891,80.0997637,,"2, Pandian Nagar, Lakshmipuram Extension, Tambaram, Chennai",0101000020E6100000FD34498762065440ABC54C47A5D92940
AG&P Pratham CNG Station,12.9056094,79.8971586,,"WV4W+8R M/s AG&P, Pratham LCNG, Vallam, Sriperumbudur",0101000020E6100000CF94E70B6BF953407EE60709ACCF2940
AG&P Pratham CNG Station,12.9120602,79.3263495,,"Parveen agency Palar bridge, Arcot, Vellore",0101000020E6100000396403E9E2D4534069F7F58DF9D22940
AG&P Pratham CNG Station,12.9493113,79.3493126,,"LCNG Walaja Survey no : 40/1B, Ammor Road, Taluk, Manathanga Village, Walajapet, Ranipet",0101000020E61000002B453C235BD653404D7276210CE62940
CNG * HEART KING AGENCY HP Petrol Pump,12.998322,80.103453,,"6/1A, Pallavaram - Kundrathur Rd, Kundrathur, Manancheri, Chennai",0101000020E610000014EB54F99E0654402FC1A90F24FF2940
"Bharat Petroleum, CNG , Petrol Pump -Sri Kamatchi Enterprises",13.1093046,79.920802,,"THIRUMAZHISAI, TIRUVALLUR, Tiruvallur",0101000020E6100000D905836BEEFA5340CF9AC4C5F6372A40
CNG - MRK AGENCIES - HPCL Petrol Pump,13.011001,80.1169938,,"Kundrathur Main Rd, Kovur, Mookambigai Nagar, Thandalam, Chennai",0101000020E61000006D3590D37C07544054724EECA1052A40
HP PETROL and CNG PUMP - SRI AMBAL AGENCIES,13.1236885,79.4246622,,"Hpcl Dealers Tiruthani Road, SH 54, Chennai",0101000020E61000003C365DAA2DDB534058C85C19543F2A40
Sri Murugan Agency HP petroleum power petrol available CNG GAS,12.6872688,79.2728247,,"251 Arani To Vellore, Road, Sevoor",0101000020E6100000A002BBF575D15340511F37B2E15F2940
Bharat Petroleum cng,13.0583642,80.0530685,,"3353+86W, Voyalanallur",0101000020E6100000A8FC6B7965035440B08394E9E11D2A40
Bharat CNG and Petroleum Station (MAHENDRAN AGENCY),13.204439,79.76558,,"Chennai - Tiruttani Highway (NH 205), Tiruvallur",0101000020E6100000309E4143FFF05340CC0D863AAC682A40
HP PETROL PUMP AND CNG PUMP - THILLAI NATRAJA AGENCIES,13.0466687,80.1197009,,"S NO 219 Loordupuram Chennai Chittoor Bangalore Raod Tiruvallur, Chennai",0101000020E610000050B3F62DA9075440617EB8F5E4172A40
AG&P Pratham CNG Station,12.9686147,80.0952836,,"Survey No, 258/1, Lalitha Fuels M/s IOCL, Sriperumbudur, Thirumudivakkam",0101000020E6100000177662201906544086D91544EEEF2940
Torrent Gas CNG Station,13.1221697,80.23962,,"46CQ+VR9 Jai Enterprises IOCL Station, Elango St, T V K Nagar, Ramamurthy Nagar, Perambur, Chennai",0101000020E6100000ECDD1FEF550F5440D01FE4068D3E2A40
Torrent Gas CNG Station,13.147284,80.3013973,,"Thangal, Thyagarajapuram, Tiruvottiyur, Chennai",0101000020E610000093A6E6174A135440B972F6CE684B2A40
Torrent Gas CNG Station,13.101674,80.2742942,,"Sri Thirumurugan Agency IOCL Station, 349, Wall Tax Rd, Tansi, George Town, Chennai",0101000020E6100000E19E42098E115440FEB4519D0E342A40
Torrent Gas CNG Station,13.1244432,80.2777696,,"47FH+Q4C, Pooma Petro Agencies IOCL Station, Kathivakkam High Road Korukkupet, Coronation Nagar, Old Washermanpet, Chennai",0101000020E6100000ACF424FAC61154404F6BE404B73F2A40
Torrent Gas CNG Station,13.0068341,80.2582622,,"3, Lattice Brg Rd, Padmanabha Nagar, Adyar, Chennai",0101000020E6100000C1B22D5E87105440C5FE57C27F032A40
Torrent Gas CNG Station,13.1190101,80.1990321,,"Sri Jaya Maruthi Agency HPCL Station, 200 Feet Road, Thathan Kuppam, Villivakkam, Chennai",0101000020E6100000AB1622F1BC0C544092C94EE4EE3C2A40
Torrent Gas CNG Station,13.1435323,80.2222929,,"A-37, NH16, J Garden, Madhavaram, Chennai",0101000020E610000083E8FF0B3A0E5440DED6CC107D492A40
AG&P Pratham CNG Station,12.8311956,80.2239881,,"SIPCOT IT Park, HPCL COCO, FIRE STATION, Siruseri, Chennai",0101000020E61000005D0C2FD2550E54407F283D7892A92940
AG&P Pratham CNG Station,12.8501637,80.2305874,,"MR Agencies, 34, OMR Rd, Uthandi, Egattur, Chennai",0101000020E6100000A977A7F1C10E5440227E0FA848B32940
AG&P Pratham CNG Station,12.8583703,80.2258758,,"V65G+HJQ, State Highway, Kamaraj Nagar, 49A, Semmancheri, Chennai",0101000020E61000004D7DC5BF740E544026B7DC4F7CB72940
AG&P Pratham CNG Station,12.8890222,80.1987949,,"JB Sekharan Agencies Nookampalayam Main road, Perumbakkam Sithalapakkam to Ottiyambakkam, road, Chennai",0101000020E610000024873E0EB90C544000D6F4EA2DC72940
Torrent Gas CNG Station,13.0403607,80.2468701,,"26RW+4PX, Anna Salai, T.V.K Colony, Teynampet, Chennai",0101000020E61000000E773FB8CC0F54405C165D28AA142A40
Cng petrol pump,13.0722415,80.2518077,,"13, E Spur Tank Rd, M.S. Nagar, Sulaiman Zackria Avenue, Chetpet, Chennai",0101000020E610000062180B9E1D105440F6D37FD6FC242A40
Cng Gas Station,13.0747803,80.2303659,,"339, Poonamallee High Rd, Aminjikarai, Chennai",0101000020E610000045A79D50BE0E544028C57D9A49262A40
AG&P Pratham CNG Station,12.8337782,80.2286669,,"No. 2, AG Agency, I.T. Highway, Old Mahabalipuram Road, Sholinganallur, Kancheepuram, Egattur",0101000020E61000005F4B7E7AA20E5440493CEAF9E4AA2940
Torrent Gas cng available,13.0994291,80.2515623,,"23/9A, Cooks Rd, Dadashamakan, Jamalia, Chennai",0101000020E610000005DAC298191054409B8AF95EE8322A40
Bharat Petroleum & CNG Bunk -JB Sekaran Agencies,12.8889533,80.1987692,,"Nookampalayam Main road,Perumbakkam, to, Ottiambakkam Main Rd, Sithalapakkam, Chennai",0101000020E6100000EF5C73A2B80C5440B2570EE324C72940
Navan CNG Filling Station,22.6265654,91.6543934,,"Keen Chips Factory, Dhaka - Chittagong Hwy, Sitakund",0101000020E6100000F8EDDA94E1E956401FCE0D9766A03640
SATISH SERVICE STATION BPCL - Torrent CNG Station,13.1472319,80.3012596,,"48W2+VGR, ennore, express road, Thyagarajapuram, Tiruvottiyur, Chennai",0101000020E6100000C96658D6471354401BDBC6FA614B2A40
Ag&p cng,12.9083687,80.2499523,,"W65X+8XW, Injambakkam, Chennai",0101000020E6100000D783EE37FF0F54408A6BC6B315D12940
Hindustan Petroleum Fuel Station (SUNDER SERVICE STATION) CNG GAS STATION,13.05387,80.23441,,"HPC Dealers NO. 97, Kodambakkam High Road, Chennai",0101000020E6100000BEF6CC92000F5440967840D9941B2A40
Bharat Petroleum - A.G Agency CNG,12.9083469,80.2287746,,"Laxmi Nagar Extension, Sholinganallur, Chennai",0101000020E6100000F349383EA40E544091D849D812D12940
Thenpandiyan Auto Gas,12.898133,80.244089,,"V6XV+6M2, Sholinganallur Main Rd, Injambakkam, Chennai",0101000020E61000000E1478279F0F5440AFEAAC16D8CB2940
Torrent Gas,13.1688758,80.2006047,,"No.35, GNT Rd, Kavankarai, Kannada Palaiyam, Puzhal, Chennai",0101000020E6100000217B18B5D60C5440F32B8CE376562A40
"Bharat Petroleum, Petrol & CNG pump-Aswath Enterprises",13.1028227,80.2081889,,"VILLIVAKKAM (NR PADI JN.), Chennai",0101000020E6100000F93889F7520D5440A6924B2DA5342A40
Torrent gas Chennai Pvt Ltd,13.2293283,80.2955475,,"Unnamed Lane, Medavakkam, Chennai",0101000020E610000088BA0F40EA1254403518D9846A752A40
HP Petrol Bunk torrent cng pump,13.1689678,80.2005426,,"HPC Dealers, Grand Northern Trunk Rd, Kavankarai, Kannada Palaiyam, Pozal, Chennai",0101000020E61000001C1DA1B0D50C544076278EF282562A40
AG&P Pratham CNG Station,15.7865641,76.769664,,"M/s Sangameshwara Service Station PWD Camp, Maski Circle, Road, Raichur, Sindhanur",0101000020E6100000263ACB2C42315340546A9B87B8922F40
AG&P LCNG RAICHUR,16.2294103,77.3531766,,"near VRL logistics, Rajendra Gunj, Raichur",0101000020E610000099AD06729A56534095DD27A2BA3A3040
Sanjana Auto Gas,16.2173193,77.356569,,"6984+WJG, Osman Gunj, Raichur",0101000020E61000001D71C806D2565340244AD63CA2373040
Megha Gas CNG station,16.4283125,81.0189375,,"C2H9+8HQ, Bantumilli Rd, Gudivada, Siddhantam",0101000020E6100000C1CAA14536415440CFF753E3A56D3040
Megha Gas CNG Station,16.1993561,81.1333881,,"54XM+Q9R, Bypass Rd, Srinivas Nagar Colony, Machilipatnam",0101000020E61000003DCB3D6E8948544013C2590009333040
Meghagas CNG Station,16.4292816,80.7725257,,"Vijayawada - Machilipatnam Rd, Bank Colony, Kankipadu",0101000020E61000007334A20F7131544049C62066E56D3040
SRG CNG STATION,17.549783,76.5628035,,"GHX7+W47, Aland",0101000020E6100000C2A4F8F80424534093E52494BE8C3140
Cng filling station,17.436078,78.429171,,"Harish Apartment, Sri Krishna Nagar, Krishna Nagar, Yousufguda, Hyderabad",0101000020E61000001059A489779B53404D81CCCEA26F3140
Bhagyanagar Gas Limited CNG Station,17.3887597,78.4743696,,"9FQF+GP4, Nampally Station Rd, Chirag Ali Lane, Abids, Hyderabad",0101000020E6100000DD8D4F125C9E5340B68075C185633140
CNG FILLING STATION,17.3780515,78.4204038,,"Hp petrol, Prashanth Nagar, Langar Houz, Hyderabad",0101000020E61000004E0757E5E79A534029B4ACFBC7603140
HP Petrol Pump cng,17.5431539,78.222843,,"9, Mumbai Hwy, Sri Nagar Colony, Ambedkar Colony, JP Colony, Muthangi, Patancheruvu, Hyderabad",0101000020E61000001F49490F438E5340E2314D220C8B3140
BhagyaNagar Gas Limited,17.4360995,78.4290015,,"8-3-279/A, Sri Krishna Nagar, Yousufguda, Hyderabad",0101000020E6100000D61BB5C2749B53404D4D8237A46F3140
CNG Station Bhagyanagar Gas Limited,17.402252,78.5737903,,"CH2F+VF5, Swaroop Reddy Colony, Gandinagar, Srinivasa Colony, Uppal, Hyderabad",0101000020E6100000C550F3FAB8A4534027C0B0FCF9663140
Megha Gas CNG Station,17.0725302,79.2621957,,"37C6+XVR Nalgonda, SH-2, Guntur, Hyderabad Rd, Nalgonda",0101000020E6100000B82979D0C7D05340EBF8D45691123140
Bhagyanagar Gas Limited CNG Station,17.404002,78.5843922,,"CH3M+JPH, Bhagya Nagar Colony, Peerzadiguda, Hyderabad",0101000020E610000066C28AAE66A55340C284D1AC6C673140
CNG Station Bhagyanagar Gas Limited,17.4412456,78.5650952,,"CHR8+C2W, Industrial Development Area, Nacharam, Secunderabad",0101000020E61000001AC80E852AA45340FF80BD78F5703140
Bhagyanagar Gas Limited CNG Station,17.3675037,78.557481,,"S No 102, 3/2, Sai Nagar, Nagole, Hyderabad",0101000020E61000000CC9C9C4ADA35340B4A8F4B8145E3140
Megha city Gas Distribution Pvt Ltd (Nalgonda),17.400687,79.0213231,,"Mandal, Sy.No-265/A, 267/RU1, Sunkishala, Village, Voligonda",0101000020E61000008F49905B5DC15340AFEE586C93663140
Green Gas Indian Oil Petrol Pump,17.4467049,78.5680707,,"Sy No 181/1, H No 3/4/97, Nacharam - Mallapur Rd, Old Meerpet, Uppal, Hyderabad, Secunderabad",0101000020E6100000379435455BA45340847698405B723140
MeghaGas CNG station,17.2641311,80.1463125,,"Khammam Bypass Rd, Raparthi Nagar, Bhuranpuram, Khammam",0101000020E6100000BE9F1A2F5D095440445B84189E433140
Megha Gas CNG Station,17.2503621,80.1360737,,"742P+5CG, Trunk Rd, Ramachandra Nagar Colony, Moti Nagar, Khammam",0101000020E610000020D6766EB50854406BA807BB17403140
Megha Gas CNG Station,16.7878125,80.2629375,,"Q7MJ+458, Hyderabad - Vijayawada Hwy, Ashok Nagar, Nandigama, Munagacherla",0101000020E610000017D9CEF7D310544048E17A14AEC93040
MeghaGas CNG Station,17.1011182,80.6149089,,"4J28+F2P, Tiruvuru",0101000020E61000003DE1DBAA5A275440C707E2E1E2193140
"GGPL-CNG MOTHER STATION, VATLURU, ELURU",16.6936641,81.0257427,,Vempadu,0101000020E610000016A7B5C4A5415440C6E86FF893B13040
Samarth Fuel Station and Cng Pump,18.0204462,77.2109827,,"399/6, Humnabad Road, in front of Water Filter, Bhalki",0101000020E6100000652195BD804D5340D55350F63B053240
"CNG station Bharat Petroleum, Petrol Pump and CNG Station - Sri Vijaya Durga Filling Station",18.4493217,78.230249,,"B/W DICHPALLY TO KAMREDDY, NIZAMABAD",0101000020E6100000F33B4D66BC8E534014E236BF06733240
CNG Station MeghaGas,17.7351959,79.2183157,,"Nidigonda Filling Station Nidigonda village, Yeswanthapur",0101000020E610000004ED69E2F8CD53403EA76ACC35BC3140
CNG station sircilla,18.3834181,78.8183522,,"9RM9+C89, Vidhya Nagar, Sircilla",0101000020E610000005E7E7E15FB45340C83148B027623240
Nidigonda Filling Station & CNG available,17.7348191,79.2289202,,"P6MH+WHF, Nidigonda",0101000020E61000003419E9A0A6CE5340E5F9C21A1DBC3140
MeghaGas CNG station,18.3800625,79.8393125,,"9RJQ+2PW, NH353C, Gudadupalle",0101000020E6100000F0A7C64BB7F553409EEFA7C64B613240
MNGL BP CNG Pump & Station,19.2141162,77.3499533,,"688X+3M3, Pimpalgaon Mahadeo",0101000020E610000025A886A265565340368BBC51D0363340
CNG PUMP,19.2561868,76.7850279,,"Swapnapurti, Ramkrishna Nagar, Parbhani",0101000020E6100000A53CA9E53D325340B9AA477595413340
Anand Petroleum & CNG,19.2964299,76.7079834,,"Selu - Parbhani Rd, Parbhani, Parawa",0101000020E610000019479B994F2D53407A0E76D4E24B3340
Bharat Petroleum (BPCL) - Aspire Petroleum / CNG,19.2139583,77.3498052,,"Aspire petroleum ,Gut no.127, Pimpalgaon Mahadeo ,Tq, Dist, Ardhapur, Nanded",0101000020E6100000217E59356356534030359DF8C5363340
MAHESH PETROLEUM & CNG,18.8784847,77.210842,,"AT GAT NO 19 VILLAGE KOTBAZAR, Kandhar",0101000020E6100000E3A7716F7E4D53405089905FE4E03240
Kisan Petrol Pump / CNG (BPCL),19.2708097,77.369982,,Ardhapur,0101000020E6100000F486FBC8AD57534088F0D4C853453340
BP MNGL GCC CNG Pump & Station,19.0678849,78.3499955,,"3992+56X, Nirmal, Venkatapur Rural",0101000020E6100000D28F8653669653406964A1E760113340
CNG armor,18.803742,78.314463,,"R837+HPW, NH 44",0101000020E610000055336B2920945340F06B2409C2CD3240
"Bharat Petroleum Petrol & CNG Pump , SHRI NARSINHA PETROLEUM",19.2091943,77.6844794,,"GUT NO 201BHOKAR, Bhainsa Rd",0101000020E61000004972AF82CE6B53407602F5C18D353340
Pervez Filling Station | BPCL and CNG Station,18.8036952,78.3142936,,"PERKIT, NIRMAL ROAD, NH-7, NIZAMABAD",0101000020E6100000E555E7621D945340C2F3F7F7BECD3240
Rishabh Auto Gas Filling Station,19.1135796,78.3400613,,"487R+C3M, Nirmal Rd, Naidiwada, Nirmal",0101000020E6100000A8887890C3955340267E7B8D131D3340
CNG Gas Station - Sri Krishna filling Station,18.7623864,79.4760854,,"QF7G+5C5, Shalapally, Ramagundam",0101000020E610000099C6E52E78DE534049EA4EC12BC33240
"CNG Bharat Petroleum, Petrol Pump -Guru Raj Prasad Automobiles",19.3560835,79.3083971,,"KESLAPUR, KESLAPUR VILLAGE, ADILABAD",0101000020E610000099AB30C7BCD353402D25CB49285B3340
CNG Pump hingoli 007,19.7037996,77.1229357,,"Shop 1, Road, Aundha Nagnath, Narsi",0101000020E6100000B2C0B22DDE47534019F0E8352CB43340
MeghaGas CNG station,19.9724375,79.2870625,,"X7CP+XR3, Civil Lines, Chandrapur",0101000020E61000001D5A643B5FD253406DE7FBA9F1F83340
MeghaGas CNG Station,20.0188436,79.2040022,,"2693+HJ6, MIDC Industry Estate, Tadali",0101000020E6100000F9533E5F0ECD534029BD25EFD2043440
MeghaGas CNG station,20.2198407,79.0187729,,"62C9+GGG, Padmalaya Nagar, Warora",0101000020E610000045E33F9333C153406AD4E87A47383440
Megha City Gas Distribution Pvt. Ltd (CNG Service),20.0190195,79.2041533,,"2693+JM2, Tadali",0101000020E6100000B6B700D910CD53407C7C4276DE043440
"Bharat Petroleum Petrol Pump & CNG , MALOO PETROLEUM",20.219916,79.018907,,"ROAD, Padmalaya Nagar, Madheli, Warora",0101000020E610000097AAB4C535C15340FDDD3B6A4C383440
HP Gas Station,19.9273598,79.3064633,,"W8G4+WJR Hindustan Lalpeth Colliery, Babupeth, Chandrapur",0101000020E610000027BB3E189DD3534007A0AC7367ED3340
SANDEEP GASOLENES,19.980152,79.229318,,"Mhada Colony, Khutala, SH-6, Wani Yavatmal Highway, Chandrapur",0101000020E610000096986725ADCE5340E71BD13DEBFA3340
Barguna to Nasanbaria CNG Station,22.16021,90.1172347,,"5468+3V3, R880, Barguna",0101000020E6100000359DF8C580875640FE7DC68503293640
BM Auto GAS filling station,22.1582802,90.2462995,,565W+8G7,0101000020E61000005B61FA5EC38F5640B69A1A0D85283640
Lalarkhil CNG Station,22.0517344,92.1302944,,342J+M4V লালারখিল,0101000020E610000086B652BE56085740041434773E0D3640
"M/s. Chittagong CNG Complex,( Unit-1& Unit-2)",22.3526755,91.8190349,,"9R39+3JF City Corporation, Chattogram",0101000020E610000017725B116BF45640B7990AF1485A3640
Matar Bari CNG Station,21.7307196,91.8970045,,"PVJW+6QX, মাতারবাড়ি রোড",0101000020E610000059F78F8568F95640D48B907010BB3540
CNG station Panbazar(সিএনজি স্টেশন পানবাজার),21.6521871,92.3200864,,"M829+WW6, Alikadam - Thanchi Rd, Alikadam",0101000020E61000003DF9AA4B7C145740825FD9BBF5A63540
Choloman CNG Filling Station,22.3752075,91.8348606,,"RHJ2+348, N1, Chattogram",0101000020E6100000036E275B6EF55640C3B645990D603640
M/s. Khan Bradash CNG ( Pro:) Ltd.,22.3623279,91.8401626,,"Abdulla Khan Road, 98 Road No 3, Chattogram",0101000020E6100000A1945A39C5F55640A9ED7085C15C3640
Clewiston CNG Station Ltd.,22.3884086,91.8621928,,"Arkan Rd, Chattogram",0101000020E610000030B6B52A2EF75640337CFABE6E633640
M/S. Sonali CNG Ltd.,22.356851,91.7831819,,"123, Chattogram",0101000020E61000006DD4F9A61FF256407E8B4E965A5B3640
M/S. Rahim Afrooz CNG Ltd.,22.2702558,91.8115038,,"7RC6+4J2, Airport Rd, Chattogram",0101000020E61000001A65A2ADEFF35640E88DEE7B2F453640
Bathua Cng Station,22.2558848,91.9516256,,"7X42+9M2, Patiya",0101000020E610000054820F6FE7FC5640238B8FAA81413640
Shah Gadi Fuel and CNG Filling Station,22.3124243,91.9464154,,N1,0101000020E610000092DBE51192FC5640C7F9F609FB4F3640
Highway Autogas Filling Station,21.9489006,92.0677831,,"Chittagong - Cox's Bazar Hwy, Chittagong",0101000020E61000002D6EED8E56045740A0275426EBF23540
Laila CNG Filling Station,22.2996855,91.7864958,,"Mailer Matha M. A Aziz Rd, Chattogram",0101000020E61000003FDC7AF255F25640DD955D30B84C3640
Navana CNG Limited (Station Office),22.3425953,91.7903087,,"8QVR+34C, Chattogram",0101000020E6100000A20FF16A94F2564068435953B4573640
M/S Shikdar Filling Station & CNG,22.7974935,89.5265226,,"QGWG+XHX, Khulna - Satkhira Rd, Khulna",0101000020E6100000B7E6D88BB2615640C845B58828CC3640
NAVANA CNG Ltd,22.550255,89.5895405,,"HH2Q+3RV, Mongla",0101000020E6100000B8CA1308BB655640E275FD82DD8C3640
BM Autogas Filling Station Vanga Faridpur,23.3376699,89.9989938,,"8XQX+3H9, Dhaka - Faridpur Highway",0101000020E610000008FAB083EF7F5640F657D98871563740
Al MADINA APG GAS STATION,22.9456274,89.8163662,,"ঘোনাপাড়া, শহীদ গোলজার উচ্চ বালিকা বিদ্যালয়, চর-গোবরা--পূর্বপাড়া",0101000020E6100000D4A304583F745640963325A314F23640
Chowmuhani CNG Filling Station,22.9446608,91.1019802,,"R140, Chowmuhani",0101000020E6100000BBF5F5D786C656402ED0494AD5F13640
CNG Station at Udhoy Shadur hat,22.8510808,90.983385,,"VX2M+C9J, Unnamed Road",0101000020E61000002098A3C7EFBE5640E6406A6EE0D93640
M/s. Shabik CNG Filling Station & Conversion,22.9252531,91.1034415,,"W4G3+492, Myaisdi Road, Alipur, Chowmohani - Maijdee Rd, Begumganj",0101000020E610000026E318C99EC65640CA051D63DDEC3640
IMW CNG BANGLADESH LTD,23.0155254,91.3969266,,"298W+6Q7, Mohipal",0101000020E6100000667AD33E67D95640E041FD78F9033740
Bashtola Bazar CNG Station,23.0512277,90.9328231,,3W2M+F4V,0101000020E610000003DDA85FB3BB5640382630421D0D3740
M/s. Mia Bazar CNG Filling Station,23.3057897,91.2698475,,"8749+8W9, Mia Bazar, Chadhagram, Chandrasree",0101000020E610000012DA722E45D1564022F4D83B484E3740
CNG Outlet,23.2259861,91.2699831,,A632 Khironshal,0101000020E6100000413E326747D15640C0D99C39DA393740
Cng Station DHORKARA,23.1424336,91.2862325,,"47RP+XFH, Chiora-Dhorkora Rd",0101000020E610000059A31EA251D25640FFD9458776243740
Bismillah CNG,23.3194929,91.0931661,,"839V+Q7V, Comilla - Chandpur Rd",0101000020E61000002326F26EF6C55640E0CD6449CA513740
CNG pump,23.2736623,91.0516754,,"73F2+FM7, Comilla - Chandpur Rd, Muddafarganj",0101000020E61000007E4056A64EC35640EDA584BB0E463740
Amishapara CNG Station আমিশাপাড়া সিএনজি স্টেশন,23.0048823,91.0405301,,"223R+X62, Bihir Gaon",0101000020E61000003B808F0B98C256404AD466F73F013740
Latimi CNG station,23.0777676,91.3564038,,"39H4+4H2, Latimi Alkora Rd",0101000020E6100000E34AE251CFD656403CB0D293E8133740
Universal LP Gas Bottling Plant Unit - 01,23.0802962,91.3546523,,Kaichuty,0101000020E6100000E07C8F9FB2D656403AFEB04A8E143740
CNG Station (মনোহরগঞ্জ বাজার),23.1653476,91.0588507,,Laksam - Monohorgonj Rd,0101000020E610000030F6B935C4C35640DB786638542A3740
Satco CNG Filling Station,23.2440734,90.6856638,,"6MVP+J7F, Comilla - Chandpur Rd, Moishadi",0101000020E610000045436BEAE1AB5640D3D226987B3E3740
Cosmos CNG Filling station (কসমস সিএনজি ফিলিং স্টেশন),23.3851741,91.2336203,,"96MM+RHC, Dhaka - Chittagong Hwy, Cumilla",0101000020E6100000A10B8FA2F3CE564028C412C59A623740
Comet Cng Ltd.,22.8779367,91.2521361,,"V7H2+5VC, Bashur Hat - Kabir Hat Rd, Vhuya",0101000020E610000006E973FF22D056404A75A675C0E03640
Chandpur Launch Ghat CNG Station,23.232637,90.648435,,"6JMX+39H, Chandpur",0101000020E61000003CA583F57FA95640EDD632198E3B3740
Laksam CNG Station,23.1688388,91.1997038,,"559X+FVQ, Nangalkot",0101000020E6100000C37872F2C7CC5640BF4B0405392B3740
M/S Dagonbhuiyan Traders & CNG Filling Station,22.937751,91.3047067,,"W8Q3+3VV, Daganbhuiyan",0101000020E6100000D0D7875080D3564092CA147310F03640
CNG Station,23.3572746,90.7062038,,"9P44+WF4, Matlab Bazar Rd",0101000020E6100000E6536C7132AD564005B12259765B3740
Banarupa CNG Station,22.6536405,92.1786769,,"M53H+FF3, Forest Colony - Pourosova Road, Rangamati",0101000020E61000003E833C716F0B574052D7DAFB54A73640
CNG station,22.5793829,91.911658,,"HWH6+QM3, Yasin Nagar",0101000020E6100000C1C8CB9A58FA5640945C0F7052943640
Baharpur CNG station,22.6617929,91.6077979,,MJ65+P47,0101000020E6100000F5C42929E6E6564099396E426BA93640
South East Suabil CNG Station,22.6520371,91.7789698,,"MQ2H+RH, Nazirhat",0101000020E610000096E425A4DAF15640584744E7EBA63640
North Hingola cng station,22.5620619,91.9329273,,HW6M+R5,0101000020E6100000EBC2B414B5FB5640DFD3E649E38F3640
Kawkhali CNG Station,22.6302568,92.0383703,,"J2JQ+492, Kawkhali",0101000020E6100000D0E8B3A874025740E514788258A13640
"Boaliar-Mukh, Chipatali, CNG Station",22.5314308,91.8386937,,"GRJQ+HFG, Chattogram",0101000020E61000001E375728ADF556404D1652D90B883640
CNG Station নাইল্যাছড়ি,22.6297077,92.0374941,,"J2HP+VXQ, Kawkhali",0101000020E6100000C052A74D66025740158A198634A13640
Jalalabad CNG Filling Station,22.5324362,91.8897511,,"Chittagong-Rangamati Road, Chattogram",0101000020E61000001F0599AEF1F85640DE3422BD4D883640
Cng station,22.549808,91.8373904,,"Nangalmora Rd, Nangalmora",0101000020E6100000007FE7CD97F5564044149337C08C3640
Hathazari CNG Fueling Station,22.4965114,91.8076055,,"FRW5+J46, চট্রগ্রাম রাঙামাটি খাগড়াছড়ি মহাসড়ক, Hathazari",0101000020E610000076A4FACEAFF356405717015F1B7F3640
Rangapani CNG station,22.6460669,92.1627724,,"J5W7+C4C, Rangapani Road, Rangamati",0101000020E610000040ACEDDC6A0A57403287EEA364A53640
Marco CNG Station,23.9280402,90.3898141,,"W9HQ+6W8, Bir Muktijoddha Mohammed Ali Rd, Tongi",0101000020E610000042C1D6B6F2985640915FE40A94ED3740
Nadi Filling & CNG Station,23.9307399,90.3079793,,"Dhaka - Ashulia Hwy, Norosinhopur",0101000020E61000001456CFEEB5935640129557F844EE3740
Bangladesh CNG Filling Co. & Petrol Pump,24.0126436,90.3837487,,"297M+3F5, Gazipur",0101000020E61000007B18B5568F985640F380689C3C033840
Hossain & Sons CNG & Petrol Pump,23.9953575,90.4130186,,"Joydebpur Rd, Gazipur",0101000020E6100000F1E890E56E9A56400D54C6BFCFFE3740
Al-Hera CNG & Filling Station,23.9415913,90.3836505,,"W9RJ+84G, Dhaka - Mymensingh Hwy, Gazipur",0101000020E610000005A6D3BA8D985640B8B29F200CF13740
Siam CNG Filling Station,23.9901162,90.38432,,"Chowrasta, Joydebpur Rd, Gazipur",0101000020E6100000B8CCE9B298985640633D5A4178FD3740
Mukta Gas CNG LPG Filling Station,23.9615021,90.2693863,,"X789+352, Nabinagar - Chandra Rd, Baipayl",0101000020E6100000631F09A03D9156400B896A0025F63740
Afia CNG & Filling Station-2,23.6391455,90.5926684,,"N1, Sonargaon",0101000020E6100000D9D77047EEA55640B5E21B0A9FA33740
Metro CNG and Filling Station,23.6984375,90.5321875,,"N1, Narayanganj",0101000020E6100000C3F5285C0FA25640CDCCCCCCCCB23740
Zaker CNG Filling Station,23.6999997,90.5310327,,"PG2J+2C3, N1, Kanchpur",0101000020E6100000D2E69370FCA15640B6B52A2E33B33740
Hazi A. Rahman CNG Filling Station Ltd.,23.7036652,90.5051441,,"318/3 Demra - Ranimohol - Chittagong Rd, Dhaka",0101000020E61000001C51EB4754A0564053550D6723B43740
Talukdar CNG & Re-Fuelling Station,23.6948691,90.5374247,,"MGVP+WXJ, N1",0101000020E610000002A4912A65A256403E80FBF0E2B13740
SS CNG & Fuel Station,23.7040555,90.5256737,,"PG3G+J7F, N1, Kanchpur",0101000020E610000082774DA3A4A15640A51133FB3CB43740
"Rajani Gondha CNG, LPG Filling Station & Conversion",23.6787804,90.5550775,,"MHH4+G28, Bandar",0101000020E6100000B54FC76386A35640722A638DC4AD3740
Rayan CNG Station Ltd.,23.6908125,90.5135625,,Narayanganj,0101000020E6100000EE7C3F35DEA05640022B8716D9B03740
Taj CNG Station,25.0069061,90.0232252,,"Sherpur - Nakla Hwy, Sherpur",0101000020E61000005B9C8C857C81564095A42199C4013940
Jhaugara CNG Auto Rickshaw Station,24.8907457,89.8729898,,VVRF+855,0101000020E6100000762F9C10DF775640798D02E907E43840
"CNG Station,Shahbazpur",24.841946,89.9694349,,Shahbazpur Bazar,0101000020E610000077C6AD380B7E56407EFFE6C589D73840
Nakla to Chandrakona CNG Station,24.9675836,90.1783257,,"X59H+28P, Chondrokona, Nakla - Nalitabari Hwy, Nakla",0101000020E6100000536232B0698B56405D250E8FB3F73840
Mymensingh CNG Auto-rickshaw Station,24.747664,90.4210216,,"PCXC+3C6, Mymensingh",0101000020E610000037BA9404F29A564084656CE866BF3840
CNG Station/Bus Station,24.9248326,89.8259498,,"WRFG+W9P, Road, Hazrabari",0101000020E6100000D1C88C5CDC7456404F464BD4C1EC3840
Nakla to Mymensingh CNG Station,24.9675008,90.1784825,,"X58H+X9X, R371, Nakla",0101000020E6100000221ADD416C8B564095DAE621AEF73840
Sagardighi CNG Station,24.5320187,90.277962,,G7JH+R54,0101000020E6100000F8E12021CA915640455CA56032883840
Purabari To Trishal CNG Station,24.5355486,90.3459558,,G8PW+698,0101000020E610000023B7CB2324965640286B8AB619893840
Bagerbazar CNG Station,24.5324348,90.279196,,G7JH+XMG,0101000020E6100000234BE658DE9156409740A5A54D883840
Nakla to Sherpur CNG Station,24.9718168,90.1783957,,"X5CH+P9C, R371, Nakla",0101000020E6100000CF4FCCD56A8B564010B45DFCC8F83840
Town Hall CNG Station,24.7634826,90.3975031,,"Q97X+C22, Park Rd, Mymensingh",0101000020E6100000C0A3D7B070995640A7107E9873C33840
Trishal CNG Station,24.534349,90.2794106,,G7MH+PQM,0101000020E6100000F849FFDCE19156407AA69718CB883840
CNG Station,24.8680092,90.1164699,,"V498+6H5, Itail Rd",0101000020E6100000FADD2A3E748756408BA0D6D935DE3840
Jamalpur CNG station,24.9166446,89.9662883,,"WX88+MG3, Jamalpur",0101000020E61000007AC0E1AAD77D5640150E7338A9EA3840
CNG Station Bus Stop,24.9257572,89.938847,,"Jamalpur - Madarganj Road, Jamalpur",0101000020E6100000A73CBA11167C56405A09826CFEEC3840
Chandrakona Nakla CNG station,24.9150592,90.1415449,,"W48R+2J, Chandrakona",0101000020E6100000991A57120F89564068E7D95141EA3840
Comet Cng Ltd.,24.7509941,90.4082661,,"13/c Purohit Para Rd, Mymensingh",0101000020E610000031E42208219A56402CFD3A2641C03840
Mymensingh CNG Station,24.7649585,90.2584995,,"Q775+X9Q, Muktagacha",0101000020E610000012A27C418B905640164CFC51D4C33840
CNG Station,24.952841,90.2837179,,"X73M+4FP, Atkuchi",0101000020E61000008C721F6F28925640B6494563EDF33840
Vatara CNG Stand,24.8146044,89.8570951,,"RV74+RRQ, Jamalpur - Sarishabari Rd, Zafarshahi",0101000020E6100000F50368A5DA7656407E2DF9E989D03840
"CNG, বড় বাজার টু হাবিগঞ্জ",24.5252531,91.3669169,,"G9G8+4Q3 CNG station, Habiganj",0101000020E6100000627605917BD75640649FB6FC76863840
Oves gas service,24.7332952,80.1945267,,"P5MV+8R9, Ajaygarh Rd, P.W.D COLONY, Panna",0101000020E6100000B9AC1D20730C54405450F63BB9BB3840
CNG Petrol pump,24.9358057,79.5711157,,"WHPC+9W, Muwasi",0101000020E6100000DB6EDD288DE453400FE95CF690EF3840
Bundel khand go gas Agency,25.2790466,79.8781254,,"7VHH+J76, NH 34, Bhati Pura, Mahoba",0101000020E61000005DB2E03433F853405C0F15996F473940
CNG STATION,24.5445934,81.3170901,,"G8V8+RRG, Ravindra Nagar, Rewa",0101000020E6100000AA5846344B545440119E1A796A8B3840
ABHAY CNG STATION REWA,24.5151109,81.230521,,"334, Chorhata, Rewa, Babupur",0101000020E6100000A30227DBC04E54402950D54EDE833840
Rimar Petrol CNG Pump,24.5003471,81.1119416,,Korigawan,0101000020E6100000F6C3190D2A47544000265FBF16803840
New Naini Service Station(with CNG facility),25.1617557,81.7680066,,"5Q69+M6R, Rewa Road, Jari Bazar, near PWD Guest House, Prayagraj",0101000020E61000002E872705277154400C7151D268293940
"Bharat Petroleum, Petrol Pump CNG Station -Shri Ganga Fuels",24.4156809,81.8709627,,"KARONDIA-SIDHI, SIDHI, Sidhi",0101000020E61000004C2256DABD77544065123F106A6A3840
Indianoil-Adani Gas Pvt Ltd CNG Station इंडियन ऑयल-अदानी गैस पीवीटी लि सीएनजी स्टेशन,25.2129408,82.0922831,,"637R+6W8, NH35, Panti",0101000020E61000004E1E60F7E7855440ECFBCB4983363940
"Best Petrol Pump & CNG Station-HPCL Best Filling Station, Bahri, Sidhi (M.P)",24.4653014,82.161854,,"Mayapur Road, Bahri",0101000020E6100000842EE1D05B8A544074C817FE1D773840
CNG Station Gail India,25.2695376,82.7149808,,"7P98+M3C Raja Talab Bazar, Kachhawa Rd, Kachnar, Thatra",0101000020E61000002651D43EC2AD5440D60A896A00453940
CNG PUMP NH19,25.2694946,82.714928,,"NH 19, Bhainsa",0101000020E6100000A9BF5E61C1AD5440D8721D99FD443940
Cng Pump,25.1122014,82.5411523,,"4G7R+5J4, Road, Mirzapur",0101000020E6100000EEA9413DA2A25440BF901F3BB91C3940
Jio BP & GAIL CNG,25.2650372,82.6987763,,"7M8X+79R, Thatra",0101000020E610000013EE3AC0B8AC544031395A7AD9433940
"Bharat Petroleum, Petrol Pump and CNG -City Auto Fill (Adhoc)",25.1085709,82.532556,,"NH 44, Mirzapur",0101000020E610000078D2C26515A254401BCC704DCB1B3940
Gas Station Diesel and Petrol,25.2609979,82.5803179,,"7H6J+94W, NH 2, Kaiyarmau",0101000020E61000002372B0ED23A554401ED324C2D0423940
BPCL CNG PUMP,28.0317437,80.5573724,,"2HJ4+MW, Southan",0101000020E61000005B6C49FDAB235440A25AE95A20083C40
CITY AUTO FILL (BPCL) PETROL DIESEL & CNG STATION,25.1482146,82.5484888,,"CITY AUTO FILL, Natwa, Mahant Shivala, Mirzapur",0101000020E61000003A8EC4701AA354402BCA5B64F1253940
Bp Mirza Murad Filling & CNGStation,25.2831257,82.7891297,,"7QMQ+7M2, Varanasi Vill: Gaurmadhukarshahpur",0101000020E61000005973DB1981B25440382806ED7A483940
"CUGL CNG Station, Bhagwati Filling",25.4917975,78.5540944,,"Gwalior Rd, near sutimeel, Mahendra Puri, Jhansi, Burha",0101000020E610000064B95B4876A353402BC1E270E67D3940
Central Up Gas Limited CNG Station,25.4482598,78.5660176,,"CHX8+8C2, Civil Lines, Jhansi, Jhansi Rly. Settl",0101000020E6100000773DE2A139A453408B1C7D27C1723940
CNG ADANI STATION SHAHEED SINGHRAN FILL ST,25.5365774,78.5093904,,"GGP5+JQJ, Gwalior - Jhansi Rd, Ambabai, Rund Karari",0101000020E61000005E3931DA99A05340D0C5F0225D893940
"Bharat Petroleum, CNG Pump - Mangalam Filling Station",25.6803415,78.901178,,Moth Rural,0101000020E6100000FB777DE6ACB95340919C4CDC2AAE3940
Adani CNG pump,25.5247217,78.7662517,,"GQF8+VG, Ujayan",0101000020E6100000480092440AB1534064004D2954863940
CUGL Mother Station JHANSI,25.4556971,78.51986,,"FG49+7WH, Lahargird, Jhansi",0101000020E6100000E89FE06245A15340CD61AD90A8743940
Ganeshi Hp Gas Godawn,25.9588646,79.4170094,,"nhai 27, MOUZA, RINIYA, Orai",0101000020E6100000F9C73148B0DA5340C84A822678F53940
GAIL (India) Limited IP-2 Raksha,25.465843,78.4468111,,"near Raksha Toll Plaza, Jhansi, Raksa",0101000020E6100000597F958D989C53400E12A27C41773940
Torrent Gas CNG Station,26.1949084,79.8067611,,"Near, Hindustan Auto, HPCL Station, Budhera, crossing, Bhognipur",0101000020E6100000D70B4FF9A1F3534037B75384E5313A40
Torrent Gas CNG Station,26.153845,80.009412,,"Tehsil, Harsh HP, SH-46 Kilometer milestone 22-23, Vill-Shakha Janwara, Ghatampur",0101000020E6100000280CCA349A00544033A7CB6262273A40
Bharat Petroleum CNG pump,25.5401575,80.2157833,,"G6R8+28, Surauli",0101000020E61000007821C264CF0D54406A300DC3478A3940
Torrent Gas CNG Station,26.247351,79.8574879,,"6VW4+WXX, HP Pukhrayan, HP Petrol Station, Barhauli, Jhansi - Kanpur Hwy, Pukhrayan",0101000020E6100000CECDED14E1F6534005A22765523F3A40
DODO IGL CNG STATION,26.1064549,80.3988421,,"494X+HG, Bahadurpur Kotara",0101000020E610000026F103A186195440BBFFD9A0401B3A40
"Bharat Petroleum, CNG , SAI FILLING STATION",25.5497926,80.3648611,,"ON SH, MAWAI BUJURGBANDA, Banda",0101000020E610000049055FE25917544033953435BF8C3940
Sahu CNG Filling Station,25.4585221,80.0303769,,"F25J+C52, Chhani Kalan",0101000020E61000007203F4B1F101544045FE4FB461753940
CNG pump Banda,25.4518221,80.3481322,,"F82X+P7C, Shastri Nagar, Banda",0101000020E6100000CF6B47CC471654402C1CF79CAA733940
HP PETROL & CNG PUMP - HINDUSTAN AUTOMOBILES,26.1951313,79.8064836,,"H P Dealers, Pukhrayan, Budhera Bhoganipur",0101000020E6100000AAB0636D9DF353400CEDF71FF4313A40
IGL CNG Pump (Proposed),25.4586262,80.2287209,,"F65H+FF5, Goyara Mugali",0101000020E6100000595AFC5CA30E5440B916D28668753940
Petrol Pump & CNG Pukhrayan HP,26.2475843,79.8575323,,"Jhansi - Kanpur Hwy, Barhauli",0101000020E6100000E0F027CFE1F65340C88047AF613F3A40
HP CNG AND PETROL PUMP - MAHADEVA FLG STN BANDA,25.4865,80.3531,,"HPC Dealers Vill: Ladakapurva, Bahraich RD. TEH.& Dist: Banda, Kanpur",0101000020E6100000ED0DBE3099165440068195438B7C3940
"EV charging,cng pump banda",25.5401197,80.2162098,,"G6R8+28, Surauli",0101000020E6100000C804A161D60D5440E36CDF48458A3940
Harsh HP HPCL Retail Outlet with CNG,26.1540536,80.0095722,,"SH-46 Kilometer milestone 22-23, Vill-Shakha Janwara, Tehsil, Ghatampur",0101000020E6100000D97CB7D49C005440C1D4850E70273A40
CNG GAS Station IGL,26.0733151,80.6435249,,"NH 19, Umrauli Kalyanpur",0101000020E610000059EA0F832F2954408FCD44C7C4123A40
Chandel Filling Station Bharat Petroleum & CNG,25.8184677,81.0361964,,"R29P+9F6, Khasmau",0101000020E6100000E88EB40A514254401455641987D13940
Rudra CNG PUMP,25.9688369,81.230359,,"X69J+G4Q, Makhadumpur Urf Munimabad",0101000020E6100000B7D5AC33BE4E544074A8F0B105F83940
Rudra filling station Bharat Petroleum and CNG PUMP,25.9732574,81.2232322,,"SH 38, Makhadumpur Urf Munimabad",0101000020E6100000819AB56F494E54400A979F6527F93940
CNG PUMP,26.1409251,80.5752959,,"4HRG+95R, GT Rd, Abhaypur",0101000020E61000007701E5A5D12454407FAFD7AA13243A40
Bharat Petroleum(CNG station),25.4440664,81.4375037,,Biharojpur,0101000020E610000041D8840F005C5440A140E955AE713940
Chauhan Filling Station cng sation,26.1987945,80.9445086,,"5WXV+GR6, Unnao - Raebareli Rd, Mubarakpur, Lalganj, Satanpur",0101000020E61000009CF232D4723C5440EB1F4432E4323A40
Petrol & IGL CNG pump,26.0540555,80.5757485,,"3H3G+J7, Madanpur",0101000020E6100000268E3C10D92454403FABCC94D60D3A40
Arun Petroleum & CNG pump,25.6707637,81.3194062,,Saini,0101000020E6100000F0C8B326715454400DD87A2BB7AB3940
BPCL CNG GAS STATION,26.2755799,81.2429574,,"76GV+65P, Maharajganj Rd, Hardasspur",0101000020E61000008ED4319D8C4F544059EF81678C463A40
CNG Pump 1,25.7176742,81.2255299,,"P69G+276, Amaon",0101000020E61000004A31F6146F4E5440D72E127FB9B73940
HP CNG PETROL PUMP - BAIJNATH AUTO FUELS,26.1804439,81.2379701,,"HPC Dealer BAIJNATH AUTO FUELS, SH-13A, near AIIMS Raebareli, Madhupuri, Munshiganj",0101000020E6100000413BF1E63A4F544040434992312E3A40
"RKBK LTD, SAIDNAPUR,PETROL PUMP& CNG",25.9826586,80.902403,,"XWM2+3X6, Saatmeel, Bhikhanapur",0101000020E6100000FD3383F8C0395440162296838FFB3940
HP CNG PETROL PUMP - VIJAY AUTO FUELS,26.2404245,81.2395988,,"HPC Dealer, Plot NO. 120, opp. Bombay Dharam Kanta, near Galla Mandi, Ekta Vihar Colony, Railway Model Colony, Raebareli",0101000020E61000004B8A3496554F54403BA8C4758C3D3A40
"HPCL Diesel, Petrol, ONLINE CNG # Samta energy point",26.1042859,80.5066856,,"Village - Hardaspur, Post- Bakewar, SH-46, Road, near BABA Kuwa, Chaudgra, Ghatampur",0101000020E6100000AA5670896D20544016EF117BB21A3A40
Petrol Pump & CNG station,25.4437669,81.4374293,,"CCVP+GX3, Biharojpur",0101000020E6100000FB7376D7FE5B54401C8C22B59A713940
Bharat Petroleum BPCL Petrol Pump CNG- BP MALWAN 2,26.003294,80.73587,,Baraura mode BPCL petrolPump,0101000020E6100000E2067C7E182F5440E54526E0D7003A40
"CNG Station- Bharat Petroleum-Lalgang Ajhara , Pratapgarh",25.9295785,81.7243173,,"NH 231 Raibareli Varanasi Highway, Lalganj Ajhara",0101000020E610000054DBF2365B6E5440939048DBF8ED3940
Ram Lal Ram Sukh Petrol & CNG Pump,25.7166572,81.5164823,,"HARNAMGANJ, SH-38, KUNDA, PRATAPGARH, 230204",0101000020E6100000A0DDC60B0E6154406471A4D876B73940
Indianoil-Adani Gas Pvt Ltd CNG Station,25.4442393,81.8582298,,"Mahatma Gandhi Marg, George Town, Prayagraj",0101000020E6100000F8DCAE3CED7654401219B1AAB9713940
Indianoil-Adani Gas Pvt Ltd CNG Station,25.4662477,81.9617388,,"FX86+GJ9, Jhunsi Rd, Malawan Bujurg",0101000020E6100000D652E5208D7D5440D1555F025C773940
Meera CNG Filling Station,25.453855,81.828506,,"Civil Lines, Prayagraj",0101000020E61000008CA2073E0675544047205ED72F743940
Indianoil-Adani Gas Pvt Ltd CNG Station,25.5322667,81.8411783,,"GRJR+WF3, Bela Kachhar Phaphamau",0101000020E6100000B62682DDD5755440F63F65A142883940
Naresh CNG pump amethi,26.1386164,81.8250076,,"4RQF+CV7, near petrol pump, Kherauna",0101000020E6100000E53CADECCC74544073B0485D7C233A40
Kartavya automobile n cng station,25.9577281,82.0133891,,"X257+4H5, Sonava",0101000020E6100000DDA7F45DDB805440D1F533AB2DF53940
Hari Seela and sons petrol pump and CNG Station,25.8069725,81.6761063,,"Derwa - Kunda Rd, Rajapur",0101000020E6100000A7C75B53456B54407845F0BF95CE3940
Cng Station,26.2661092,81.5473014,,"7G8W+CWV, Jais",0101000020E6100000858373FC066354402B2A87BB1F443A40
CNG PUMP,26.2566467,81.565315,,"7H48+M44, Jais",0101000020E61000000C3CF71E2E64544057201F99B3413A40
CNG STATION,25.4290183,81.9139692,,"CWH7+JH5, Jhusi, Jhusi Kohna",0101000020E610000048E3AB787E7A5440B1E2AF24D46D3940
Petrol and CNG Pump Nadeem Bhai,25.6905836,81.9029414,,"MWR3+65P, Prayagraj",0101000020E610000016CDB9CAC979544069273916CAB03940
HP PETROL PUMP/CNG station- SHAGUN SERVICE STATION,25.5321104,81.8410701,,"HPC Dealer Rudapur, Phaphamau, Faizabad - Allahabad Rd, Kanpur",0101000020E61000002E49AF17D47554408ADC1D6338883940
"Bharat Petroleum,CNGand Petrol Pump -Chowdhary Filling Station",26.1411824,82.0448428,,"NH 330 Sultanpur, Prayag raj Marg, Durga Pur",0101000020E610000082DD55B4DE82544053C59E8724243A40
Hind Filling Station Bharat Petrol & CNG PUMP,25.7018074,81.5160185,,"PG28+PC, Gayaspur",0101000020E610000062687572066154403E1757A6A9B33940
"Bharat Petroleum Petrol & CNG Pump , BAGHRAI FILLING STATION",25.996551,82.016065,,"SHEERABASITEHSIL, Patti",0101000020E61000000E677E3507815440CDCB61F71DFF3940
"Bharat Petroleum Petrol Pump CNG , ADARSH FUELS",25.8719132,82.1540022,,"VILLAGE PURE SUJAT, PO-URAIYA DEEHRANIGANJ - PATTI ROAD, MDR",0101000020E6100000C5200B2CDB89544062F316B435DF3940
Cng pump Sultanpur Lakhnow Road,26.2156892,82.1086196,,"6485+6F2, near Reliance Petrol Pump, Rampur Hanuman Ganj, Mahanpur",0101000020E6100000186D9F9FF3865440B4194C6837373A40
Bharat Petroleum And CNG,25.9128638,81.9972236,,"NH-96, Prayagraj - Pratapgarh Rd, BABAGANJ, Bela Pratapgarh",0101000020E61000002933EF82D27F5440C9B32671B1E93940
IndianOil (CNG) - Babbu Seth Filling Station,25.488558,82.008815,,"Khasgaon, Khodaypur, National highway, Sahson, Phoolpur",0101000020E6100000B62DCA6C90805440FD321823127D3940
Highway Energy Jaction BHARAT PETROLIUM PETROL DIESEL CNG PUMP,25.5920991,81.5528427,,"HHR3+WGM, Ramma Ka Purwa Rd, Dheemi",0101000020E6100000451559C661635440B47D7ECE93973940
Bharat petroleum Nikhil Fuel Services&Cng,25.743821,81.461996,,"PFV6+FMG, Lucknow - Prayagraj Rd",0101000020E610000080B8AB57915D5440F913950D6BBE3940
Pyarelal Feul Station(Diesel+Patrol+CNG),26.0706109,82.7200599,,"3PCC+62G, SH 30, Khanpur",0101000020E61000004E6A1E7615AE5440BA3D528E13123A40
MAHAVIR FILLING STATION CNG,25.7623647,82.7116275,,"chaukiya dham road, near Fire Station, Vishesharpur, Jaunpur",0101000020E6100000CBDB114E8BAD5440F61F3E552AC33940
"CNG Bharat Petroleum, Petrol Pump -Maa Sheetla Filling Station",25.753662,82.7075511,,"PACHHATIA,MANDAVIVER,DST J, Jaunpur",0101000020E6100000EDAF688448AD5440EA3C2AFEEFC03940
Om Sai Petrolpump and CNG Station,25.5850199,82.596711,,"Shivpur Mariahu Jaunpur Bypass (Uttar Pradesh Jaunpur District ( Mariahu Mariahu Bypass / Shivpur Region as, Jaunpur",0101000020E6100000768A558330A654405A023ADDC3953940
Bilar Mau Petrol & Cng Pump,26.0708107,82.7199563,,"3PC9+8XG, SH 34, Khanpur",0101000020E610000026C396C313AE5440F5B468A620123A40
Torrent gas cng,26.1848282,82.7903634,,"5QMR+RF, Imali Mahuwa",0101000020E610000025BD5E5095B25440E860A2E6502F3A40
DHRUV GANGA ONLINE CNG PUMP ( FULL PRESSURE),25.7424812,82.6770182,,"Machhalishahar Padaw Rd, PADAV, Tarapur Colony, Olandganj, Jaunpur",0101000020E6100000FFF2244454AB544014E5773F13BE3940
CNG pump,25.6923867,82.7147583,,"MPR7+XW2, Misirpur",0101000020E6100000DAC29899BEAD544074AF384140B13940
Reliance petrol pump/Torrent CNG Pump,26.184617,82.791214,,"5QMR+RF, Imali Mahuwa",0101000020E6100000CA880B40A3B254401F49490F432F3A40
CNG PETROL PUMP,26.9584888,79.0466611,,"X26W+FW, Agra - Lucknow Expy, Kathua",0101000020E6100000B49FD67EFCC253401195A1855FF53A40
Shree Balaji CNG Pump (Torrent CNG),26.646136,79.1978139,,"J5WX+F44, Sherpur Rasoolpur",0101000020E61000006ECCA1FBA8CC5340ACC43C2B69A53A40
DODO SUSHIL CNG STATION,26.9460186,78.8373921,,"Near, beside Jio BP pump, Mithepur, Jonai",0101000020E610000071DB08D597B553405F6864462EF23A40
Kakka CNG station,26.7646899,79.2545537,,"Q773+VRF, Bharthana, Mahmoodpur",0101000020E6100000DA249A9B4AD05340DE14A0B7C2C33A40
Bharat Petroleum Cng pump,26.5047429,78.614584,,"Mehgaon, Bhind, NH-92, Bhind, Bhind",0101000020E61000004529215855A753406163A8D436813A40
Torrent Gas CNG Station,26.6743347,79.1635481,,"Gaumati Filling Station, IOCL Statio, On National Highway 19, Bakewar, Bharthana",0101000020E6100000AB34739277CA5340D70EEB32A1AC3A40
AARTI BHUVNESH CNG STATION ( TORRENT GAS) JASWANTPURA,26.9314024,78.855791,,"WVJ4+M3, Dholpura",0101000020E6100000834D9D47C5B65340796A3F6370EE3A40
Torrent Gas CNG Station,26.8650714,78.9204851,,"HP Petrol Pump Shiva HP Junction, Shiva HP Junction, Etawah Rd, Jaswant Nagar, Agra, Malajani",0101000020E6100000233D563AE9BA534077B4BB5175DD3A40
TORRENT CNG PUMP,26.9462054,78.8374645,,"WRWP+FXP, Jonai",0101000020E6100000E7C3B30499B55340714C60843AF23A40
HP PETROL & CNG PUMP - GOVIND HIGHWAY SERVICES,27.180659,79.429596,,Bevar Chibramau Stretch KM Stone NO 290 Village Prempur,0101000020E6100000849F38807EDB534062BA10AB3F2E3B40
"CNG pump, Naglajula",27.2046437,79.0157486,,"cng pump, SH 83, Nagla Jula, Mainpuri, Auden Padariya",0101000020E61000004C7D6A0602C153401AD58E8763343B40
"Shree Bajrang CNG, Petrol and Diesel Filling Station",27.194208,78.827101,,"Vill- Kalhor Panchha Ghiror Agra Road, SH 84 Ghiror, Dist Mainpuri, Kanpur",0101000020E61000004A5F0839EFB453401F9F909DB7313B40
Reyaan fuels BPCL online CNG torrent,26.7357999,79.1043634,,"Etawah Kanpur Hwy, Etawah, Birari",0101000020E61000008F79D3E3ADC653406BE6DA615DBC3A40
HP Petrol Pump & CNG Filling Station,26.8650516,78.9206549,,"Uttar Pradesh 206245, India",0101000020E6100000BD998702ECBA53403C5A8B0574DD3A40
Ms/Hsd Panchsheel HP CNG Station,26.9644839,78.8164745,,Normai,0101000020E610000026E1421E41B45340BF04B86AE8F63A40
HP Petrol and CNG Pump,27.296082,79.416856,,"ON Mohammadabad Town Farrukhabad, Bewar Rd, Agra",0101000020E61000000CC9C9C4ADDA53402CEFAA07CC4B3B40
Hindustan Petroleum And CNG Filling station ⛽,27.0205831,78.948794,,"2WCX+9HX, SH-83, Mainpuri Road, Karhal, Kutukpur Buzurg",0101000020E61000000729780AB9BC5340AD591DEF44053B40
CNG-PETROL-DEISELShri Darbari Lal Filling Station,27.1816946,79.1167354,,"Elau chauraha, Mainpuri - Kushamara Rd, Madhupuri",0101000020E61000004552C19778C753401CDC8C89832E3B40
Ashutosh Rathore CNG filling station,26.8994905,79.3932973,,"V9XV+Q8V, Saman Katra, Dobaa Mafi",0101000020E6100000BA4670C82BD953400C90680245E63A40
Rajeev Fuels Online CNG pump- Bharat Petroleum,26.7328719,79.1062113,,"EKDIL,ETAWAH, Etawah",0101000020E6100000CDFD7A2ACCC653404AA82A7E9DBB3A40
Bharat Petroleum petroland cng pump,26.9593246,78.8234675,,"XR5F+P9G, Kumheri",0101000020E6100000697407B1B3B453408F3F074C96F53A40
"Bharat Petroleum, Petrol CNG Pump -Patiram Shivhare & Son",26.545633,78.747492,,"BHIND GWALIOR ROAD ON RHS, Bhind",0101000020E61000006281AFE8D6AF53404D9EB29AAE8B3A40
BPCL CNG Saran & Brothers,26.7679825,79.0385913,,"Saran and brothers, BPCL Station, Ekta Colony, Etawah",0101000020E61000003FDAA44778C253407B6649809AC43A40
NMB HP PETROL PUMP & CNG STATION,27.2172784,78.94832,,"6W8X+W88, Agra Rd, Nouner",0101000020E610000022895E46B1BC53409120A68E9F373B40
Ran singh jor singh fuels and cng,26.7528717,78.87516,,"QV3G+43V, Jaitpur Jamnapar",0101000020E61000001CB1169F02B853407C952133BCC03A40
HP RAJ FILLING STATION CNG AND PETROL,27.2053259,79.083893,,"634M+4H, Rajalpur",0101000020E610000041D7BE805EC553409285F93C90343B40
CNG PUMP SUSHILA HP FILLING STATION,27.2496461,79.1490957,,"Vill Mahawatpur Bhogaon Road Bhogaon Dist- Mainpuri, Kanpur",0101000020E61000005ADEB0C88AC95340EE128BCEE83F3B40
SURYAINDANE GAS GODM,26.5637768,78.7860916,,"HQ7P+GC8 KALI MATA MANDIR KE PASS, HAJURIPURA ROAD, Housing Colony, Bhind, Kiratpura",0101000020E6100000436A24534FB25340583E26AD53903A40
GAIL Gas CNG Station,26.5862857,79.5578887,,"Gail Compressor colony, Dibiyapur - Auraiya Rd, Harrajpur",0101000020E6100000B653CE72B4E35340CB9CD3D116963A40
Central Up Gas Limited CNG Station,26.42558,80.3196808,,"C8G9+7Q5 Show all cng station, Keshav Nagar, Juhi Kalan, Saket Nagar, Kanpur",0101000020E61000002F4A75A675145440E9D495CFF26C3A40
CUGL CNG Station,26.5059233,80.2786106,,"Makri Kheora, Khyora, Kanpur",0101000020E610000069D48DC1D4115440CEC87B3084813A40
Torrent Gas CNG Station,26.4487908,79.5248631,,"NH 19, Tilak Nagar, Bhadaura, Auraiya",0101000020E61000002458665B97E15340E5BE30F4E3723A40
Central Up Gas Limited CNG Station,26.4705701,80.3155436,,"111A, 10, GT Rd, Nihal Singh Market, Gumti No.5, Ashok Nagar, Harsh Nagar, Kanpur",0101000020E6100000939DC8DD31145440B7F9354877783A40
TORRENT CNG STATION,26.4768636,79.4781079,,"FFGH+P6X, Auraiya, Madhupur",0101000020E6100000649DE05199DE534020A79EBB137A3A40
CNG STATION,26.9045775,80.0141882,,Gujepur,0101000020E61000004EBF9F75E80054408B321B6492E73A40
CNG Pump CUGL,26.4288992,80.160668,,"NH 19, Sachendi, Bhisar",0101000020E6100000E1606F62480A5440D3478556CC6D3A40
Central Up Gas Limited CNG Station,26.4623989,80.3030433,,"88, National Highway 25, Industrial Estate, Fazalganj Industrial Estate, Fazalganj, Shastri Nagar, Kanpur",0101000020E610000067B1B90F65135440D53439C65F763A40
CUGL CNG Filling Station unnao,26.5222043,80.4468855,,Unnao,0101000020E61000009FE3A3C5991C5440A054562EAF853A40
Vinayak CNG station(Torrent Gas Ltd),26.4768308,79.4779619,,"FFGH+P5P, Etawah Kanpur Hwy, Rautiyapur, Auraiya",0101000020E6100000FA4E82ED96DE5340BBB95395117A3A40
CNG STATION- NEELAM HPCL,26.5616039,80.2388754,,"H66Q+JHR, Bagdodhikachhar and Pargahi Kachha, New Kanpur City",0101000020E610000069B40BBC490F54405ACEEF45C58F3A40
Maheshwari HP Filling Station CNG,27.2458,79.6356,,"FATEHGARH-GURSAHAIGANJ ROAD, Rajipur, Deoran Gadhiya",0101000020E61000009B559FABADE85340575BB1BFEC3E3B40
Cng pump indian oil,26.5278123,80.2352122,,"105, 105, Patrakarpuram - Indira Nagar Rd, Pargahi Bangar, Kalyanpur, Kanpur, Naramau",0101000020E6100000B2A778B70D0F544032EDF6B41E873A40
Central Up Gas Limited CNG Station,26.4551631,80.2763949,,"119-A, opposite Malik Petrol Pump, Dada Nagar, Govind Nagar, Kanpur",0101000020E6100000FF113C74B011544092D8A49185743A40
Central Up Gas Limited CNG Station,26.4414294,80.3227565,,"Lock No 12055, Rakhi Mandi, 127/435, Near Bara Devi, Vinoba Nagar, Juhi Kalan, Juhi, Kanpur",0101000020E61000009204E10AA81454402F7E648401713A40
Shree CNG Station Unnao (CUGL),26.4813525,80.4516716,,"Charlestown Institutional Area, Banthar",0101000020E61000000CA2FF2FE81C54400C59DDEA397B3A40
ShriKrishan CNG Pump Mainawati - CUGL,26.5239957,80.276526,,"A no-215, Mainawati Marg, Sambharpur, Kanpur",0101000020E6100000999F1B9AB2115440A0BE0A9524863A40
Central Up Gas Limited CNG Station,26.49623,80.2506982,,"F7W2+F7W, Keshavpuram, Kalyanpur, Kanpur",0101000020E6100000A18A76700B105440494BE5ED087F3A40
Central Up Gas Limited CNG Station,26.4213706,80.3741092,,"C9CF+GJW, Netajinagar, Krishna Nagar, Kanpur",0101000020E61000007FC8B667F1175440F37E92F1DE6B3A40
HP PETROL PUMP & CNG Station- KRISHNA FILLING STATION,27.0958,79.7913,,"KM Stone NO 330 Gursahaiganj- Stretch Jalalabad, GT Rd, Kanpur",0101000020E6100000CA54C1A8A4F25340F1F44A5986183B40
Central Up Gas Limited CNG Station,26.4612714,80.295238,,"F76W+G35, Pratapganj, Fazalganj, Shastri Nagar, Kanpur",0101000020E610000055A2EC2DE51254408494E9E115763A40
Bharat Petroleum CNG Station,26.4249377,80.1565798,,"C5F4+XJJ, Kisan Nagar, Bhisar",0101000020E6100000B60D4867050A5440645694B7C86C3A40
CNG PUMP SHIVRAJPUR,26.6881767,80.1378024,,Chak Bencha,0101000020E6100000DC5328C1D1085440845E24592CB03A40
Central Up Gas Limited CNG Station,26.4348328,80.2904482,,"Barra 8, Barra, Kanpur",0101000020E6100000A70B0CB496125440653ACF33516F3A40
CNG Shri Narayan Automobiles - Top Filling Stations in Kanpur,26.4272115,80.3199284,,"15 - W, Hamirpur Rd, Keshav Nagar, Juhi Kalan, Juhi, Kanpur",0101000020E6100000F1C3F7B479145440A0F99CBB5D6D3A40
Cng station,26.449923,80.3318736,,"C8XJ+XP9, Juhi Naher, Dhaka Purwa, Cooperganj, Kanpur",0101000020E6100000F899C46A3D155440DCB75A272E733A40
Sri Ramlal Singh Filling Station Hindustan Petroleum& CNG Staion,27.1410433,80.0850485,,"Hirapur, Hardoi, State Highway 38, Madhoganj Rd, Bilgram",0101000020E6100000BA84436F71055440E6D1E8691B243B40
CNG Chaubepur,26.6345868,80.1713642,,"J5MC+RGQ, Mariyani, Dedoopur",0101000020E610000022AD8CA1F70A54402A79D04774A23A40
CNG & PETROL PUMP MAA GAYATRI HP,27.0572092,80.1507676,,"BILGRAM - UNNAO ROAD, Mohiuddinpur",0101000020E6100000F8D2252DA6095440C3071B43A50E3B40
CNG Station Panki,26.459425,80.2214432,,"Cng pump, Panki Padaw, Saraimita, Kanpur",0101000020E6100000FB7A19202C0E5440FDF675E09C753A40
SADGURU KRIPA CNG FILLING STATION,27.0417103,79.6465465,,"Mo jerkila, Talgram, Chand Pura",0101000020E6100000F835920461E953400668B686AD0A3B40
CNG स्टेशन- रनिया,26.4119893,80.0951444,,"Mega CNG Station Torrent Gas, Rania Industrial Area Village - Umran, Tehsil- Akbarpur, Dist- Ramabainagar, Kanpur",0101000020E6100000719989D8160654404BCD792178693A40
Kanhaiya Lal cng Filling Station,27.0149155,79.4887808,,"Bidhuna Road, Saurikh, Hushe Pur",0101000020E61000006ABA432F48DF534018B49080D1033B40
"Highway Fuel Centre, Pasner (HP Petrol Pump cng)",27.1962957,80.0242012,,"52WF+JP, Pasner",0101000020E610000088A130838C0154406ED85B6F40323B40
CNG,26.4642575,80.2502535,,"F772+P42, Shahpur, Panki, Kanpur",0101000020E6100000698D412704105440376C5B94D9763A40
Bharat Petroleum Petrol Pump (Petrol+CNG+Diesel),26.4040625,80.3583125,,"New Azad Nagar, Yashoda Nagar, Kanpur",0101000020E6100000DF4F8D97EE1654403D0AD7A370673A40
Avadh Cng Wark Shop,26.4616631,80.2979338,,"Kalpi Rd, Fazalganj Industrial Estate, Fazalganj, Shastri Nagar, Kanpur",0101000020E6100000DFD7ED58111354401D458C8D2F763A40
CNG Autofil - Dealer Bharat Petroleum Company Limited,26.4385786,80.3267545,,"O Block, G 30, Jawahar Rd, Naya Purwa, Kidwai Nagar, Kanpur",0101000020E610000089D4B48BE9145440B8B9E7AF46703A40
HP PETROL PUMP &CNG FILLING STATION - HARI FILLING STATION,26.4963396,80.2506881,,"Awas Vikas Tempo Stand, BY Pass DT u) UP, Panki - Kalyanpur Rd, Awas Vikas, Maswampur, Kalyanpur, Kanpur",0101000020E6100000C5BF19460B105440B0B5AD1C107F3A40
NARENDRA FILLING STATION Bharat Petroleum and CNG STN.,26.4315517,80.3789013,,"144, Western Sub Metropolitan Bypass Rd, Tadi Khana, 131E/5, Ompurwa, Kanpur",0101000020E61000005CFA3CEB3F1854408008162C7A6E3A40
HP Petrol cng Pump - New Basant Automobiles,26.43485,80.290573,,"Kanpur P Road, Barra 8, Barra, Kanpur",0101000020E610000070067FBF9812544065AA6054526F3A40
Rajesh filling station (CNG+ PETROL PUMP),26.5518599,79.7262299,,"MDR 85C, Jhinjhak, Nasar Khera",0101000020E61000002778F98C7AEE53404D79BEB0468D3A40
"Gaurav Filling Centre- Indian Oil Petrol, Diesel & CNG Pump",26.4253565,80.3099067,,"Plot No-1358-B, W-2, Juhi, Damodar Nagar, Barra By Pass, NH-2, Kanpur",0101000020E6100000EC53E982D51354401AA4E029E46C3A40
R.B.FILLING PETROL & CNG STATION,27.1170062,79.7304285,,"4P8J+R53, GT Rd, Ismailpur, Gursahaiganj",0101000020E61000003FE42D57BFEE5340E26D4A1EF41D3B40
Central Up Gas Limited CNG Station,26.5140378,80.4757291,,"NH 27, Deeh",0101000020E61000005A907758721E544065E833FB97833A40
Green Gas Limited CNG Station,26.7650435,80.8744044,,"QV8F+2Q6, Amausi, NH 25, Alambagh, Lucknow",0101000020E6100000A05EDF3DF637544073840CE4D9C33A40
Green Gas Limited CNG Station,26.8649702,81.0024578,,"V272+XWR, Picup Bhawan Rd, Near Bank of Baroda Vibhutikhand Gomtinagar Branch, Vibhuti Khand, Gomti Nagar, Lucknow",0101000020E6100000B0A7C24428405440BB03E1AF6EDD3A40
Green Gas Limited CNG Station,26.7418287,80.9639443,,"yojma mother station, sec 18, Vrindavan",0101000020E610000099EA6E43B13D5440F4BB557CE8BD3A40
Green Gas Limited CNG Station,26.9104419,80.948556,,"Usman Enclave, B-2/1, Aliganj, Lucknow",0101000020E61000002C9B3924B53C5440796869B812E93A40
CNG STATION (MAIN),26.5770711,81.4228538,,"HCGF+R4, Chaubeesi",0101000020E6100000517F6209105B54407DF77DEEBA933A40
Torrent Gas CNG Station,26.6193674,81.3493554,,"No.53, Suresh Filling Station, IOCL Station, NH731, near KM Stone, Gatauna, Haidargarh",0101000020E6100000956BC0D65B5654406435A7DC8E9E3A40
Green Gas Limited CNG Station,26.7771589,80.9512219,,"6A, CNG pump, 750, Babhnan Basti, Vrindavan Colony, Lucknow",0101000020E61000004BEFD1D1E03C54409B4BBBE2F3C63A40
Torrent Gas CNG Station,27.1101185,81.0640433,,"4367+2JV, SS Filling Station, IOCL Station, near SBI Ramnagar, Ramnagar",0101000020E6100000C9C1114919445440402FDCB9301C3B40
Green Gas Limited CNG Station,26.8932388,81.0721538,,"V3VC+7VR, Uattardhona",0101000020E61000000ED2F82A9E445440AE84494CABE43A40
Green Gas Limited CNG Station,26.764246,81.1240123,,Q47F+QJ9,0101000020E6100000503349D1EF4754404C1938A0A5C33A40
Heera CUGL CNG Station,26.5302661,80.496157,,"Ab Nagar, Unnao",0101000020E61000009D2B4A09C11F54406EADE584BF873A40
Shri Kedar CUGL CNG Gas Station,26.5307546,80.4793043,,"Adarsh Nagar, Hiran Nagar, Unnao",0101000020E61000004255F1EBAC1E54409A339188DF873A40
Green Gas Limited CNG Station,26.8740003,80.8650799,,"VVF8+J24, SH 25, Ahiran Khera, Lucknow",0101000020E610000053BB15785D375440B631D17BBEDF3A40
Green Gas Limited CNG Station,26.7873652,80.9121231,,"QWP6+WRM, Sector I, Sector M, Ashiyana, Lucknow",0101000020E6100000461B9139603A54402D0208C490C93A40
Slp road Cng pump gotauna haidargarh,26.6193767,81.3494467,,"J89X+QQ4, Sultanpur Rd, Gotauna",0101000020E61000007D0CB1555D5654408767AE788F9E3A40
Green gas limited(CNG station/pump),26.7739299,80.8975377,,"QVFX+H2F, Hindnagar Colony, Transport Nagar, Lucknow",0101000020E6100000551BF7417139544084E5194520C63A40
CNG,26.8525527,81.0504317,,"V332+25F, Amity University Rd, Ashraf Vihar Colony, Chinhat, Lucknow, Nijampur Malhaur",0101000020E6100000A18BE1453A435440D39DCCE440DA3A40
Green Gas Limited CNG Stationlucknow,26.9303336,80.9051049,,"WWJ4+42Q, Prabandh Nagar, Mubarakpur, Lucknow",0101000020E6100000C23C1A3DED395440B55EC2572AEE3A40
Torrent Gas CNG Station,26.9286839,81.213337,,"Bansal fuel Pump, HP Dealer Railway Road, Old, Faizabad Rd, highway, Barabanki",0101000020E6100000B6813B50A74D54405DD2623ABEED3A40
SS FILL n FLY Torrent CNG station,26.9550554,81.2671592,,"post office, NH-927, Barabanki-baharaich highway, Village Nayagaon, Tehsil, Shahab Pur, Barabanki",0101000020E6100000D5B4E6221951544042DEBC827EF43A40
HP PETROL & CNG PUMP - SHAKTI FILLING STATION,26.6782071,80.817733,,"H P Dealers (NH-25) Banthara, Kanpur - Lucknow Rd, Lucknow",0101000020E61000000AF7CABC553454403E6A02FB9EAD3A40
Green Gas Limited CNG Station,26.8838082,81.0410995,,"V2MR+H95, Deva Rd, Khand -2, Matiyari, Kamta, Lucknow",0101000020E61000007218CC5FA1425440C7EF124141E23A40
Green Gas Limited CNG Station,26.7986651,81.0089853,,"Q2X5+FH2, Sultanpur Rd, Golf City, Bagiamau, Ahmamau, Lucknow",0101000020E61000004469143793405440E2F4E45075CC3A40
Green Gas Limited CNG Station,26.7483563,80.9066225,,"PWX4+8JX, Bijnor",0101000020E610000056D4601A063A54406D414A4794BF3A40
Aelia filling centre & CNG pump,27.0594724,81.052827,,"Kursi - Dewa Rd, Kursi",0101000020E610000021567F8461435440BF034D95390F3B40
Cng station/pump,26.4023377,81.0732255,,"C33F+677, Madan Tusi",0101000020E6100000EEEE01BAAF445440A7727F9AFF663A40
Online CNG Pump & MRF auth Tyre Dealer (Suresh Filling Centre),26.6362738,81.3705254,,"Near, Purvanchal Expy, Haidargarh, Gharkuiya",0101000020E610000097D52AB0B6575440394DFAD6E2A23A40
SKP CNG & Petrol Filling Station,26.904064,81.18514,,Barel,0101000020E61000009D4B7155D94B5440AF7D01BD70E73A40
Torrent Gas CNG Station,27.0850149,81.3952155,,"Awadh Filling Station, IOCL Station, opposite S V Dhaba, Tikaitganj, Barabanki, Burhwal",0101000020E6100000D4D7F3354B595440372C5789C3153B40
HP PETROL AND CNG GAS FILLING STATION KUSHMANDA,26.7017854,81.0093635,,"NH230, Dharmawat Khera, Inderjeet Khera",0101000020E6100000AC915D69994054406ECF3D35A8B33A40
HP PETROL PUMP & CNG STATION - RADHEY SHYAM & CO.,27.0677229,80.4919187,,"OPP. Sant Kripal School Road Sandila, Hardoi",0101000020E61000009D3292987B1F5440B6B0B84956113B40
Torrent Gas CNG Station,27.0592861,81.0524588,,"3352+PX8, Aelia Filling Centre, IOCL Station, Kursi - Dewa Rd, opp. Sardarji Dhaba, Kursi",0101000020E6100000CB98277C5B4354407E9BB45F2D0F3B40
Green Gas Limited CNG Station,26.7018259,81.0094372,,"P225+PQ8, Inderjeet Khera",0101000020E610000069577C9E9A4054405BFCB7DCAAB33A40
Hindustan Petroleum HP PETROL and CNG PUMP - JANTA AUTO,26.8932208,81.0721621,,"Tiwariganj PO Chinhat DT Lucknow UP, Lucknow",0101000020E6100000AFE0C84D9E445440621B4C1EAAE43A40
CNG (online)and Petrol Pump Barabanki (Srivastava Fuel Centre),26.9153341,81.1664498,,"Lucknow - Faizabad Rd, Barabanki",0101000020E61000003FDB0F1DA74A5440E169E85553EA3A40
Torrent gas online CNG station Barabanki,26.9111428,81.2131624,,"W667+F7, Shuklai",0101000020E6100000292FE873A44D544062FC8FA740E93A40
Bharat Petroleum (CNG GAS Available),26.5128,81.0746,,"Dakhina, Rae Bareli, NH-24B, Allahabad Lucknow Road, Bachharawa",0101000020E61000000612143FC644544088635DDC46833A40
JIO BP (RELIANCE) DIESEL PETROL & CNG PUMP,26.8291474,80.8620432,,"PARA, DUBAGGA ROAD, near TIKONIYA CHAURAHA, ALAMBAGH, Lucknow",0101000020E61000004FEF3DB72B3754403D90060143D43A40
CNG,26.900401,81.3336308,,"W82M+49, Chandwara",0101000020E61000000DBCFF345A555440234910AE80E63A40
HP CNG PETROL PUMP - HAMARAPUMP BADAURA MALIHABAD,26.9299273,80.7114247,,"Hpcl Dealer Malihabad Mall Road Malihabad, Lucknow",0101000020E6100000430477FB872D544057282DB70FEE3A40
Green Gas limited CNG pump,26.7311625,80.9019531,,"PWJ2+FQ8, Bijnor",0101000020E6100000A7C17E99B9395440C58F31772DBB3A40
Nirmal Filling Station (CNG GAS),26.431669,81.128529,,"C4JH+MC, Kandawan",0101000020E61000009BE5B2D13948544070B20DDC816E3A40
Green Gas Limited CNG Station,26.9298953,80.7113282,,"WPH6+XF5, Firozpur",0101000020E61000003EEEB666862D544040344E9E0DEE3A40
Green Gas Limited CNG Station,26.8376173,80.8445381,,"RRQV+2RV, Unnamed Road",0101000020E610000076EE87E90C36544057105E166ED63A40
Bharat Petroleum+CNG,26.5341782,80.4777745,,"94, Adarsh Nagar, Hiran Nagar, Unnao",0101000020E610000037177FDB931E5440743C0BE7BF883A40
CNG Station,27.130764,81.9446537,,"4WJV+8V2, Housing Colony, Gonda",0101000020E6100000E8E2CA34757C5440807EDFBF79213B40
Torrent Gas CNG Station,27.1334519,81.6830196,,"4MMM+C62, SH 13, Colonelganj, Narayanpur Majha",0101000020E6100000BA21D797B66B5440CD165AE729223B40
CNG Filling Station,26.6062863,82.3481265,,"Akabrpur, Faizabad Rd, Tandauli",0101000020E6100000BE175FB4479654404A833694359B3A40
Torrent Gas CNG Station,26.7881865,82.3494797,,"Q8QX+7QH, Kumar Fuels, HP Petrol Pump,Gorakhpur- Luckhnow National Highway Thana Chhwani, Pachwas, Harraiya",0101000020E61000006B871AE05D96544011A62897C6C93A40
Torrent Gas CNG,26.8772777,82.1334291,,"V4GM+WC6, Louwabirpur",0101000020E61000006C35351A8A8854409602774595E03A40
MAA JALPA HP FILLING STATION / CNG AVAILABLE,26.7821545,82.177858,,"Udya public school chaurah, Maa Jalpa HP Filling Station Jalpa, Ayodhya - Faizabad Rd, Ayodhya",0101000020E61000003F558506628B544053EBFD463BC83A40
CNG krishna filling station,27.162909,82.263212,,"5777+578, Rehra Bazar, Itawa",0101000020E61000008BFA2477D89054405C397B67B4293B40
H P Petrol & CNG Pump,26.7882333,82.349377,,"Q8QX+7QR, Pachwas, Bharwaliya",0101000020E6100000603E59315C965440401E55A8C9C93A40
JBR CNG Filling Station,26.5840259,81.958151,,"HXM5+J76, Harrington-Ganj Road, Achhora, Paliya Pargana",0101000020E61000004D689258527D54405884ACB882953A40
Bharat Petroleum cng COCO Pump - BP Purvanchal,26.5496419,81.5952374,,Village Saraiya Peerzada,0101000020E6100000CA969B5E18665440E502E154B58C3A40
Meera Filling Station Bpcl CNG Pump,26.5511567,81.4611,,"HF26+6H4, NH731, Chilauli, Ashrafpur",0101000020E6100000E10B93A9825D5440A678019B188D3A40
"Torrent Cng filling stations, टोरेंट सीएनजी फिलिंग स्टेशन",26.4387276,82.5465146,,"CGQW+FJR, Patel Nagar, Akbarpur",0101000020E610000056725F18FAA2544042DAB57350703A40
Torrent Gas CNG Station,26.5506078,83.0266198,,"H22G+6JG Hospital, Anil Filling Station, HPCL Station, Village Malauli, Dhanghata, Ram Janki Marg, near Malauli",0101000020E6100000459B8823B4C154402AECFDA1F48C3A40
Sagar Automobiles Fuel & CNG Station,26.8230996,82.7320366,,"Sagar Automobile, Chauraha, near Hardiya, Basia",0101000020E6100000671E0AB0D9AE5440C659C7A7B6D23A40
Torrent Gas CNG Station,26.6107464,82.5390904,,"Avadh Filling Station, IOCL, Plot no, Gata no 16 & 17 , on Faizabad Tanda Road Near KM Stone 21 , Yarpur , Iltafatganj, Jalalpur",0101000020E61000009B65057580A25440552646E0599C3A40
Indian Oil J.K.Filling Station Torrent Gas CNG Station,26.4436561,82.6440802,,"Akbarpur - Baskhari Rd, Ramnagar Narsinghpur",0101000020E610000013C0289C38A95440C02B387293713A40
Torrent Gas CNG Station,26.5906585,82.5876683,,"Banke Bihari Filling Station, HPCL, Plot No. 65 & 66, Vill. Khairpur PO: Makhdumnagar Opp NTPC Plant, Tehsil- Tanda, Tanda, NTPC Police Chowky",0101000020E61000005759805B9CA55440BB9A3C6535973A40
Torrent Gas CNG Station,26.8232046,82.732155,,"Sagar Automobiles, IOCL Station, Basti-Manouri Chauraha Road, NH 28 Near Hardiya, Chauraha, Basti",0101000020E61000009626A5A0DBAE5440B1EA6289BDD23A40
Torrent gas CNG filling station,26.7767632,82.7032126,,"QPG3+JC4, SH 5, Sansarpur",0101000020E6100000A6C86B6F01AD54407FBCFCF3D9C63A40
S&J Group Torrent CNG,26.6370848,83.376889,,"J9PG+HRG, NH 24, Chandauli Khurd, Jangl Ranee Sohas Kunwar",0101000020E6100000384E0AF31ED8544059C74CFD17A33A40
CNG Pump,26.5907509,82.5884604,,"HHRQ+7CF, Khairpur",0101000020E61000006E3FCF55A9A55440239573733B973A40
"Gajendra Filling Station (Diesel l,Petrol and CNG",26.7828372,82.7280402,,"Mahson Mahuli Rd, Bhuor, Basti",0101000020E6100000174BEC3598AE54409B17CC0468C83A40
Adarsh petrol & CNG pump,27.0208881,82.6664392,,"SH 26, Jogia",0101000020E61000006F319AF0A6AA544026602AEC58053B40
Torrent Gas CNG Station,26.5607451,82.6406859,,"HJ6R+77C, Chandrawati Petrol Pump, IOCL Station, Village Ashokpur Tanda-Faizabad Road, SH 30A",0101000020E610000088E06EFF00A954406AE4A9FD8C8F3A40
Petrol Pump and cng pump,26.4384958,82.5464771,,"CGQW+9HX, Patel Nagar, Akbarpur",0101000020E6100000D420167BF9A25440F06EC04241703A40
Megha gas CNG Station,27.8769696,78.7348107,,"VPHP+22X, SH 33",0101000020E61000000E50752307AF53401196671481E03B40
Megha Gas CNG station,27.827317,78.667093,,"Surya Factory, Soron Road, Kasganj",0101000020E6100000FE98D6A6B1AA5340C26C020CCBD33B40
HP Petrol & CNG pump,28.0299064,78.9375612,,"2WHQ+X2, Sabdalpur",0101000020E6100000E8FFB00001BC5340ECF021F2A7073C40
Jaithra Fuel & CNG Pump,27.5142303,79.0120941,,"Achalpur - Etah Aliganj Rd, Jaithara",0101000020E61000005FFE5426C6C05340BE1CD198A4833B40
CNG station from hp pump,27.5485349,79.3476602,,Gird Kaim Ganj,0101000020E6100000BC47911040D65340F23680C86C8C3B40
Jai kisan CNG Pump,28.1258379,79.221841,,"Vill, Binawar",0101000020E61000005DFA97A432CE5340EA18A1E936203C40
CNg station,27.8144,78.8139467,,"RR77+PJ, RR77+PJ8, opposite Vipin kumar yadav web design, Lakhmipur Sundersingh",0101000020E6100000FA4BE6B317B45340C6DCB5847CD03B40
CNG Pump Etah,27.512992,78.7451557,,"GP7W+42, Harchandpur Kalan",0101000020E6100000647B88A1B0AF5340111C977153833B40
Vireshwar Singh Filling Station & CNG,27.5452537,78.631294,,"Agra Road Near Dehat Kotwali, Agra Rd, Police Line, Etah",0101000020E61000004E0AF31E67A85340E38519BF958B3B40
CNG HP PETROL PUMP - SHRI GIRIRAJ FILLING STATION,27.4730244,78.831394,,"Kuravali Stretch, GT Rd, Etah, Malawan",0101000020E6100000CD052E8F35B55340C435882018793B40
CNG PETROL Petroleum,27.5471677,78.8159073,,"GRW8+R9R, Bagbala, Etah, Etah Aligrah Kaimganj Road, Etah, Etah",0101000020E6100000558440D337B4534073EDB02E138C3B40
Hamara Pump Rama (Fuel Filling station and CNG center),28.1204304,78.9069035,,"MDR 61W, Angaul",0101000020E61000003048FAB40ABA5340B771D586D41E3C40
Shri Siddh baba HPCL CNG PUMP,28.2343017,79.4510812,,"6FM2+PCG, Bareilly",0101000020E6100000CA75AE83DEDC5340AFE53A32FB3B3C40
HP PETROL PUMP - CNG ANEJA FILLING STATION,27.8836937,79.1092182,,"CNG pump, Aneja Filling Station, road, Kadar Chowk, Chaudera",0101000020E61000003148556EFDC65340652E15C039E23B40
HP Petrol Pump - Shiv Filling Station CNG,28.2806475,78.9109186,,"Ranet Chouraha Bisouli, Ranet Govindpur",0101000020E61000005C14877D4CBA53404434BA83D8473C40
Madhav Filling Station BPCL + CNG Station,28.0856339,78.7179597,,"Khairpur Khairati, Sahaswan",0101000020E610000024D63D0DF3AD5340CFED6F1AEC153C40
Hamara Pump Shri Bankey Bihari (CNG),28.2934491,79.1407895,,"5km from Nurpur Marhi Chowk , Ram Nagar, Road, Aonla",0101000020E6100000B187F6B102C95340678AEF7A1F4B3C40
HP PETROL AND CNG PUMP - PUNJAB AUTO SERVICE AD HOC,28.004932,79.0290279,,"Budaun Ujhani, Ujhani Bypass, Agra",0101000020E6100000FB4AD697DBC1534031B43A3943013C40
HP PETROL PUMP AND CNG FILLING STATION (SHRI SHYAM HAMARA PUMP USHAIT),27.8038207,79.2372216,,"Kakrala-Ushait Rd, Usahait, Kaithola",0101000020E6100000E87981A32ECF53400B598231C7CD3B40
Awagarh Gas Station,27.4502965,78.4989043,,"FF2X+4H6, Awagarh - Etah Rd, Yadav Nagar, Pooth",0101000020E61000005D154D0CEE9F5340D600A5A146733B40
CNG Pankaj Filling Station,28.1694117,79.5694227,,"NH 730C, Pachauni",0101000020E61000006786E86B71E453404D0FAF905E2B3C40
CNG STATION,27.5045783,79.7865816,,"GQ3P+RJP, Rupapur - Pali Rd, Munder",0101000020E6100000AAE8595A57F2534072C5200B2C813B40
HP PETROL AND CNG PUMP - ANSH FUEL CENTRE,27.8225318,79.9249291,,"RWCF+PQF, Village Chaudhera Bangar ON Shahjahanpur-hardoi RD, Lucknow - Hardoi - Shahjahanpur Rd, near Reliance Power Plant, Koyal Bagh Colony, Lucknow",0101000020E610000099E7D20932FB534086EBAC7191D23B40
Satya filling Station CNG,27.7488125,79.6556875,,"Major District Road, 5W, Malupur, Sujawalpur",0101000020E61000005839B4C8F6E9534004560E2DB2BF3B40
"JP PETROLEUM, CNG Filling",27.7341727,80.3077643,,"NH-30 REHJANIA, Lakhimpur - Maigalganj Marg, near TOLL PLAZA, Maigalganj",0101000020E610000016D80869B2135440B31DF8BDF2BB3B40
Bareily cng pump,28.2850717,79.4970439,,"NH 30, Rajau Paraspur",0101000020E610000048CB3791CFDF5340DF837C75FA483C40
Sakshat Filling Bharat Petroleum CNG pump,27.954003,80.2306267,,"Mohammdi, Kheri SH-93, Mahomadi, Gola Road, Lakhimpur",0101000020E610000067857D96C20E54403049658A39F43B40
Highway Fuels CNG PUMP IOCL,28.2541,79.514,,"Karanpur Jerh, Bareilly, NH-24, Bareilly Shahjahanpur Road, Bareilly, Bareilly",0101000020E610000037894160E5E05340E2E995B20C413C40
CNG SATYA PREM SERVICE CENTRE,27.8657106,79.932704,,"Gram, Road, near BJP office, Reti, Hattorah Chauraha, Lauka",0101000020E61000004C361E6CB1FB5340F0CCBA359FDD3B40
HP PETROL PUMP & CNG PUMP - RAJENDRA NATH KATIYAR FILLING STN,27.45012,79.670155,,"ON Farrulhabad-jalalabad Road Vill- Gandhi Distt- Farrukhabad, Agra",0101000020E61000000E10CCD1E3EA5340884677103B733B40
Larati Devi Filling Station CNG Pump,27.7045279,80.3675778,,"Larati Devi Filling Station, NH30, Maigalganj, Lidhipai",0101000020E6100000156F0965861754409B9EC1F05BB43B40
HP CNG PETROL PUMP - PALI VIKAS CENTRE,27.5293282,79.835707,,"Farrukhabad Road P O Pali, Dist, Lucknow",0101000020E6100000738236397CF55340BDD98B0D82873B40
"Sainath fueling Station Diesel, petrol, CNG, By Hindustan Petroleum",27.8925,79.841,,"Bamiahar, Shahjahanpur, NH-24, Bareilly Shahjahanpur Road, Shahjahanpur, Shahjahanpur",0101000020E6100000E7FBA9F1D2F5534014AE47E17AE43B40
HP PETROL PUMP - SHAZ FUEL/CNG,27.8578035,79.676899,,"MDR5W, Ismailpur, Meeragpur",0101000020E61000007DEC2E5052EB5340F3E49A0299DB3B40
Omwati Filling station and CNG,27.9059457,80.2468791,,"W64W+57Q, Palabhai Kachnar",0101000020E61000003824FFDDCC0F5440AB73B10EECE73B40
Chandra Sales Bharat Petroleum and CNG,28.2422,79.5199,,"Jerh, Bareilly, NH-24, Bareilly Shahjahanpur Road, Bareilly, Bareilly",0101000020E6100000304CA60A46E153405917B7D1003E3C40
Mitoulgadh Fuel and CNG Station -Bharat petrolium,27.9404334,80.748754,,"WPRX+5GC, Chhauchh",0101000020E6100000F3AFE595EB2F5440EB10493EC0F03B40
SHAHAB TRANSPORT CNG STATION,27.4580726,80.7854882,,"FQ5P+65H, Bhagwatipur",0101000020E610000036994C70453254409631F43E44753B40
"Bharat Petroleum, Petrol CNG Pump -Laxmi Trading Company(Dhanipur)",27.5402696,80.7234179,,"DHANIPUR,NH-24,, Sitapur",0101000020E6100000D375977A4C2E5440E305C71B4F8A3B40
Shahab Transport Corporation Bharat Petroleum CNG,27.4579,80.7849,,"Dahaliya Srirang, NH-24, Sitapur Rd, Sitapur",0101000020E610000058A835CD3B325440A1D634EF38753B40
CNG GIRI PETROLEUM BPCL,28.2385322,80.8535339,,"PALIYA, Palia - Nighasan Rd, Nighasan",0101000020E6100000C0A1A64CA0365440FE0A3E72103D3C40
Biswan Filling Station Petrol Diesel CNG ⛽,27.504542,81.0501945,,"Bahraich - Sitapur Rd, near Debiyapur Chauraha, sitapur, Biswan, Ahmada Pur",0101000020E61000001AFCFD62364354405C751DAA29813B40
"Bharat Petroleum, Petrol Pump & CNG -Hameed Filling Station",28.013293,81.0802054,,"DAURAHARA , LAKHIMPURKHERI, LAKHIMPUR",0101000020E61000009B7DD415224554400744882B67033C40
"Verma Brothers Filling Station ( Petroleum + CNG ), Nyamupur",27.6396784,80.9414265,,"MDR 19C, Nyamupur, Nevada Navagaon",0101000020E61000009E45EF54403C544026F5AFF6C1A33B40
Bharat gas godam,27.5850948,80.6653424,,"HMP8+357, Moglapur, Munshigunj, Sitapur, Mansoorpur",0101000020E610000019294AF8942A5440460FD7C5C8953B40
Nawab Gas Service Hp Godam Amirnagar,27.5951117,80.6524577,,"HMW2+2XW, Unnamed Road, Sitapur, Amirnagar",0101000020E61000007FE1F0DDC12954408BF7883D59983B40
"Bharat Petroleum Petrol & CNG Pump , BHOLA AUTOMOBILES",27.800029,81.534151,,"MATERA CHOWK, Matera, CHOWK, Bahraich",0101000020E61000000B08AD872F62544001DA56B3CECC3B40
"Bharat Petroleum, Petrol Pump cng -Vinod Kumar & Co",27.5998752,81.6276232,,"Salarpur, Bahraich",0101000020E61000007F8D7FFA2A68544074AECD6B91993B40
"TULSHYAN FILLING CENTER ,CNG PETROL DIESEL UREA BPCL",27.561632,81.6364299,,"Bahraich - Gonda - Faizabad Marg, Nagraura, Aminpur Nagraur",0101000020E610000094AC7944BB6854401763601DC78F3B40
Central Up Gas Limited CNG Station,28.4047917,79.4246926,,"Krishna Nagar, Izatnagar, Bareilly",0101000020E61000009BF6DE292EDB53403731C96DA0673C40
Central Up Gas Limited CNG Station,28.4079661,79.4590649,,"CF55+6JH, Peer Bahora, Bareilly",0101000020E6100000750FBF5161DD53406D60617770683C40
HP PETROL AND CNG PUMP - CHANDRA SERVICE STATION,28.4693753,79.2881107,,Thiria Khetal,0101000020E61000002C88DC6770D25340D90CCBFA28783C40
Avantika CNG pump,28.5381,79.2225,,Nagaria Kalyanpur,0101000020E61000000AD7A3703DCE534044FAEDEBC0893C40
"Bharat Petroleum, Petrol Pump, CNG -Anand Filling Station",28.4828096,79.2843227,,"FATEHGANJ(W),SATUIAKHAS,BA, Bareilly",0101000020E6100000AB80D65732D25340E131F268997B3C40
Radha Kishan CNG filling point,28.5970561,79.1796445,,"NH 530 on Milak bye pass, near Haryana Punjab hotel, Milak",0101000020E6100000001AA54B7FCB5340976027ABD8983C40
HP Petrol Pump & CNG Station,28.438,79.3437,,"NH-24, Rampur Rd, Parsakhera Industrial Area, Bareilly, Dhantiya",0101000020E6100000A7E8482EFFD55340E3A59BC420703C40
Highway Energy Station cng online,28.8251205,78.5386808,,"RGGQ+2F, Siwora",0101000020E6100000EBBE08BF79A2534059C2DA183BD33C40
Bharat Petroleum Petrol Pump and CNG Station,28.4558,78.7954,,"Geeta Colony, Sambhal, NH-93, Chandausi Badaun Road, Chandausi, Chandausi",0101000020E610000042CF66D5E7B253404D840D4FAF743C40
HP Ravi Crown Petroleum CNG - Petrol Pump,29.2380366,78.5625231,,"6HQ7+62, SH 49, Shahabad",0101000020E6100000A76FE36000A45340444074F7EF3C3D40
Project for cng petrolpump,28.5872618,78.796988,,"HQPW+WQ5, SH 43, Fatehpur Natha",0101000020E61000007CD3F4D901B35340AA3011CA56963C40
TRIVENI KISAN SEWA KENDRA - PETROL PUMP AND CNG STATION,28.4233309,78.8050904,,"PLOT NO. 977, ISLAM NAGAR ROAD, Chandausi, BUDAUN",0101000020E6100000B594E29986B35340E1E2F2695F6C3C40
Hindustan Petroleum and CNG pump,28.609051,79.7995879,,"Lahori Khera, NH-74, Pilibhit Rd, Pilibhit",0101000020E6100000C031BA722CF353409A982EC4EA9B3C40
HP Petrol Pump AND CNG Station - SHASHI ENERGY POINT,28.6255768,79.8325838,,"Madhotanda Rd, Chidaiyadeh, Pilibhit",0101000020E61000007B0B900D49F55340E72219CD25A03C40
Samrath Filling Station & CNG PUMP,28.5091048,80.1325208,,"Assam Road Chant Firojpur, Puranpur",0101000020E61000008B8285387B085440933C32B154823C40
CNG & HP PETROL PUMP - ROYAL AUTO SERVICE MAJHOLA,28.819785,79.88908,,"HPC Petrol Pump Tanakpur Road Majhola, Meerut",0101000020E6100000C6E1CCAFE6F8534059C0046EDDD13C40
Tarai Filling Station CNG Pump,28.9402914,79.8844981,,"NH9, Sara Sariya",0101000020E6100000F237EB9D9BF85340C6B5EBEFB6F03C40
HP PETROL PUMP &CNG- VAISHNAV FILLING POINT,28.4875246,79.5695879,,"HPCL Petrol Pump (NH - 74), Bareilly, Pilibhit Rd, Sithra",0101000020E6100000A1ACCE2074E45340D8FE8469CE7C3C40
haldwani cng station,29.1449566,79.4699179,,"4FV9+XV6, Haripur Jamansingh",0101000020E61000008513872213DE5340E05630E01B253D40
BPCL COCO Petrol Pump - BP HATHMANA CNG,28.8890373,79.5591933,,"VHQ5+JM, Hathmana",0101000020E61000001CE9B1D2C9E35340946CD0F297E33C40
Kapasera Delhi CNG Station,28.5182697,77.0807624,,"890, Old Delhi Gurgaon Rd, Dundahera Village, Sector 20, New Delhi",0101000020E6100000C6AF0E362B455340FB01B452AD843C40
HCG CNG Station,28.3959409,76.9179665,,"Mahavir KSK Brothers (IOCL, Taluka, Kankrola, Sector 91, Gurugram",0101000020E6100000B61490F6BF3A534018A600625C653C40
CNG machanic Faruk,28.238625,77.069443,,"63Q9+CQW, NH 248A, ITI Colony, Sohna",0101000020E6100000EA7B0DC1714453400C022B87163D3C40
Adani Gas CNG Station,28.4421244,77.307883,,"pocket b, 78, NH-19, HBH Colony, Sector 27/A, Faridabad",0101000020E6100000A4FFE55AB45353407DC38E102F713C40
GAIL Gas CNG Station,27.7287978,77.5246991,,"PGHF+GV8, Chhata Rural",0101000020E610000067AF88AB9461534091651C7E92BA3B40
IGL CNG STATION,28.51653,77.6030227,,NH34,0101000020E6100000B8CF85EC976653402367614F3B843C40
Beta 2 cng pump,28.4882171,77.516214,,"FGQ8+7G2, Unnamed Road, Block I, Beta II, Greater Noida",0101000020E610000031EF71A60961534014D9BDCBFB7C3C40
CNG FILLING STATION,28.3949475,77.5250808,,Greater Noida,0101000020E61000007BF07FEC9A615340102384471B653C40
CNG and Petrol pump,28.4512458,77.5264716,,"Venice Mall, Block C, Industrial Area, Surajpur Site 4, Greater Noida",0101000020E61000007511F0B5B1615340157541D884733C40
Sanwariya C.N.G gas Filling Station,27.7279071,77.509026,,"PGH5+5J6, Chhata",0101000020E610000014B4C9E193605340B506A51E58BA3B40
BHARAT PETROLEUM FUEL And CNG STATION,28.4530555,77.5420828,,"FG3R+6RG, Sector 41, Greater Noida",0101000020E6100000586E0E7CB1625340DFC5FB71FB733C40
Cng pump near dankor,28.4687341,77.5498183,,"FH92+G35, Greater Noida West Link Rd, Ekanki Enclave, Block G, Pi I & II, Greater Noida, Eachachhar",0101000020E6100000824F1839306353401E053EF5FE773C40
Central Up Gas Limited CNG Station,28.3518,79.4402,,"9C2R+P38, Pilibhit Bypass Rd, Sindhu Nagar, Bareilly",0101000020E6100000C0EC9E3C2CDC534099BB96900F5A3C40
Central Up Gas Limited CNG Station,28.3757053,79.4333865,,"9CGM+79J, FCI Colony, Bareilly",0101000020E6100000C901BB9ABCDB5340126FF8382E603C40
Dohra CNG Pump,28.3825897,79.4759085,,"9FMG+29M, Chandpur Bichpuri, Bareilly",0101000020E6100000DCD8EC4875DE534055490966F1613C40
Sidh Baba CNG Station,28.3864375,79.4028125,,"9CP3+G35, Karamchari Nagar, Bareilly",0101000020E6100000E17A14AEC7D95340B0726891ED623C40
Central Up Gas Limited CNG Station,28.3862614,79.4027464,,"Karamchari Nagar, Bareilly",0101000020E61000003B25D698C6D9534009B5F006E2623C40
CNG Pump,28.3282816,78.7314791,,"8PHJ+8H9, Islamnagar",0101000020E6100000480DB78DD0AE5340E9E04F430A543C40
Drive Well Service Station CNG,28.3048811,79.4800837,,"Unnamed Road, Bhindaulia",0101000020E6100000EEB5FBB0B9DE534023AB11B00C4E3C40
Bharat Petroleum & CNG Station,28.3735334,79.395451,,"National Highway 24, Phool Bagh, Quilla Chhawni, Bareilly",0101000020E6100000E90AB6114FD95340B4F688E29F5F3C40
"Bharat Petroleum, Petrol Pump & CNG Station -Guru Nanak Filling Station",28.333579,79.3989472,,"Bareilly - Badaun Rd, Subhash Nagar Colony, Bareilly",0101000020E61000002B35D65988D95340E4A1EF6E65553C40
Dhruv Amusement Ltd. CNG Station,28.3756739,79.4334232,,"FCI Colony, Bareilly",0101000020E6100000F854A934BDDB5340F5752A2A2C603C40
HP- SHIV FILLING CENTRE (CNG),28.3726527,79.1177549,,"94C9+RC4, Shahbad Rd, Ram Nagar",0101000020E6100000661CD94B89C753401F44D72A665F3C40
"HPCL PETROL PUMP FATEH- Petrol, Diesel & CNG",28.3546522,80.1020798,,"9432+VR, Bhagautipur",0101000020E610000043A5B679880654405774907CCA5A3C40
"Bharat Petroleum, Petrol Pump -Chaudhary Filling Stationcng",27.8709435,81.0652,,"N BASATHIYA, LAKHIMPUR, Basaria",0101000020E6100000C0EC9E3C2C445440ED293927F6DE3B40
Indraprastha Gas Limited CNG STATION,28.64634,77.0213009,,"J2WC+JP5, Chanchal Park, Laxmi Park, Ranhola Extesion, Delhi",0101000020E6100000063873FE5C415340BD18CA8976A53C40
Indraprastha Gas Limited CNG Station,28.6916835,77.1465196,,"M4RW+MJC, Block J, Shakurpur Colony, Shakurpur, Delhi",0101000020E6100000468EBE9360495340CDAE7B2B12B13C40
IGL COCO CNG Station WSA LHS,28.7343821,77.5572579,,"PHM4+QVG, Didwari",0101000020E610000002FC091DAA6353408F441E7700BC3C40
IGL COCO CNG Station WSA RHS,28.7328875,77.5590214,,"250, Delhi - Meerut Expy, RHS, Didwari",0101000020E6100000E8B0B101C7635340AF25E4839EBB3C40
Indraprastha Gas Limited CNG Station,28.8668959,77.5461253,,"VG8W+QFQ, Niwari Dehat",0101000020E61000002AC187B7F36253405789C3E3ECDD3C40
Coco Bhabanipur(CNG),22.0661775,88.073433,,"338F+F9F National Highway, 41, Haldia",0101000020E61000009E5C5320B3045640253B3602F1103640
CNG Available MAA SARADA SERVICE STATION,21.9087387,88.1854718,,"KASHINAGAR P.O-KAK-KALINAGAR P.S-HARWOOD POINT COASTAL DIST, Kakdwip",0101000020E610000023D51CC5DE0B56400C1C7519A3E83540
TARA MAA SERVICE STATION (CNG) available,22.2285875,87.9005469,,"6WH2+C6M, Bara, Irkha, kamarda",0101000020E6100000E800778FA2F955403FC6DCB5843A3640
Hp CNg falta haridaspur,22.2726173,88.1240386,,"Haridas Pur, Gondia Raghunathpur",0101000020E6100000449C983FF0075640E6D2533FCA453640
Bharat Gas & Service Center,22.0788136,87.617274,,"Saridaspur Bus Stop, Egra Bajkul Road, Egra, Egra - Bajkul Rd, Bhagabanpur, Gopalsingpur",0101000020E6100000F3AACE6A81E75540E37ACA202D143640
HP CNG/PETROL PUMP - SHIVAM SERVICE STATION AND CNG PUMP,22.56933,88.01282,,"Amta Betai Bridge Appch Amta PO, Amta Rd, Kolkata",0101000020E6100000062FFA0AD2005640B6A1629CBF913640
HP CNG Petrol Pump Uttarbahini Service Station,22.7664165,88.1757631,,"Mouza Seakala ON Serampore Seakala Road Ps/block Chanditala 1, Kolkata",0101000020E6100000FD95DFB33F0B5640629D2ADF33C43640
HP CNG PETROL PUMP - MOGRA SERVICE STATION,23.0398192,88.1265826,,"Bisirpur Mouza-gurup PS Dhaniakhali, Kolkata",0101000020E610000088CFE7ED19085640BDC05197310A3740
"HP Petrol Pump,cng COCO Krishnarampur",22.72861,88.20989,,"Krishnarampur Chanditala, Ahilyabai Holkar Rd, Kolkata",0101000020E61000007A7077D66E0D5640DF89592F86BA3640
HP CNG Petrol Pump,22.6420508,88.2072979,,"Dakshin Jhapardah PO Dist Howrah, Domjur, Kolkata",0101000020E6100000E341695E440D5640E25EF4705DA43640
Hindustan Petroleum CNG Petrol Pump,22.6065442,88.2536929,,"Mouza Nibra Psdomjur Dist NH 6 Kolkata Mumbai Road, Howrah",0101000020E61000008E2E25813C10564017940E7B469B3640
MI FIILINGS HP CNG Petrol Pump,22.5574907,88.0801249,,Islampur,0101000020E6100000194630C420055640FB52E4B5B78E3640
"BGCL LCNG cum Mother Station, Salap More",22.6118054,88.2704342,,"J76C+P5F, Salap, Howrah",0101000020E6100000132E3FCB4E115640268458479F9C3640
HP Petrol Pump Maliya CNG,22.8363129,88.1431809,,"Malia Haripal, Nalikul, Kolkata",0101000020E61000005CBA38E02909564011B92A9A18D63640
CNG petrol pump belgachia,22.6075475,88.3923265,,"63, Khudiram Bose Sarani, Dutta Bagan, Belgachia, Kolkata",0101000020E6100000AAB69BE01B1956403D44A33B889B3640
Kamala Service Station (CNG Available) Santipur HP,23.271142,88.43698,,"PO: Bablagobindopur PS: Santipur, Santipur",0101000020E61000006440F67AF71B56407192E68F69453740
CNG Bamangachi HP Petrol Pump cng,22.7465778,88.5221665,,"near chowmatha, Kazipara, Barasat, Sikdespukuria, Bamangachi",0101000020E610000046240A2D6B2156406DEB02B91FBF3640
Jai Hind Fuel Station (Indian Oil) & CNG station,23.3921678,88.4614769,,"9FR6+VF5, SH 8, Jahangirpur",0101000020E6100000015768D6881D5640558BE31B65643740
CNG Pump Dealer,22.6338609,88.4150015,,"Ground Floor 39, 2, Post Office Rd, Mahendra Colony, Cantonment, Rajbari, Dum Dum, Barasat, North Dumdum",0101000020E61000009F9273628F1A56408FB63BB544A23640
Bharat Petroleum cng,22.9712476,88.4324656,,"B 13, Block B, State Highway 1, Kalyani",0101000020E610000048293284AD1B56408951C6AEA3F83640
HP cng Fuel Station - Nirmal Service Station,22.7659804,88.5558441,,"Chaltaberia Duttapukur P.S., Barasat, Kolkata",0101000020E61000002CCB21F39223564083609F4A17C43640
Bharat CNG Station,23.2158809,88.5107182,,"NH 12, Udaypur, Phulia, Nabla",0101000020E6100000359E639BAF205640BF547DF843373740
Piyali Gas Service Center,22.7180277,88.4873312,,"6, Swami Vivekananda Rd, Nehali, Kolkata",0101000020E61000008294336F301F5640421FD1A9D0B73640
HP PETROLCng PUMP - MOGRA FUEL STATION,22.9825774,88.3740439,,"Grand Trunk Rd, Kantapukur, Mogra, Alikhoja, Amodghata",0101000020E61000002C71D355F0175640E9C946318AFB3640
Swadesh Glory CNG Pump,23.9232761,89.0988682,,"https://maps.app.goo.gl/h6u8zMwyrh9BhRjr8, Kushtia",0101000020E6100000526749DB53465640ADAD8ED25BEC3740
HP Petrol and CNG Pump,23.6222747,88.3686858,,"NH 12, Sampritipally, Baman Danga",0101000020E6100000F95F538C98175640D2A00D654D9F3740
M/S NB Filling CNG Station,24.3996688,88.6386742,,"9JXQ+VFF, Rajshahi Bypass, Rajshahi",0101000020E61000002273C009E0285640483BC9B150663840
CNG Autorickshaw Stand,24.3759411,88.6047608,,"9JG3+9WC, Rajshahi - Naogaon Hwy, Rajshahi",0101000020E6100000C779A466B4265640E6B809AD3D603840
Habib CNG Filling Station,23.9339085,90.2673924,,"W7M8+HX6, Nabinagar - Chandra Rd",0101000020E6100000BC4C03F51C915640D8F4A0A014EF3740
Samvar Filling station & CNG,23.9448685,90.2726144,,"Nabinagar - Chandra Rd, Baipayl",0101000020E6100000CB1AAB83729156404485EAE6E2F13740
Dhaleshwari CNG & LPG Filling Station,23.8722011,90.0080144,,"V2C5+V6J, Dhaka - Aricha Hwy, Manikganj",0101000020E61000006979D44E838056400509409248DF3740
Nesa & Sons CNG Filling Station,23.7830524,90.3444251,,"Q8MV+6QF, Dhaka - Aricha Hwy, Dhaka",0101000020E6100000FA1A930F0B965640E70D411F76C83740
M/S Anwar CNG Filling Station & Servicing Center,23.9372288,90.2850347,,"Dhaka - Ashulia Hwy, Jamgora",0101000020E610000069AE2E023E9256408CDE043AEEEF3740
Jyoti Cng Filling Station,23.9831642,90.2612086,,X7M6+7F8,0101000020E6100000C69B46A4B7905640179925A6B0FB3740
Akash CNG Filling Station,23.9221098,90.1379085,,"W4CQ+R5V, N5",0101000020E6100000C9552C7ED388564034524A630FEC3740
Ashulia CNG & Filling Station Limited,23.9160671,90.314495,,"W887+CRM, Dhaka - Ashulia Hwy",0101000020E61000005AF0A2AF209456400A719B5F83EA3740
Zulnas CNG Filling Station,23.8532584,89.9278365,,"VW3H+74W, N5",0101000020E61000003FE257AC617B56408C097B246FDA3740
Cng pump,23.8602339,90.2632156,,"V767+365, Savar",0101000020E610000002733E86D89056401969F34938DC3740
Dhamrai CNG Filling Station,23.9077576,90.2118455,,"W656+4P5, Dolivita, Dhamrai, Dhaka - Aricha Hwy",0101000020E610000081936DE08E8D564009B254CD62E83740
Porahati CNG station,23.6796803,90.3027919,,"M8H3+Q37, Ruhitpur",0101000020E610000099FF46F160935640483C3487FFAD3740
South Bengal CNG Filling Station,23.9371909,90.2893141,,"Dhaka - Ashulia Hwy, Jamgora",0101000020E61000006371491F84925640DB9B29BEEBEF3740
Good Luck CNG & LPG Auto Gas Station,23.8711296,89.9848875,,VXCM+FX2,0101000020E61000004FAF9465087F5640DB93765902DF3740
Azad CNG Petro and Chemical Co.,23.9071073,90.3215911,,"Dhaka - Ashulia Hwy, Zirabo",0101000020E6100000D24BD6F2949456407E761B2F38E83740
Nitol Tata CNG Station,24.0116816,90.3175359,,"2869+M27, Joydevpur Road, Konabari",0101000020E6100000947318825294564007F7B990FD023840
Paul Fueling Station (cng station),23.9134081,90.1776668,,N5,0101000020E610000070E591E45E8B5640C966FD1CD5E93740
Southern CNG Filling Station,23.901467,90.0400611,,"W22R+H2M, N5",0101000020E6100000E0956E5C90825640596C938AC6E63740
N&N CNG Refueling Station,23.9082662,90.214287,,"W657+8P3, N5, Dhamrai",0101000020E61000004F3DD2E0B68D5640EC0F392284E83740
"Navana CNG Station, Baipayl",23.9396258,90.2701622,,"W7QC+V33, Nabinagar - Chandra Rd, Baipayl",0101000020E6100000636765564A915640547A01518BF03740
Sayed Gazi CNG filling station,23.8728444,90.0073767,,"V2F5+C7C, N5, Manikganj",0101000020E610000027501FDC788056402B7F08BB72DF3740
Gautam GAS service,25.2537736,86.9896287,,"7X3Q+GV2, Adampur, Bhagalpur",0101000020E6100000B66B9D1356BF55409396804EF7403940
CNG Station Raikali,24.9665894,89.0242194,,"X28F+JMQ, Main Road, Akkelpur",0101000020E610000071BB86CF8C41564007A9256772F73840
(Kahaloo CNG station),24.832484,89.2645076,,"R7J7+XRR, Kahaloo",0101000020E6100000C8E248B1ED5056407A71E2AB1DD53840
Shibganj CNG Stand,25.0008304,89.323439,,"282F+89P, Mohasthan - Shibgonj Rd, Shibganj",0101000020E61000000FD07D39B3545640B5D7CC6B36003940
TMSS CNG Refuelling Station Masjid,24.9005855,89.3571449,,"W924+5VR, Dhaka - Rangpur Hwy, Gokul",0101000020E6100000B95B4876DB56564076C075C58CE63840
Intraco CNG and LPG station,24.7826929,89.3929379,,"Q9MV+35H, Majhira",0101000020E6100000F97601E525595640B84FD88F5EC83840
Sukhanpukur to Bogura CNG Station,24.9261557,89.4794108,,"WFGH+FQ7, rail ghumti, Sukhanpukur",0101000020E610000059D6A2AAAE5E564005813A8A18ED3840
HP gas Godam,28.2872953,74.9923884,,"7XPR+WXM, RamNagar, Churu",0101000020E610000081BBA24A83BF524065CB4D2F8C493C40
Indraprastha Gas Limited CNG Station,28.5217069,77.1667013,,"Aruna Asaf Ali Road, near Fortis Hospital, Kishangarh, Vasant Kunj, New Delhi",0101000020E6100000D8ECED3BAB4A5340F99859958E853C40
Indraprastha Gas Limited CNG Station,28.5385574,77.1326626,,"Ryan International School - Vasant Kunj, Delhi - CBSE, Mehrauli Vasant Kunj Marg Near, Mahipalpur, New Delhi",0101000020E6100000C019468B7D485340CF04D4E5DE893C40
Indraprastha Gas Limited CNG Station,28.5873454,77.2355269,,"14, Jawaharlal Nehru Stadium Marg, Opp. Gate, CGO Complex, Pragati Vihar, New Delhi",0101000020E610000002356BDF124F5340BF74A4445C963C40
IGL CNG Station Brar Square,28.6066166,77.1416733,,"Ring Rd, near Army College Of Medical Science, Brar Square, Delhi Cantonment, New Delhi",0101000020E6100000D98DE32C11495340F135BA394B9B3C40
Indraprastha Gas Limited CNG Station,28.5599173,77.2680804,,"Okhla Mor, Mathura Road, near Surya Hotel, New Delhi",0101000020E6100000B6ACB13A28515340F1F67BBD568F3C40
Indraprastha Gas Limited CNG Station,28.5752839,77.0677819,,"C/o MILLENNIUM PETROCARE(IOCL, opp. Apejay School of Management, Dwarka Sector 9, New Delhi",0101000020E6100000B0F0E48956445340536A40CE45933C40
Indraprastha Gas Limited CNG Station,28.5733347,77.0638897,,"Road 205, near Dwarka 9 Metro Station, sector 20, Dwarka, New Delhi, Delhi",0101000020E61000004803D3C41644534077291A10C6923C40
Indraprastha Gas Limited CNG Station,28.5857621,77.2404235,,"Lala Raj Pat Rai Road Near By Jangpura Metro Station, Jangpura, New Delhi",0101000020E6100000276C3F19634F53407DBC4681F4953C40
Indraprastha Gas Limited CNG Station,28.6051636,77.0292492,,"Azad Hind Fauj Marg, Near Nirmal Bharti Public School, Pocket 1, Sector 14 Dwarka, Dwarka, New Delhi, Delhi",0101000020E6100000C95B0938DF415340C9BA6E00EC9A3C40
Indraprastha Gas Limited CNG Station,28.5600184,77.1700048,,"Basant Lok, Vasant Vihar, New Delhi",0101000020E61000006F0AD05BE14A53408328A95D5D8F3C40
Indraprastha Gas Limited CNG Station,28.584825,77.260122,,"Sarai Kale Khan Rd, Near Veer Haqiat Rai Bus Terminal, ISBT Sarai Kale Khan, Sarai Kale Khan, New Delhi",0101000020E610000016BEBED6A550534019E25817B7953C40
Indraprastha Gas Limited CNG Station,28.5679545,77.2236471,,"M 6 & 7, Ring Rd, South Extension II, Block M, New Delhi",0101000020E61000001816ED3B504E5340B41D537765913C40
Indraprastha Gas Limited CNG Station,28.6064,77.2403381,,"1, Mathura Rd, Near Old Fort & Zoo, Sundar Nagar, New Delhi",0101000020E6100000E6DE0DB3614F53405E4BC8073D9B3C40
Cng pump,28.5834171,77.0608571,,"H3M6+989, Sector 10 Dwarka, Dwarka, New Delhi, Delhi",0101000020E6100000AF8E2D15E54353405A6DB4D25A953C40
Indraprastha Gas LImited,28.596763,77.0424633,,"4, Rd Number 203, Block A, Sector 12 Dwarka, Dwarka, Delhi",0101000020E6100000EF31FDB7B74253407D76C075C5983C40
Indraprastha Gas Limited CNG Station,28.5295726,77.273006,,"Plot No. 3 Okhla Phase -I, Okhla Estate Marg, Okhla Phase I, Okhla, New Delhi",0101000020E6100000276728EE7851534092DBE51192873C40
Indraprastha Gas Limited CNG Station,28.5737777,77.2089573,,"H6F5+GH7, Laxmi Bai Nagar, New Delhi",0101000020E6100000AB70708E5F4D534092AC6818E3923C40
Indraprastha Gas Limited CNG Station,28.5721129,77.1375136,,"H4CP+RXQ, Shankar Vihar, New Delhi",0101000020E610000056B0D705CD485340A61EB3FD75923C40
IGL CNG Pump,28.5733665,77.0638816,,"H3F7+8HR, Dwarka Sector 9, Dwarka, New Delhi, Delhi",0101000020E61000003CB4D9A2164453403A1F9E25C8923C40
Indraprastha Gas Limited CNG Station,28.556712,77.0045069,,"C/o SHOKEEN PETRO(BPCL), Main Chawla Najafgarh Road, Vpo. Chawla, Chawla, NAJAFGARH, NEW DELHI",0101000020E6100000CE064FD7494053406F4A79AD848E3C40
Indraprastha Gas Limited CNG Station,28.5917834,77.1758235,,"Sanmartin Marg Near By Taj Palace Hotel, Chanakyapuri, New Delhi",0101000020E6100000929735B1404B5340D150ED1D7F973C40
Indraprastha Gas Limited CNG Station,28.5761861,77.0695622,,"Bagdola, Sector 8 Dwarka, Dwarka, New Delhi, Delhi",0101000020E61000006B8203B573445340E8E8A7EE80933C40
IGL CNG PUMP,28.529204,77.454797,,"GFH3+MWM, Suthiyana, Noida, Greater Noida",0101000020E61000006954E0641B5D534092E9D0E979873C40
Indraprastha Gas Limited CNG Station,28.5260608,77.3703037,,"G9GC+C4F, Service Lane, Noida Gr, Noida-Greater Noida Expy, Sector 105, Noida",0101000020E61000009E454A0EB357534025B5ABEBAB863C40
Indraprastha Gas Limited CNG Station,28.5960742,77.3726541,,"Opp, Sai Baba Temple Rd, B Block, Sector 71, Noida",0101000020E61000001A0E9590D957534047FD9A5198983C40
Indraprastha Gas Limited CNG Station,28.5942746,77.2981535,,"Kirti Apartments Club Avenue Rd Opp, Mayur Place, Phase 1, Mayur Vihar, New Delhi",0101000020E610000007EC6AF214535340EED7536122983C40
Indraprastha Gas Limited CNG Station,28.6017262,77.3081671,,"19/496, Ghazipur Road, Block 30, Himmatpuri, Trilokpuri, New Delhi, Delhi",0101000020E6100000010D8002B953534078256EBA0A9A3C40
Indraprastha Gas Limited CNG Station,28.5850169,77.3754747,,"Sector 50, Block A Road, Block E, Sector 51, Noida",0101000020E61000006D3E09C707585340781BE5AAC3953C40
Indraprastha Gas Limited CNG Station,28.5610701,77.339148,,"Chauhan Complex, Basement, Gali Number 1, near Chauhan Market, Block D, Sector 44, Noida",0101000020E61000003E20D099B45553407143424AA28F3C40
Indraprastha Gas Limited CNG Station,28.5978635,77.4044853,,"Sector 122, Noida",0101000020E61000009ECD4F16E3595340DBF813950D993C40
Indraprastha Gas Limited CNG Station Sector 53 Noida,28.59116,77.3585681,,"D35, Noida-Greater Noida Expy, Gijhore, Sector 53, Noida",0101000020E6100000E3B89DC7F25653400FB4024356973C40
Indraprastha Gas Limited CNG Station,28.551893,77.2728186,,"Mathura Road, CRRI, Okhla, New Delhi",0101000020E6100000642F25DC755153402EE411DC488D3C40
Indraprastha Gas Limited CNG Station,28.5968125,77.3436875,,"Rana market, Block Y, Sector 12, Noida",0101000020E6100000D122DBF9FE555340105839B4C8983C40
Megha Gas CNG Station,28.5350625,78.3093125,,"G8P5+2PH, Babrala Rajpura Kesarpur Village Marg, Rahra",0101000020E61000009EEFA7C6CB935340E5D022DBF9883C40
CNG Pump near Chandpur,29.1355155,78.2675478,,"47P9+623, Chandpur",0101000020E610000079C7CE801F915340E199D024B1223D40
TORRENT GAS ⛽,28.82525,78.5386986,,"RGGQ+3FW, Didauli, Siwora",0101000020E6100000AA59B1097AA253402506819543D33C40
MAAN CNG & LPG,29.7351927,75.0515037,,"Shop No 18, New auto market, Street Number 3, near Vishwakarma mandir Road With Luxmi Service Station And Arora Car Wash, Sirsa",0101000020E6100000DFC72CD64BC3524008C2BA9635BC3D40
Cng gas hpcl Ajay Filling Station,29.6005475,75.9359835,,"JW2P+699, Nangli",0101000020E61000001F865627E7FB5240CF31207BBD993D40
Shabad Fuels HPCL (CNG Available),29.5147474,75.8638296,,"SH 2, Uklana Rural",0101000020E61000004654F2FB48F7524077B3507CC6833D40
Shabad Fuels BPCL (CNG Available),29.4191648,75.9239021,,"on, Village-Gaibipur, NH 52, Barwala",0101000020E61000002B0D463621FB524067A263624E6B3D40
GAIL Gas CNG Station,29.4002805,76.9546925,,"CX23+4V8, Industrial Area, Panipat Taraf Ansar, Panipat",0101000020E6100000224F92AE193D5340FEB968C878663D40
IGL CNG Pump,29.5241193,76.9731002,,"Balinagar, Karnal, NH-1, G T, Road, Gharaunda",0101000020E6100000CAAE0F46473E5340D1B3B4AE2C863D40
IGL CNG Pump,29.4856616,76.9723881,,"FXPC+7W9, Kohand",0101000020E610000041214C9B3B3E53404CEC9051547C3D40
"Nayara Fuel Station - Malik Lal Chand & Son - Diesel, Petrol & CNG Pump",29.3066618,76.993373,,"Jatipur, Panipat NH-44, Grand Trunk Rd, Panipat",0101000020E6100000AFEE586C933F5340B8EE4163814E3D40
Vikas Filling Station/CNG Pump,29.4556063,76.9714708,,"New Grain Market, 97 KM Stone, GT Road, Opposite Babarpur, New Grain Market, Baberpur Mandi, Panipat",0101000020E610000037C1DC932C3E5340005A4E9DA2743D40
KARNAL GREEN CNG PUMP,29.4856698,76.9723846,,"Grand Trunk Rd, opposite SHANI MANDIR, Kohand",0101000020E610000094089E8C3B3E5340A5A723DB547C3D40
IGL CNG pump,29.4893133,76.9715845,,"FXQC+PFW, Gharaunda",0101000020E61000003C33C1702E3E534072FFECA2437D3D40
Indianoil-Adani Gas Pvt Ltd CNG Station,29.3896608,76.945581,,"canal bye pass, Shanti Nagar, Panipat",0101000020E610000004AE2B66843C5340808868CFC0633D40
CNG PUMP,29.4961656,76.9718371,,"FXWC+FP8, Kohand",0101000020E610000087623C94323E5340756671B5047F3D40
Suvarnabhumi Highway Bharat Petroleum (CNG) ONLINE,29.6420742,76.982341,,"Kambopura, Karnal, NH-1, G T Karnal Road, Karnal, Karnal",0101000020E61000004721C9ACDE3E5340F99A8AF95EA43D40
Adani CNG pump,29.3579566,77.0157024,,"2, Chautala Rd, Ujha, Panipat, Ujah",0101000020E6100000FF9DA344014153402A63320BA35B3D40
IGL CNG Pump,29.5678865,77.4097258,,"1, Thanabhawan - Mullapur, Muzaffarnagar, Thanabhawan",0101000020E6100000F5D48FF2385A53400457790261913D40
Igl CNG pump Charthawal,29.5331515,77.6008906,,"GJM2+68, Charthawal",0101000020E610000053DED8FD746653403750E09D7C883D40
IGL CNG Station,29.5855045,77.4570596,,"Thanabhawan, Khyawari",0101000020E6100000A994E876405D53402C29779FE3953D40
"HPCL Petrol Pump- M K Energy Station (Online CNG, Petrol, Diesel, EV Charger, Lubricants, Air/Water, PUC)",29.4199077,77.3383639,,"NH709A, Meerut, to, Karnal - Meerut Rd, Shamli",0101000020E610000069290FC1A7555340ADD62E127F6B3D40
Babuji filling and CNG centre,29.400188,77.6064122,,Harsauli,0101000020E61000004EB91D75CF6653406C4084B872663D40
Gasonet CNG station 24 hrs,30.1217121,78.290588,,"Gasonet, cng station, Muni Ki Reti, Rishikesh",0101000020E61000000B2769FE9892534009073186281F3E40
CNG PUMP,30.121765,78.290497,,"WORLD NO 1, near S B I BANK DHALWALA OLD RTO OFFICE, Chauda Bigha, Rishikesh",0101000020E610000083A5BA809792534025CCB4FD2B1F3E40
Himalaya Fuel Station and CNG Pump,29.6002163,78.4616456,,"On Kotkadar Tanda Maidas, road, Mansha, Najibabad",0101000020E6100000E895FC998B9D5340B00683C6A7993D40
RVS Cng Pump,29.4438488,78.4219226,,"Najibabad - Nagina Rd, near NAGINA PARK, Nagina",0101000020E61000005F1CA6C7009B53406D5E3013A0713D40
Cng pump jaitpura,29.5236201,78.5305907,,"GGFJ+C6W, Barhapur",0101000020E6100000F403B232F5A153403B0785F70B863D40
THINK GAS,30.9456481,75.1730732,,"Punjab 142042, India",0101000020E61000001A749DA113CB524048066FFE15F23E40
Indian Oil-Adani Gas CNG Station,30.6004064,76.767982,,"NH 7, Barauli",0101000020E6100000AB7AF99D26315340214FDC3BB4993E40
Tee Emm Auto Services CNG & Petrol Pump,30.6004901,76.7674791,,"JQ28+5XX, NH 7, Barauli",0101000020E610000044B7A8601E3153405F121DB8B9993E40
RAPIDS FILLING STATION AND AUTO GAS,30.3157148,78.0262149,,"173 ARHAT BAZZAR OPPOSITE MATA MADANAN MANDIR ADJACENT TO YES BANK SAHARANPIR ROAD DEHRA DUN-UK, 173, Saharanpur Rd, Arhat Bazaar, Dehradun",0101000020E6100000BF8A4281AD815340F9DC64AFD2503E40
Gujarat Gas CNG Station,31.6367763,74.8754486,,"JVPG+P58, Maharaja Ranjit Singh Nagar, INA Colony, Amritsar",0101000020E61000000E95905907B852402E5E87C503A33F40
Gujarat Gas CNG Station,31.6181465,74.9091793,,"JW95+7PC, Rajinder Nagar, Maqbool Pura, Amritsar, Amritsar Cantt.",0101000020E6100000D0EC5FFE2FBA52400AA359D93E9E3F40
Bharat Petroleum & CNG,31.6217056,74.8657116,,"Beri Gate Market, Amritsar",0101000020E61000002471A0D167B7524074BD2319289F3F40
Malik CNG & Filling Station,31.6557876,74.2826119,,"M74M+829, Grand Trunk Rd, Phase 1 Al Rehman Garden, Ferozewala",0101000020E610000078FD385016925240511F37B2E1A73F40
"Harsha Automobiles CNG , PETROL & Diesel Pump",31.6363204,74.8757756,,"M.M Malviya Rd, Crystal Chowk, INA Colony, Amritsar",0101000020E6100000A0281AB50CB8524013C7CBE4E5A23F40
Ahmad CNG Station,31.6004094,74.2983919,,"J72X+596, Ravi Rd, Qasurpura, Lahore",0101000020E61000000BF956DA189352400336316EB4993F40
Anwar CNG Filling Station,31.6157538,74.27307,,"Khewat No 703-708, Khatooni No 1638-1651, Khasra No 2366/2144/103, Sheikhupura Rd",0101000020E610000033E197FA799152404263810AA29D3F40
Think gas CNG,31.5973716,75.6428472,,"HJXV+57, Patialan",0101000020E6100000D014956824E95240278F5D58ED983F40
Petrol Pump and CNG Pump,31.5444455,75.8988075,,"Sahibzada Ajit Singh Nagar, Hoshiarpur",0101000020E61000009279E40F86F9524051F4C0C7608B3F40
Bhutta Brothers CNG Station,32.4931395,74.482385,,"Khasra No 323-324, Khewat No 74, Khatooni No 158, Wazirabad Rd, Nol Mor, Adalatgarh, Sialkot",0101000020E61000002EC55565DF9E5240D26EF4311F3F4040
Mian Jee CNG Filling Station,32.4884288,74.5355223,,"FGQP+95H, Hammad Arcade, Daska Rd, Purani Ghalla Mandi, Hajipura, Sialkot, Punjab, Hajipura, Sialkot",0101000020E6100000D63153FF45A252405736BDD5843E4040
HP PETROL PUMP - GASOLENE FILLING STATION,32.637744,74.864744,,"HPC Dealers Seohara Road, Tehsil Jammu Chak Lala",0101000020E610000062DA37F757B75240309C6B98A1514040
Hasnain CNG Station,32.4744615,74.3185126,,"F8F9+QCJ, Sialkot Rd, Sambrial, Moza Jhathekay",0101000020E61000004B17AC826294524005DB8827BB3C4040
CNG,32.3265906,74.371893,,"89GC+JPQ, Daska",0101000020E610000020274C18CD9752402C1785B8CD294040
Bismillah CNG,32.3182824,74.3320871,,"889J+8R8, Gujranwala Rd, Daska",0101000020E61000001A7B40EA409552403A72497ABD284040
Moon CNG Station,32.4781261,74.5234623,,"FGHF+794, Daska Rd, Hajipura, Fatehgarh, Sialkot",0101000020E610000018CC046880A15240986E6D3C333D4040
cb CNG Staion,32.4448461,74.4904408,,"CFVR+W5P, Daska Rd, Addah, Sialkot",0101000020E6100000F127CF61639F524067A08DB7F0384040
Attock (Askari CNG & Filling Station),32.497199,74.4897911,,"185 Wazirabad Rd, I.E Harrar, Sialkot",0101000020E6100000CD17C5BC589F52404D4D8237A43F4040
Attock (Daud Filling Station & Cng),32.4768586,74.3368327,,"F8GP+PPW, Sialkot - Wazirabad Dual Carriageway, Model Town Ghuman Colony, Sambrial",0101000020E61000004CAEBDAA8E9552407EE8DDB3093D4040
CNG,32.288118,74.6512965,,"7MQ2+6GV, Sialkot Rd, Sialkot",0101000020E6100000F4DF83D7AEA95240C8B1F50CE1244040
Attock Petrol Pump & CNG پپو,32.4595674,74.5629644,,Sialkot,0101000020E6100000FCB3D59B07A4524064A7C41AD33A4040
Model CNG,32.5046994,74.5232349,,"GG3F+2R6, Khadim Ali Rd, Model Town, Sialkot",0101000020E61000000EE83BAE7CA15240C9A76CFD99404040
CNG Pump Indapur,18.2861289,73.2455264,,"Mumbai - Goa Hwy, Varak Fata",0101000020E61000007F935CB4B64F5240C2F05BBE3F493240
Kamerkar CNG Station (Mahanagar Gas Station),18.3184592,73.2346819,,"869M+9V, Potner",0101000020E6100000A45D3B07054F52403E1CC98A86513240
Mahanagar Gas CNG PUMP,18.5291097,73.1477701,,"G4HX+H4P, Chikani",0101000020E6100000E8B4B81075495240127FB9BB73873240
Deshmukh cng station,18.4456007,73.1211653,,"C4WC+CG5, Roha Ashtami",0101000020E61000003E3A1A2CC1475240209331E312723240
Ashoka CNG Station,17.7534109,73.1879899,,"SH 96, Dapoli, Jalgaon",0101000020E61000009D1ECA06084C52402EF36789DFC03140
Mahanagar CNG On-line Pump,18.5289432,73.147378,,"G4HW+HXC, NH 548A, Chikani",0101000020E6100000988922A46E4952400C7151D268873240
HP PETROL & CNG PUMP - KOKAN FUEL STATION,18.194917,73.018011,,"Village Gondghar PO Mhasla Near Borli Phatta, Vashi",0101000020E6100000F8FD9B1727415240376F9C14E6313240
MAHANAGAR NATURAL GAS CNG PUMP,18.281178,73.29912,,"77JX+XJG, Khadsamble - Muthavali Rd, Koste Kh.",0101000020E6100000176536C824535240CD5A0A48FB473240
MGL Vilebagad CGS & Mother CNG Station,18.3887667,73.3536535,,"99Q3+GF2, Bhagad",0101000020E61000006B274A42A25652401B46E63686633240
RV CNG PUMP,18.5291149,73.147756,,"G4HW+HXC, 548A, Nat'l Highway-548A, Chakan, Chikani",0101000020E61000006BF294D5744952408953F71274873240
R v cng station llp,18.5446161,73.1364357,,Nagothane,0101000020E61000007160CD5CBB4852400460F2F56B8B3240
Kavitake Mahanagar Gas (CNG gas) station,18.4453488,73.2038854,,"C6W3+4HJ, Roha",0101000020E6100000714859750C4D52401750036102723240
Mahanagar CNG pump,18.5816203,73.2532918,,"H7J3+Q8, Majare Jambhulpada",0101000020E61000001456CFEE3550524091306711E5943240
"Bharat Petroleum, CNG and Petrol Pump -Indapur Service Station",18.3261619,73.235755,,"INDAPUR ( NH 17 ), RAIGAD",0101000020E610000095B7239C164F524083B3A5587F533240
Shree dattkrupa CNG gas station,18.2808333,73.2991775,,"77JX+XJG, Khadsamble - Muthavali Rd, Koste Kh.",0101000020E6100000BD8C62B925535240B520EFB0E4473240
Hp CNG pump,18.5936652,72.9243292,,"03, Alibag-Revadanda Rd, Belkade, Pazar",0101000020E6100000392FA935283B5240F7C54A71FA973240
KEDARESHWAR Mahanagr Offline CNG Station,18.581921,73.2532823,,"H7J3+Q8, Majare Jambhulpada",0101000020E6100000F6C9F6C6355052400ADB4FC6F8943240
Ashoka CNG,17.7773179,73.2102517,,Mauje Dapoli,0101000020E61000006BDB8BC3744D52406C184F4EFEC63140
Torrent Gas - CNG Station,18.2050431,73.9379153,,"Shahid Jaywant Patil Petroleum HPCL station, Near Vitthal Kamat Restaurant Kikwi, Pune - Bengaluru Hwy, Pune",0101000020E6100000C1FAE4CD067C52403DC560B47D343240
cng pump jejuri,18.281775,74.15197,,"75J2+QM6, Jejuri",0101000020E610000048FE60E0B989524095D4096822483240
B P Coco And CNG Gas,18.5292613,73.8629172,,"RTO, Shivajinagar, Pune",0101000020E6100000FA4910093A775240D88926AB7D873240
CNG Pump Torrent,18.3280827,74.0638845,,"83H7+6HJ, Ghotemala",0101000020E61000002A8E03AF1684524025E2523AFD533240
Maharashtra Natural Gas Ltd CNG Station,18.4959028,73.8690944,,"A1, Jawaharlal Nehru Rd, P & T Colony, Gultekadi, Pune",0101000020E6100000C0481E3E9F775240ADFE637CF37E3240
Torrent Gas - CNG Station,18.2975396,73.8726357,,"Veer Petroleum, Pune - Bengaluru Hwy, near Ruchira Snacks Center, Varve Bk",0101000020E61000009D346843D9775240D243238E2B4C3240
SANSKRUTI CNG Pump & Filling station,18.2843659,73.8753805,,"Sanskruti Petroleum pvt ltd, Kelawade",0101000020E610000098C3EE3B06785240FD982034CC483240
MNGL GOODWILL CNG PUMP,18.6195538,73.8298433,,"JR9H+RW5, MIDC Rd, MIDC, Pimpri Colony, Pimpri-Chinchwad",0101000020E6100000809312271C755240CE1CED139B9E3240
Maharashtra Natural Gas Ltd CNG Station,18.4683518,73.8518649,,"Santosh Society, Talajai Pathar, Dhankawadi, Pune",0101000020E61000000F875BF484765240D20550E7E5773240
Mngl Maharashtra Natural Gas CNG Pump Station,18.5741618,73.7718073,,"HQFC+MP7, Laxman Nagar, Balewadi, Pune",0101000020E61000001A14724A65715240CC9C8944FC923240
Deokar. CNG,18.4876858,74.0822593,,"F3QJ+3WC, Kunjirwadi",0101000020E6100000AED282BC438552403EB901FAD87C3240
"CNG STATION,Bharat Petroleum...",18.4588381,73.9336517,,"FW5M+HF2, Pandhari Nagar, Handewadi, Pune",0101000020E6100000B5560FF3C07B5240A6A8E96976753240
Urja Fuels CNG Station,18.5722006,73.9549326,,"HXC3+RXV, opposite Punjabi Spice Hotel, Kawade Wasti, Wagholi, Pune",0101000020E610000098B89F9D1D7D524067C00FBD7B923240
Maharashtra Natural Gas Ltd CNG Station,18.6129405,73.941334,,"JW7R+6G7, Lohegaon",0101000020E61000003927F6D03E7C5240D6E429ABE99C3240
Torrent Gas Pune Limited CNG Pump,18.4889582,74.0633003,,"F3Q7+H8M National, Auto Corner, Loni Karbhor, Solapur - Pune Hwy, Kunjirwadi",0101000020E6100000ED94B31C0D8452406C1C565D2C7D3240
CNG Pump sonaj,18.2968202,74.7526141,,"7QW3+P2H, Bhigwan",0101000020E61000008B8054D42AB05240CCCA9B68FC4B3240
Sujata petroleum CNG PUMP,18.22569,74.8314089,,"6RGJ+8H3, Pune",0101000020E61000009DC6ACCD35B55240C408E1D1C6393240
HP PETROL PUMP & CNG STATION PARANDA,18.2725268,75.4589803,,"Survey NO. 15 Maharana Pratap Chowk, Sonari Road Near ST BUS Depot, A/P. Paranda, Sholapur",0101000020E61000008780E8EE5FDD52409648FD50C4453240
Torrent CNG gas filling Station,18.2074072,74.6056395,,"6J44+X76, Maharashtra Industrial Development Corporation Area, Baramati",0101000020E61000009C6A2DCCC2A6524076F464A318353240
Bhagvan CNG pump,18.2258684,74.8314388,,"6RGJ+CC, Dalaj No. 3",0101000020E610000008A8154B36B552402933EF82D2393240
AMOL PETROLIUM CNG HP,18.0350357,75.2044063,,"26M3+Q7X, Tembhurni",0101000020E61000002B6629FE14CD524046B18119F8083240
MGL CNG Station,19.1137241,73.0093425,,"4275+FPP, Reliance Corporate Park, MIDC Industrial Area, Ghansoli, Navi Mumbai",0101000020E6100000A0FD4811994052405C44CA051D1D3340
Mahanagar Gas CNG Station,19.1601373,72.85838,,"Aarey Milk Colony, Goregaon, Mumbai",0101000020E610000097E2AAB2EF365240A75E12C2FE283340
Mahanagar Gas CNG Station,18.9951677,73.1150274,,"Panvel Industrial Estate, Panvel, Navi Mumbai",0101000020E61000003649E29B5C4752401989754FC3FE3240
Mahanagar Gas CNG Station,19.063201,73.0230787,,"Plot No. D, 28/17, Turbhe Midc Rd, TTC Industrial Area, MIDC Industrial Area, Sanpada, Navi Mumbai",0101000020E6100000FD6E151F7A4152401213D4F02D103340
Mahanagar Gas CNG Station,19.1412327,73.0041884,,"R-373, Rabale MIDC Rd, MIDC Industrial Area, Rabale, Navi Mumbai",0101000020E610000072416C9F4440524033A083D327243340
Gujarat Gas CNG Station,19.4290408,72.8719005,,"Vasaiphata, Near H.P Petrol pump. N. H no.8, Golani Naka, Vasai East, Vasai-Virar",0101000020E61000006D37C137CD37524051A62C9ED56D3340
Mahanagar Gas CNG Station,19.2776442,72.9579041,,"1, Ghodbunder Rd, Owale, Thane West, Thane",0101000020E6100000138DFF4C4E3D524091ECB6B013473340
Mahanagar Gas CNG Station,19.0427663,73.008665,,"20, Sector 6, Sarsole, Navi Mumbai",0101000020E6100000ABE7A4F78D405240F5DE73BBF20A3340
Mahanagar Gas CNG Station,18.974897,73.1229575,,"X4FF+X54, National Highway 4, Kalundre Gaon, Panvel, Navi Mumbai",0101000020E610000011532289DE475240F0F78BD992F93240
Mahanagar Gas CNG Station,19.2611357,73.0910035,,"Sapna Industrial Estate, Saravali, Gove, Bhiwandi",0101000020E610000094145800D34552406D510BCAD9423340
Mahanagar Gas CNG Station,19.0368125,72.8420625,,"Mahim West, Mahim, Mumbai",0101000020E610000008AC1C5AE43552408195438B6C093340
Mahanagar Gas CNG Station,19.0989897,73.0178125,,"75, Khairane Rd, T.T.C. Industrial Area, Sector 2, Kopar Khairane, Navi Mumbai",0101000020E6100000713D0AD7234152400F24946357193340
Mahanagar Gas CNG Station,19.0119346,73.0357768,,"226P+Q8C, Palm Beach Rd, Sector 15, CBD Belapur, Navi Mumbai",0101000020E6100000277DC62A4A425240DBB05C250E033340
Mahanagar Gas CNG Station,19.0472131,72.8785042,,"Sewri - Chembur Rd, Municipal Kamgar Vasahat, Trombay Indusrial Area, Chembur, Mumbai",0101000020E61000008319AE69393852405A716028160C3340
Mahanagar Gas CNG Station,19.1931386,73.0960195,,"53VW+7C6, Sagaon, Dombivli East, Dombivli",0101000020E6100000CF11F92E254652406198028871313340
Mahanagar Gas CNG Station,18.9895759,72.8354708,,"Dr Babasaheb Ambedkar Marg, Gundecha Garden, Parel, Mumbai",0101000020E6100000D4B0845A78355240E6689FD854FD3240
Mahanagar Gas CNG Station,19.2684287,73.0839999,,"739M+8G4 CNG pump, Mumbai - Nashik Expy, Sapna Industrial Estate, Saravali, Ranjnoli, Bhiwandi",0101000020E610000081D71D4160455240CCCE47BEB7443340
Mahanagar Gas CNG Station,19.2846385,72.9424986,,"Ghodbunder Rd, near Shiv Temple, Bhayandarpada, Thane West, Thane",0101000020E6100000A6E1A5E5513C5240B8AE9811DE483340
Mahanagar Gas CNG Station,19.0551743,72.8374333,,"239, Swami Vivekananda Rd, S.V. Road, Bandra West, Mumbai",0101000020E61000003505D78198355240671426E71F0E3340
Mahanagar Gas CNG Station,19.2897265,72.8645672,,"7VQ7+VRW, Mira Bhayandar Rd, Shivar Garden, Mira Road East, Mira Bhayandar",0101000020E61000006F4CAA1155375240D84812842B4A3340
Mahanagar Gas CNG Station,19.2382783,73.1265575,,"Hind Petrol Pump, Old, Agra Rd, near KC Gandhi School, opp. Dmart, Kalyan West",0101000020E610000011E4A08419485240B3D881CEFF3C3340
Mahanagar Gas CNG Station,19.1698056,72.9397556,,"LBS Marg, Sambhaji Nagar, Mulund West, Mumbai",0101000020E6100000E70EACF4243C52407BAD3A61782B3340
Mahanagar Gas CNG Station,19.1787934,72.8462324,,"nadidwala colony, Swami Vivekananda Rd, Malad, Chincholi Phatak, Malad West, Mumbai",0101000020E610000033B4F0AB283652409BBD7D67C52D3340
Mahanagar Gas CNG Station,19.1321492,73.0038129,,"Jio Regional Office, Park RTEC, Thane - Belapur Rd, Reliance Corporate Park, MIDC Industrial Area, Ghansoli, Navi Mumbai",0101000020E6100000633376783E4052404C31AC87D4213340
CNG Station,19.0738717,73.0036153,,"225, Vashi-Turbhe Rd, APMC, APMC Market, Sector 18, Vashi, Navi Mumbai",0101000020E6100000FAD0AA3B3B40524095997741E9123340
Mahanagar Gas CNG Station,19.1491382,72.9998004,,"4XXX+MW4, Airoli Bridge Rd, Sector 5, Airoli, Navi Mumbai",0101000020E6100000C621D1BAFC3F52409595CBEB2D263340
Mahanagar Gas CNG Station,19.06424,72.8600628,,"Bandra Kurla Complex Rd, G Block BKC, Bharat Nagar, Bandra East, Mumbai",0101000020E610000065A0D7440B37524055185B0872103340
Mahanagar Gas CNG Station,19.0576124,73.108111,,"3455+26X, MIDC Rd, Taloja, Navi Mumbai",0101000020E61000009F55664AEB46524015D8ADAFBF0E3340
Mahanagar Gas CNG Station,19.0152177,73.1074789,,"Asudgaon, MH SH 76, Sector 18, Greater Khanda, Panvel, Navi Mumbai",0101000020E6100000A5202EEFE046524002D2A34EE5033340
Mahanagar Gas CNG Station,19.2888009,72.8770043,,"B2-501, Mari Gold Rd, Unique Gardens, Gaurav City, Mira Road East, Mira Bhayandar",0101000020E6100000E3BCA4D6203852402C8E14DBEE493340
Mahanagar Gas CNG Station,18.9711215,73.131674,,"NH4, Peth, Kolkhe Village, Panvel, Navi Mumbai",0101000020E6100000F2EEC8586D48524045F12A6B9BF83240
Mahanagar Gas CNG Station,19.0578798,72.8368611,,"261, Swami Vivekananda Rd, Bandra West, Mumbai",0101000020E6100000DAF2DB218F3552405919E835D10E3340
Mahanagar Gas CNG Station,19.1947788,73.0861787,,"Bhopar Rd, Bhadra Nagar, Dombivli East, Dombivli",0101000020E61000002887AAF38345524042F4FF05DD313340
Mahanagar Gas CNG Station,18.9858017,72.8424994,,"HPC Dealers 2,jackeria Bunder RD, Cotton Green, Cotton Green West, Sewri, Mumbai",0101000020E610000093799A82EB35524059D70D805DFC3240
Gujarat Gas Limited - CNG station,19.3715452,73.1837729,,"95CM+G9, Padgha, Borivali Tarf Rahur",0101000020E610000007D968EFC24B52405CFC12961D5F3340
Mahanagar Gas CNG Station,19.1754789,73.0023061,,"Plot No General 55, MIDC Rd, near Palampur Company, Digha Naka, Subhash Nagar, Dighe, Navi Mumbai",0101000020E610000034057CC82540524058A3682FEC2C3340
Mahanagar Gas CNG Station,19.2907857,72.8627703,,"Wing-A, WING-A, Mira Bhayandar Rd, Parshwa Nagar, Geeta Nagar, Mira Road East, Mira Bhayandar",0101000020E6100000729DEBA037375240FCA47FEE704A3340
Mahanagar Gas CNG Station,19.3172445,73.0662182,,"SHELAR village, Near Nadi Naka, Bhiwandi Wada road, Bhiwandi",0101000020E610000099D942EB3C445240FC5580EF36513340
HP Petrol and Cng Pump - Radha fuel station,19.3288356,72.8936106,,"NH 48, Naigaon East, Mumbai, Maljipada",0101000020E6100000F99683EA30395240B3C2E3912E543340
Mahanagar Gas CNG Station,19.2023766,72.9726207,,"Khopat Rd, Khopat, Thane West, Thane",0101000020E6100000687AE46A3F3E5240C679EEF3CE333340
Mahanagar Gas CNG Station,19.0060371,72.840732,,"2R4R+C79, Dadar East, Mumbai",0101000020E6100000D82C978DCE3552400C10BBA58B013340
Mahanagar Gas CNG Station,19.1490645,72.8400585,,"11, Relief Road, Maharashtra Housing and Area Development Authority Colony, Prakash Nagar, Patliputra, Jogeshwari West, Mumbai",0101000020E6100000840EBA84C33552409E7E501729263340
Mahanagar Gas CNG Station,18.9836903,73.0275158,,"X2MG+CVQ, Sector 2, Ulwe, Navi Mumbai, Wahal",0101000020E6100000E447A1D1C241524076E4A320D3FB3240
Mahanagar Gas CNG Station,19.1968658,72.8150737,,"Marve Rd, Malad, Kharodi Village, Malad West, Mumbai",0101000020E61000001A55E12A2A3452406DB30CCC65323340
Mahanagar Gas CNG Station,19.219783,72.9782795,,"Kapurbawdi, Thane West, Thane",0101000020E610000039B69E219C3E52407E37DDB243383340
Shree Uma CNG Station - Mahanagar Gas CNG,18.9675648,73.1287185,,"JNPT Rd, Palaspe Phata, Panvel, Navi Mumbai",0101000020E6100000F9F884EC3C485240C3C2A453B2F73240
Mahanagar Gas CNG Station,19.0665031,72.8667724,,"4-5012, Trident Road, G Block BKC, Bandra Kurla Complex, Bandra East, Mumbai",0101000020E6100000D4C4F132793752402695DF5806113340
HP CNG Filling & Pump Station,18.9560221,72.8424527,,"34, P D'Mello Rd, Princess Dock, Masjid Bandar East, Mandvi, Mumbai",0101000020E610000052BBBABEEA355240D4C045DDBDF43240
Shri Samarth Krupa CNG Pump PVT Ltd,19.1439063,73.0479891,,"1, Kalyan - Shilphata Rd, Shilphata, Mumbai, Thane",0101000020E610000020C4DF40124352403930140BD7243340
Mahanagar Gas CNG Station,19.1173852,72.8443807,,"169, Swami Vivekananda Rd, Zalawad Nagar, Shree Ram Nagar, Andheri West, Mumbai",0101000020E6100000E9F758550A365240D008DBF40C1E3340
RK Cng - Mahanagar Gas CNG Station,19.205594,73.1988537,,"Opposite Shanker Mandir, Near Wimco Naka, Kalyan Badlapur Road,, Ambernath",0101000020E6100000128CDE04BA4C5240FB40F2CEA1343340
Bharat Petroleum CNG pump,19.052171,73.0789257,,"332H+VH7, Central Park Rd, Sector-19, Kharghar, Navi Mumbai",0101000020E61000001714611E0D455240B4CC22145B0D3340
Mahanagar Gas CNG Station,18.9610548,72.8201164,,"2, Raja Ram Mohan Roy Rd, Grant Road East, Shapur Baug, Grant Road, Mumbai",0101000020E6100000733A7FC97C345240F0A9F7AF07F63240
NIRU CNG STATION,19.1216428,72.9988403,,"Shakti Developers, Sector 8, Sector 5, Jijamata Nagar, Ghansoli, Navi Mumbai",0101000020E6100000519BDDFFEC3F52403BCB87FB231F3340
Twincity CNG station,19.0576465,73.1082031,,"Industrial Area, A-2, MIDC, Taloja, Navi Mumbai",0101000020E6100000DAF4B1CCEC465240973AC8EBC10E3340
Mahanagar Gas CNG Station,19.1908591,73.1964742,,"Mahalaxmi Nagar, Ambernath",0101000020E61000007FE08508934C5240DDA45824DC303340
Mahanagar Gas CNG Station,19.2639355,73.0324299,,"Valgaon, Dapoda road, Dist:, Bhiwandi",0101000020E610000067FADB5413425240DFC0E44691433340
Mahanagar Gas CNG Station,19.012925,73.108159,,"410206, Sector - 2, Khanda Colony, Panvel, Navi Mumbai",0101000020E610000028F1B913EC465240014D840D4F033340
Maharashtra Natural Gas Ltd CNG Station,18.733608,73.6524789,,"Near, MIDC Road, Vishal Lawns Raod, Talegaon Dabhade",0101000020E61000002035DC36C26952407F15E0BBCDBB3240
Shevantai CNG station,19.1257225,73.9820369,,"Pune - Nashik Hwy, Pate Khaire Mala, Narayangaon",0101000020E6100000C63D4CB1D97E524011DF89592F203340
Sai Ganesh Petroleum & CNG Station Ranjangaon Ganpati,18.7475083,74.2332405,,"Ranjangaon Ganpati Taluka Shirur Dist Pune Pune Ahmadnagar Highway, Kopargaon - Shirdi, Pune - Ahilyanagar Hwy, Ranjangaon",0101000020E610000092E68F69ED8E524012FD35B45CBF3240
CNG PUMP SIDDHESH FILLING STATION,19.1616646,74.0553932,,"5364+W63, Vadgaon Kandali, Ale",0101000020E6100000EE9AEB8F8B835240C2EBE9D962293340
Maharashtra Natural Gas Ltd CNG Station,18.7589442,73.8286493,,"QR5H+HFC, Kharabwadi",0101000020E61000009CD6129708755240277DC62A4AC23240
GAWADE CNG STATION,18.8330305,73.9065877,,"71/4 Pabal Road, Tal, Rajgurunagar, Khed taluka",0101000020E61000002D9D6A88057A52400E12A27C41D53240
MNGL Nanekar CNG Station & Pump,18.7547774,73.8548445,,"484, Talegaon-Chakan Rd, near Shreya Garden, Nanekarwadi",0101000020E610000097AAB4C5B576524089C2781739C13240
Maharashtra Natural Gas Ltd CNG Station,18.7594537,73.8363835,,"Ground Floor, QR4P+X23, Kharabwadi",0101000020E61000007FDAA84E877552408253C48E6BC23240
Bharat Petroleum CNG & Petrol Pump,18.7539207,73.8003131,,"QR32+G4V, Talegaon-Chakan Rd, Mahalunge Ingale",0101000020E6100000DDC36F543873524005476EF200C13240
MNGL CNG PUMP,18.7398607,73.7453073,,"PPQW+W4V, Sudhavadi",0101000020E610000015BE631DB36F52407E18C68267BD3240
Maharashtra Natural Gas Ltd CNG Station,18.7730612,73.8684797,,QVF9+786,0101000020E61000005A2FE12B9577524078CEBB56E7C53240
Torrent CNG,19.1900831,74.0925615,,"53QV+X7, Padirwadi",0101000020E610000099D71187EC855240B5053A49A9303340
Maharashtra Natural Gas Ltd CNG Station,18.7607023,73.8598158,,"QV65+7W9, Chakan",0101000020E61000006265D93807775240F27DCC62BDC23240
Maharashtra Natural Gas Ltd CNG Station,18.7385222,73.8576235,,"PVQ5+C25, Nanekarwadi",0101000020E6100000FD31AD4DE3765240B65E78CA0FBD3240
B D Petroleum with MNGL CNG Pump,18.7398459,73.9069024,,"Chakan Shikrapur Rd, opposite Indian Oil Bottling Plant, Bhose",0101000020E61000007E2A5DB00A7A52406694788A66BD3240
Bharat Petroleum and CNG,19.525155,74.2033332,,"NH-50, Pune - Nashik Hwy, Indira Nagar, AMRUTNAGAR, Sangamner",0101000020E61000003A0C4169038D5240B554DE8E70863340
S N Jaju Petroleum and CNG,19.5685172,74.2025788,,"Akole Naka, Rangargalli, Sangamner",0101000020E61000003A37120DF78C5240A736DD578A913340
CNG Pump,18.7372002,73.6389598,,"PJPQ+VHP, Telco Colony, Milind Nagar, Vadgaon",0101000020E61000005B1DA5B7E4685240CB9AFD26B9BC3240
CNG BPCL COMPANY VIJAYA PETROLEUM,19.2722635,74.1505775,,"Bota, Pune-Nashik highway, Near Vidyaniketan collage Bota, A.nagar",0101000020E6100000DC80CF0FA3895240FE648C0FB3453340
Shiv Shakti Petroleum cng,18.7476594,73.8768106,,"PVXG+2PM, Kadachiwadi",0101000020E610000050F234AA1D785240078C3F9B66BF3240
SNEH PETROLEUM AND CNG (HINDUSTAN PETROLEUM),19.5238438,74.2021301,,"804, Hiwargaon Pawsa, Next to toll plaza, Sangamner",0101000020E6100000624216B3EF8C52405E3695A01A863340
"Chakan Petrol Depot, CNG ONLINE pump",18.7606196,73.8598573,,"N.H.50, At Post Chakan, Taluka-Khed, Pune - Nashik Hwy, Chakan",0101000020E610000085AEE9E60777524054B252F7B7C23240
Cng pump,19.2574023,74.6699718,,"7M49+XX, Ismalpur",0101000020E6100000818F66D1E0AA5240496AFC1DE5413340
CNG PETROL PUMP-Shantilal Kantilal And sons,19.2939138,74.7149597,,"Rahuri vambori Road, Vambori",0101000020E61000004F5D54E6C1AD5240D4D74EEF3D4B3340
"Bharat Petroleum Petrol Pump , R J PETROLEUM CNG online",18.7961837,74.6563033,,Kolgaon,0101000020E610000071708EDF00AA5240B81BE9B1D2CB3240
Gujarat Gas CNG Station,19.7880255,72.7533834,,"Plot No 10/1, MIDC Rd, Tarapur M.I.D.C., Industrial Area, Tarapur, Boisar",0101000020E61000005B16026F37305240FFE9060ABCC93340
Indian Oil Petrol Diesel CNG,19.7902533,72.9117417,,"QWR6+4M5, Unnamed Road, Khadkawane",0101000020E610000090F9DBF9593A52405B0E4F0A4ECA3340
Petrol Pump & CNG,19.803533,73.0930523,,"Shop No.01 Near Hp petrolpump Palghar Dhanu, Road, Vikramgad",0101000020E61000005354A291F4455240BC41B456B4CD3340
MNGL Shivajirao Jadhav & Sons CNG Pump Station,20.2745859,74.0960763,,"AH47, Vadalibhoi",0101000020E6100000EC9A351D268652405771F4424B463440
YUKTAAM CNG STATION,19.8127957,74.2239074,,"R67F+4H7, Ghoti - Shirdi Rd, fulenagr",0101000020E61000004615B47F548E524055D4056113D03340
CNG PUMP AT BHARAT PETROLEUM,20.2745597,74.095909,,"73FW+R9F, AH47, Vadalibhoi",0101000020E61000001899805F23865240B14C648B49463440
Bharat Petroleum Pump with CNG and Electric Vehicle Charging Station,20.2748202,74.0960519,,"Nashik Rd, Vadalibhoi",0101000020E6100000FF4DDEB625865240BA47DB9D5A463440
"Om Samarth Petroleum & CNG, BPCL Dealer",20.2101262,73.8323688,,"opp. Janta English School, Dindori",0101000020E61000007D8DC987457552406308A5D4CA353440
"BPCL Dwarkamai petrol pump, (Bharat petroleum)CNG station",20.2454513,75.1217653,,"bypass, near Hotel Nanacha Dhaba, Kannad, Rail Tanda",0101000020E61000006952AF00CBC75240BC427AE5D53E3440
"Bharat Petroleum, CNG Petrol Pump -Harsh Petroleum",19.9277221,75.2039261,,"MALIWADA, Chhatrapati Sambhajinagar",0101000020E610000041930E200DCD5240C5460F327FED3340
IRM Energy CNG Station,20.8008857,70.6943408,,"RM2V+8PR, Veraval highway, Sugar factory road, Kodinar, opposite to gayatri temple, Selinity Colony, Kodinar",0101000020E6100000D311651470AC5140855561D806CD3440
IRM CNG Station,20.7779958,71.0444571,,"Q2HV+5QW, GJ SH 104, Shastri Nagar, Una, Delvada",0101000020E6100000CDA49762D8C25140E46C95BB2AC73440
Gujrat Gas,21.5754287,71.8467752,,"HRGW+5P, Malpara",0101000020E610000016C49B9031F6514007AE974B4F933540
Fuel gas station,21.468628,72.1128071,,NH51,0101000020E61000006C50453B3807524069FD2D01F8773540
Sangh gas godown,21.0968202,71.7534962,,"K K mill housing society, nr. Railway station, Mahuva",0101000020E6100000422A204839F0514099976835C9183540
Gujarat Gas CNG Station,20.7663008,73.0590896,,"Q385+GJG, Chikhli, Thala",0101000020E610000028E2BE1FC84352400DE60A4A2CC43440
Gujarat Gas CNG Station,20.7641484,73.0136464,,"Q277+MF2, Bilimora",0101000020E6100000526D2695DF4052406D4AC33A9FC33440
Gujarat Gas CNG Station,20.7809812,73.08483,,"Q3JM+9WW, Alipor",0101000020E61000000FEECEDA6D45524074CA4862EEC73440
Gujarat Gas CNG Station,20.7791833,73.0622276,,"Q3H6+MVP, NH 48, Thala, Chikhli",0101000020E610000026BA7889FB435240E016878E78C73440
CNG & Petrol Pump,21.304254,73.1790308,,"GJ SH 65, Beside Hotel Navrang, Surat",0101000020E610000083BE993D754B52405CAD1397E34D3540
M/S MESU GASOLINE,21.2354383,74.8384575,,"Gat No.295/2, NH-3, Mumbai Agra Highway Varshi, Tal. Shindkheda, Varshi",0101000020E61000008065A549A9B55240D0B936AF453C3540
Gujarat Gas CNG Station,21.7541289,71.0016506,,"Q232+MM2, Derdi",0101000020E610000034411E0B1BC05140ED7772970EC13540
Gujarat Gas (Raghuvir) CNG Pump,21.7770923,70.6351205,,"QJGP+R2X, Dhareshwer Bistar, Dhareshvar, Jetpur",0101000020E61000003A2174D0A5A8514032795E85EFC63540
HP PETROL PUMP & CNG PUMP - P H WADIA AND SONS,21.7544524,70.6177431,,"CNG and Petrol Pump, Tinbati chowk, Jetpur - Junagadh Hwy, Jetpur",0101000020E610000019F55A1A89A751408363E0CA23C13540
SOMNATH CNG STATION,21.7592304,70.600528,,"QJ52+P4, Jetpur",0101000020E61000004415FE0C6FA6514006216AEC5CC23540
Gujarat Gas CNG Station,22.051314,71.2190315,,"Anand Dham Society, Jasdan",0101000020E6100000CE52B29C04CE5140B3D30FEA220D3640
Gujarat Gas CNG Station,21.7422804,72.1501141,,"P5R2+V3Q, Kaminiyanagar, Bhavnagar",0101000020E6100000C88A2B789B09524038769A1606BE3540
Swastik Auto Service and CNG Station,21.742345,72.1499855,,"Dukhi Shyam Bapa Cir, Kaminiyanagar, Bhavnagar",0101000020E6100000F357C85C99095240605969520ABE3540
Gujarat Gas CNG Station,21.760417,72.1118254,,"Q466+5P8, Desai Nagar, Bhavnagar Para, Bhavnagar",0101000020E61000002DF7B825280752408B5242B0AAC23540
Gujarat Gas CNG Station,21.7502238,72.1332156,,"Q42M+475, ISCON Mega City, Vidhyanagar, isconmega, Bhavnagar",0101000020E61000004A54B99A860852404CAEBDAA0EC03540
Gujarat Gas CNG Station,21.7357745,71.75257,,PQP3+82Q,0101000020E6100000D97C5C1B2AF0514013BBB6B75BBC3540
Gujarat Gas CNG Station,21.754089,72.1721478,,"Q53C+JVJ, Akhilesh Rd, Subhashnagar, Bhavnagar",0101000020E610000004C53478040B5240FA4509FA0BC13540
Shree Raj momai petroleum and CNG pump,21.7291595,71.9690092,,"Bhavnagar - Rajkot Rd, Saujanya Society, Gohil Nagar, Sihor",0101000020E61000007BE1293F04FE514056116E32AABA3540
Bharat Petroleum CNG Gas Station,21.7559152,72.1015437,,"Q442+9JR, Bhavnagar - Rajkot Rd, Chitra, Bhavnagar",0101000020E610000059A725B17F0652409F8C96A883C13540
BPCL Shiv Petroleum & CNG,21.7543265,72.0815836,,"Survey no. 183/3,plot no.2,bhavnagar-dholera road,near nari chowkdi,vartej, Bhavnagar",0101000020E6100000F5786BAA380552409301A08A1BC13540
Gujarat Gas CNG Station,21.7456981,72.0465837,,"Survey No-411/P2, Village:- Vartej, Ta, Bhavnagar",0101000020E6100000B501333AFB02524078301812E6BE3540
Gail Gas - CNG Pump Vrindavan,27.5648807,77.6565407,,"Rukmani vihar, Vrindavan",0101000020E61000008CBF48C3046A53403FA484059C903B40
HP Petrol Pump - Somnath CNG Fuel Station,21.7358812,71.7526274,,"Survey NO. 137P1 Village Sanosara Rajkot Highway, Ahmedabad",0101000020E6100000B4441D0C2BF05140C2BDD7B562BC3540
CNG gas,21.7421831,72.0692671,,"P3R9+VPC, NR SIDSAR ROAD, opp. INDIANOIL, CHOWKDI, Vartej",0101000020E6100000154C46DF6E045240D6242EB6FFBD3540
Suhel petroleum CNG STATION GUJARAT GAS,21.7542993,72.9329664,,"Jambusar - Bharuch Rd, at post, Derol",0101000020E61000001411B4B8B53B52404CE548C219C13540
Bharat Petroleum and CNG Pump,22.2541946,73.2575941,,"7735+M28, GJ SH 11, Ratanpur",0101000020E610000020C9F66B7C505240DFD1B5E512413640
Gujarat Gas CNG pump,21.7319892,73.0278473,,"99/3, Golden Quadrilateral, Vadadla, Bharuch",0101000020E61000000BB20A40C84152407406EBA463BB3540
Ma chamunda cng petrol pump,22.3131008,74.3371422,,"Alirajpur, Dipa Ki Choki",0101000020E61000007FC6E0BC93955240F859C05F27503640
NAVDURGA PETROLEUM & CNG GAS STATION,22.3003727,73.9982911,,"Highway, Chhota Udepur",0101000020E6100000D3985A00E47F5240791CAB39E54C3640
Bharat Petroleum & CNG -Karan Petroleum,22.2843694,73.7188284,,"ALIKHERWA, BODELI, CHHOTAUDEPUR",0101000020E6100000E85BD548016E5240AFFBD86ECC483640
CNG pump,22.3084941,74.0119993,,"8256+9QX, Rathwa Colony, Chhota Udepur",0101000020E6100000CB44B698C48052404B822678F94E3640
Naveriya Gas CNG Station,22.2738918,75.4896271,,"Mumbai - Agra Hwy, Bhodal",0101000020E6100000106FE70C56DF524080A4E3C51D463640
Naveriya Gas CNG Station d,22.6132954,75.3494101,,"NH 47, Jetpura, Dhar, Magajpura",0101000020E610000018192EBC5CD6524088C965ED009D3640
HP Petrol Pump Shivam Fuels & CNG Pump Station,22.3310827,75.5007365,,"8GJ2+M7J Mumbai - Agra National Highway, Bypass, Kakarda, Gujri",0101000020E610000077DA1A110CE0524079C5F8D5C1543640
SHREEJI CNG PETROL PUMP K.B. ROAD NANPUR,22.2714106,74.53269,,Dholkheda,0101000020E6100000003ACC9717A25240A9C9422A7B453640
IGL CNG station,26.5395951,74.8672554,,"GVQ8+RWJ, Kishanghar",0101000020E6100000E211CB1C81B75240F4948BE7228A3A40
RAPRASTHA GAS LIMITED,26.5395923,74.8672059,,"Rajasthan 305801, India",0101000020E61000007DD92C4D80B7524065AC91B8228A3A40
"Auto Gas Pump ( Go Gas) , Gagwana",26.5270091,74.7287917,,"Gagwana puliya ke pass, ajmer, Delhi - Ajmer Expy",0101000020E61000002946F185A4AE5240C4318111EA863A40
Shri ram cng pump,26.6492458,77.6132706,,"JJX7+M8R, Malak Para, Bari",0101000020E61000004BA654D33F675340BB1006F934A63A40
Torrent Gas CNG Station,26.5251971,77.3456327,,"Laxmi Filling Station, IOCL Station, NH-11B Sirmathura, Karauli Road, Basantpura",0101000020E610000067BB9DD81E5653403C74305173863A40
Aavantika Gas Limited CNG Station,26.2433109,78.2095975,,"66V5+8RF, Bhind Rd, Morar, Gwalior",0101000020E6100000B2F4A10B6A8D5340A542869F493E3A40
Petrol & CNG Pump -Sheela Sons,26.2656635,78.216931,,"7688+7Q7 Bharat Petrol Pump, Airport Rd, opp. BSF colony, Shubhanjalipuram, Gwalior",0101000020E6100000459F8F32E28D5340AB3DEC8502443A40
Police Welfare CNG Filling Station,26.192496,78.1504498,,"55V2+26G, Idgah, Madhav Ganj, Gwalior",0101000020E610000025AC32F8A08953405E9CF86A47313A40
Aavantika Gas Limited CNG Station,26.3159355,78.1164325,,"8488+9HF, Mumbai - Agra Hwy, Jinawali",0101000020E610000042EC4CA17387534039252026E1503A40
CNG PETROL PUMP STATION,26.2188362,78.1532568,,"Bahodapur Rd, near Central Jail, Police Line, Ghosipura, Gwalior",0101000020E6100000EFF89BF5CE895340502E32A605383A40
HP PETROL /CNG PUMP - GWALIOR SERVICE STATION,26.212111,78.171518,,"Maharani Laxmibai Marg, Beside BOI, Jayendraganj, Lashkar, Gwalior",0101000020E6100000392BA226FA8A5340321F10E84C363A40
Avantika CNG station (Laxmi Mukund Fuel Station -CNG,26.1857545,78.1736345,,"Naka Chander Vani, Police Station, Near, Jhansi Rd, Paras Vihar Colony, Vijaynagar, Gwalior",0101000020E610000045BDE0D31C8B5340B8955E9B8D2F3A40
Aavantika Gas Limited CNG Station,26.2647029,78.2170903,,"7678+VRP, Airport Rd, BSF Colony, Deen Dayal Nagar, Gwalior",0101000020E6100000D8B1B6CEE48D534007A8BA91C3433A40
Aavantika Gas Limited CNG Station,26.212041,78.1714591,,"656C+VH5, Phool Bagh, Lashkar, Gwalior",0101000020E610000081C6962FF98A53404069A85148363A40
Aavantika Gas Limited CNG Station,26.1788133,78.2139833,,"56H7+GHH, Gwalior",0101000020E6100000F8D802E7B18D534000975BB5C62D3A40
Aavantika Gas Limited CNG Station,26.2054845,78.1403859,,"644R+64G, Jagrati Nagar, Gwalior",0101000020E610000073542415FC885340BD55D7A19A343A40
Jio-bp CNG Station AB Road Moti Jheel,26.2546908,78.1391095,,"Survey No.449, AB Road, near Fruit Mandi, Moti Jheel, Akbarpur, Gwalior",0101000020E61000000744882BE78853409297906A33413A40
"CNG, K L Petroleum",26.1698356,78.2221475,,"New Gwalior bypass, near DPS School, Nainagir",0101000020E6100000D8D825AA378E534050B28B587A2B3A40
CNG POLICE WELFARE SOCIETY,26.1863135,78.1531251,,"Jawahar Colony, Lashkar, Gwalior",0101000020E6100000972C38CDCC895340A54DD53DB22F3A40
Aavantika Gas Limited CNG Station,26.2548741,78.1685215,,"CNG Mother Station, Sharma Farm Road, Morena Link Rd, near ABV-IIITM College, Gwalior",0101000020E610000010CB660EC98A5340F118D46D3F413A40
CNG STATION,26.360819,79.675875,,"9M6G+89C, NH 19, Mundadeo",0101000020E6100000C74B378941EB534082C64CA25E5C3A40
JAI MAA FILLING STATION CNG,26.3828068,79.4392637,,"9CMQ+4PC, Gursahaiganj - Jalaun Rd, Durha Kalpi",0101000020E61000007A747EE51CDC5340B9AF5EA0FF613A40
Suraj CNG STATION,27.5269304,75.303156,,"G8G3+Q7C, Ranoli Station Rd, Ranoli",0101000020E610000084656CE866D35240A94423E9E4863B40
CNG filling station,27.5108297,76.6014815,,Kesharpur,0101000020E61000008AE942AC7E265340535337BCC5823B40
Torrent Gas CNG Station - Amarnath Gupta BPCL,27.5570721,76.6352132,,"HJ5P+82R, mungaska, Jyoti Nagar, Alwar",0101000020E610000033FF4355A72853409803F3469C8E3B40
Petrol & Cng pump,27.5297998,76.6940627,,"197, 197, Baker St, Matsya Industrial Area, Alwar, Desoola",0101000020E6100000E777F5856B2C5340666DAEF5A0873B40
Torrent Gas CNG Station,27.5332138,77.6570129,,"GMM4+7RJ, Mode, NH2, Jaisinghpura Bangar, Chhatikara",0101000020E610000035A3D57F0C6A5340A0C618B380883B40
GAIL Gas CNG Station,27.5447425,77.5384421,,"GGVQ+V9W, Junhaidi",0101000020E61000008892DAD575625340C53D963E748B3B40
GAIL Gas Ltd CNG Station,27.5648873,77.6565589,,"HM74+XJ3, Opp Omaxe Chhatikara, Road, Vrindavan",0101000020E610000074D99E0F056A5340FD6C3F749C903B40
GAIL Gas CNG Station,27.5693001,77.620713,,"HJ9C+J8, Vrindavan",0101000020E6100000EECC04C3B96753400A1CBFA6BD913B40
GAIL Gas CNG Station,27.6419193,77.383328,,J9RM+P7X,0101000020E610000008E9297288585340D52BC0D254A43B40
Defence cng pump,28.0441923,77.3419979,,"70.5 m, Delhi mathura Road, Bamnikhera",0101000020E61000003EF3284BE35553402A3CC32F500B3C40
Adani Gas CNG Station,27.8780106,77.3848338,,"V9HP+72, Bhulwana, Hodal",0101000020E61000004E59F21DA1585340958A7C4DC5E03B40
Navodaya CNG Station,27.8508168,76.9626219,,"Village - Nawli, Bodikhoti Chowk, Tehsil- Ferozepur Jhirka - District - Mewat (Nuh, Firozpur Jhirka",0101000020E610000075BAE2989B3D53402BE33A21CFD93B40
Adani CNG station,27.738702,76.984145,,"PXQM+FM, Maholi",0101000020E610000067614F3BFC3E5340637D03931BBD3B40
"M/s PRA GAS, CNG Station",28.0257224,77.1257105,,"24GG+77P, Jaisinghpur, Kalanjar",0101000020E6100000E2900DA40B4853404EC642BE95063C40
Torrent Gas CNG Station,27.5464518,77.6406113,,"GJWR+H6Q, Kota",0101000020E6100000ADBC89C6FF68534020D7E143E48B3B40
Torrent CNG Gas station,27.8712807,76.7643674,,"Bhiwadi - Alwar Rd, Chamroda, Kishangarh Bas",0101000020E61000003A483E65EB305340D02280400CDF3B40
Cng pump mathura,27.5331428,77.6569318,,NH19,0101000020E6100000F42CAD2B0B6A53400E19EA0B7C883B40
HP PETROL PUMP AND CNG PUMP - SHRI HIGHWAY SERVICE STATION,27.532798,77.656154,,"HPC Dealer BYE Pass (village Charora Mathura, NH2, Agra",0101000020E6100000EFC8586DFE695340CC5F217365883B40
Kargil Patrol Pump & CNG Pump,27.863537,77.3968966,,"NH2, Hodal",0101000020E61000003139FFC066595340CEE2C5C210DD3B40
CNG Pump,27.7922972,77.0108295,,"Q2R6+W88, Baghola",0101000020E61000004015376EB14053405EB642FDD3CA3B40
HODAL CNG FILLING STATION,27.8712255,77.3924029,,"V9CR+FXR, Bhulwana, Hodal",0101000020E6100000C1960D211D595340F6F065A208DF3B40
Sarita CNG Filling Station-Hindustan Petroleum,27.7075719,76.7365193,,"Alwar Bhiwadi Highway Near papdi toll tax 22 km before, Kithoor",0101000020E6100000DC97D821232F53408F119A6E23B53B40
Bankey Bihari Indian Oil Petrol & CNG Pump,27.546484,77.6407198,,"Mathura, NH-2, Delhi Agra Road, Allaipur, Allaipur",0101000020E610000094B99E8D016953408AC91B60E68B3B40
Adani Cng,27.9444509,77.3485373,,"W8VX+VF, Banchari",0101000020E6100000EA3B646F4E565340822DC088C7F13B40
Dau Ji Filling Station Adani CNG Pump,27.9744286,77.339719,,"X8FQ+QV9, Khatela Sarai",0101000020E61000001CB5C2F4BD5553407D49192774F93B40
Shivalik Gas,27.6559697,77.5462796,,"01, Infront Of KD College Of Nursing, Nh19, Akbarpur",0101000020E6100000351EB63EF6625340BCAA58A1EDA73B40
Torrent Gas CNG Station,27.519963,77.7245453,,"GP9F+XRM, Raya Rd, Laxmi Nagar, Mathura, Lohaban",0101000020E61000001DFE3FF35E6E53404B21904B1C853B40
GAIL Gas CNG Station,27.5627425,77.7265921,,"HP7G+3JW, Panigaon Banger",0101000020E61000000CC2267C806E5340BC9179E40F903B40
GAIL Gas CNG Station,27.5736287,77.8377302,,"Bichpuri, Hathras - Mathura Rd",0101000020E6100000C7F7205F9D755340088C9A54D9923B40
CNG RAYA,27.5736728,77.837791,,"HRFP+FR, Shivli",0101000020E61000008578245E9E755340D19A7A38DC923B40
Abhaya Filling Station CNG,27.3903396,78.6863389,,"9MRP+4G, Bakshipur Rijor",0101000020E61000003F5EFEF9ECAB53406F55C84BED633B40
Vijay singh filling station CNG Diesel Petrol,27.4397379,78.2599312,,Jalesar,0101000020E610000071CD78B6A2905340CD4FBBA992703B40
CNG.petrolpump jalesar etah,27.4657988,78.2992259,,Jalesar,0101000020E61000006FA76384269353401C8414973E773B40
Hindustan Petroleum and CNG pump,27.3779,78.9866,,"Sujrai Dehat, Mainpuri, NH-91, Aligrah Kanpur Road, Kurawali, Kurawali",0101000020E6100000F38E537424BF53408D28ED0DBE603B40
Jagannath CNG station,27.2987522,79.1013798,,"to, Fardpur - Jagatpur Rd, near Jamthari, Mainpuri, Malpur",0101000020E6100000675EB3017DC65340A99B30067B4C3B40
Neha filling station CNG,27.3937097,79.6159139,,"Chandpur, Amethi Jadid",0101000020E6100000B76922226BE75340339EAD28CA643B40
Cng pump,28.5680771,76.6665812,,"HM99+42F, Babra",0101000020E610000038883144A92A5340451B36806D913C40
Haryana City Gas (KCE) Pvt. Ltd. CNG Station,28.5482873,76.7128857,,"Highway Filling Station, Gurgaon, Jhajjar Rd, Jhajjar",0101000020E61000004FD257EB9F2D5340E84F768E5C8C3C40
CNG Mahadev Filling Station NH 352,28.5678187,76.66671,,"CNG, Shri Ram Filling Station, NH352, Silani, Jhajjar",0101000020E6100000A27A6B60AB2A5340A78EFA905C913C40
HCG CNG Station Price 86.30,28.5679624,76.6667842,,"Sri Ram Filling Station, Jhajjar",0101000020E6100000541FA397AC2A5340905BDDFB65913C40
HP PETROL PUMP - MANN FILLING STATION And CNG Station,28.4933409,76.6575253,,"Hpcl Retail Outlet Village Chandpur PO Machhrauli Tehsil, Gurgaon",0101000020E6100000BAF2FEE4142A53407A47D7964B7E3C40
Indraprastha Gas Limited CNG Station,28.6819359,77.2297438,,"Metcalfe House, Bus Stop, Outer Ring Rd, opposite Delhi, AH-2, Chandrawal 1, Civil Lines, Delhi",0101000020E61000005CDD561FB44E5340E477E45993AE3C40
Indraprastha Gas Limited CNG Station,28.5674837,77.1757086,,"Tamil Sangam Marg, O Block, Sector 10, Rama Krishna Puram, New Delhi",0101000020E61000000FA848CF3E4B534059839C9C46913C40
Indraprastha Gas Limited CNG Station,28.5532593,77.1805,,"Outer Ring Rd, Sector 3, Rama Krishna Puram, New Delhi",0101000020E6100000643BDF4F8D4B534036B5C766A28D3C40
Indraprastha Gas Limited CNG Station,28.5859549,77.2606012,,"115 - C, Mahatma Gandhi Rd, Vidyut Vihar, Phase 1, Sarai Kale Khan, New Delhi",0101000020E610000018D3A7B0AD505340536EEC2301963C40
Indraprastha Gas Limited CNG Station,28.5208807,77.2948013,,"Delhi Metro Housing Complex, Block B, Ali Extension, Ali, New Delhi",0101000020E61000005F944506DE5253401A9E037058853C40
Bharat Petroleum Petrol + cng Pump,28.5683714,77.7713372,,HQ9C+8GX,0101000020E61000000C0CB4965D71534053FBBEC980913C40
CNG PUMP,28.9803098,77.7251816,,"11, Baraut Rd, Victoria Park, Ramgarhi, Baghpat, Meerut",0101000020E61000004DEA1560696E5340C4F24295F5FA3C40
Ali Cng Lpg Fuel System,28.7194393,77.7794496,,"आवास विकास कॉलोनी, गोल्डन जिम के सामने बुलन्दशहर रोड, हापुड़- 245101",0101000020E610000057389380E271534007F5882C2DB83C40
Rohtak CNG And Repair,29.3521696,76.6974637,,"1, Panipat Rd, Urlana Kalan",0101000020E61000006B69C93EA32C534039A572C9275A3D40
THINK Gas CNG Station,29.2171477,77.4252464,,"SAI CNG FUELS, Muzaffarnagar-Barut Road, Bhadal",0101000020E6100000792FAD3C375B5340D1E6DDFD96373D40
Indianoil-Adani Gas Pvt Ltd CNG Station,29.2168565,77.0182364,,"70 MILE STONE, G.T, GT Karnal Rd, Samalkha",0101000020E6100000326601C92A415340CE6C57E883373D40
HP CNG - Om Sai Filling Station,29.1633623,77.0330183,,"Haryana 131101, India",0101000020E6100000D9AAC9F81C4253403BE6971CD2293D40
Think gas CNG pump,29.216801,77.2822651,,"SH 57, Asara",0101000020E61000005753A3A11052534077BD344580373D40
Gail Gas Cng,30.3054935,78.0404846,,"73, Race Course Rd, Amarshahid Anand Colony, Race Course, Dehradun",0101000020E6100000773FB84C97825340FDA36FD2344E3E40
Chugh Gas Service,30.3128174,78.0239649,,"20, 20, Delhi Rd, Patthri Bagh, Dehradun",0101000020E61000001F7013A488815340A89E16CD14503E40
Gujjar CNG Station,31.6434001,74.1830148,,"Lahore - Sheikhupura - Faisalabad Rd, Nasir Abad, Ferozewala",0101000020E6100000C62BB583B68B52403EBE73DEB5A43F40
SNS CNG Station ⛽,31.6620851,74.1391355,,Pakistan,0101000020E61000009B8D9598E78852403CABBB687EA93F40
Al-Rehman CNG Station,31.6710969,74.1103235,,"M4C6+C4P, Nabipur",0101000020E6100000BD1E4C8A0F8752406DF2A501CDAB3F40
Kool CNG Station,31.6933152,74.049007,,"Lahore Sheikhupura Rd, Shekhupura",0101000020E61000009B9141EE22835240D8D1DD1A7DB13F40
CNG station,32.6156842,74.1495796,,"J48X+7VC, Unnamed Road, Chak Manju",0101000020E6100000858950B692895240FBD467BDCE4E4040
Warraich CNG,32.6033834,74.1362054,,"Khasra No 34, Khatooni No 894, Khewat No 701, 125 Gujrat - Jalalpur Jattan Rd, Duwata",0101000020E610000078A2DA96B788524082F9D0AA3B4D4040
Albasi CNG,32.646085,74.2108879,,"J6W6+C98, Tanda Road, Jalalpur Jattan",0101000020E6100000D167F62F7F8D5240D4B7CCE9B2524040
Mian CNG,32.5551584,74.045276,,"H24W+346, Gujrat Bypass, Gujrat",0101000020E6100000CCD24ECDE5825240C30C326E0F474040
Five Star CNG,32.5370323,74.0630867,,"G3P7+R68, Gujrat Bypass, Harya Wala, Gujrat",0101000020E61000000154CC9C09845240A5B27279BD444040
Al-Kuwait CNG,32.5081266,74.0812545,,"Khewat No 844, Khatooni No 868, Khasra No 73/29, Gujrat Bypass, Dheer Key, Punjab",0101000020E6100000C809134633855240249DDC4A0A414040
Ansari CNG,32.5697301,74.0419886,,"Khasra No 648, Khatooni No 407, Khewat No 270, Gujrat Bypass Naikabad, Adowal, Gujrat",0101000020E610000082F3F3F0AF825240FE8579EAEC484040
Al Noor CNG,32.5288448,74.0689985,,"G3H9+GHQ, Bypass, Gujrat",0101000020E6100000473EAF786A8452407054B82FB1434040
PSO (Husnain Petroleum & CNG),32.4037411,74.1235219,,"C43F+FCR, Dhaunkal",0101000020E6100000BF3566C8E78752408946D2C9AD334040
Ghausia CNG,32.5414242,74.0649909,,"Khasra No 1435, Khatooni No 647, Khewat No 362, Shadiwal, Gujrat Rd, Shadiwal",0101000020E6100000688297CF28845240A92160634D454040
Zafar CNG,32.5920396,74.0482584,,"H2RX+R86, GT Rd, Service Mor, Baghdad Colony, Gujrat",0101000020E6100000777066AA16835240EDF71FF4C74B4040
Al Hussain CNG,32.4958511,74.0879824,,"N5, Gujrat",0101000020E6100000E9A7EE80A1855240C317810C783F4040
Alfateh CNG,32.5632439,74.0406361,,"H27R+77R, Sargodha Road Area, Gujrat",0101000020E61000005E2228C899825240F415496018484040
Bharath Petroleum petrol pump & CNG Station,12.3362275,75.0998852,,"83PX+GX3, Puthiyakandam Village, Kanhangad",0101000020E6100000AFD6E48464C652401C08C90226AC2840
Jilu auto gas,12.5087831,74.9858908,,"Bus Stop, Karndakkad, Edappally - Panvel Hwy, Siraj Nagar, Kasaragod",0101000020E610000059DBB9D518BF5240D783EE377F042940
Techno CNG Fitting Centre,12.5210556,75.0149218,,"Vidya Nagar, Industeial Area, Kasaragod",0101000020E6100000D6BF907AF4C052409ACBB2CCC70A2940
MeghaGas CNG station,10.1371875,79.2226875,,"46PF+V38, beside Srinivasa Motors, East Coast Rd, Kattumavadi",0101000020E6100000986E128340CE53400AD7A3703D462440
Go Gas,10.8149719,78.650535,,"RM72+X6M, Ram Nagar St, Ram Nagar, MM Nagar, Tiruchirappalli, Nachikurichy",0101000020E6100000D1798D5DA2A95340665133FF43A12540
Adani Total Gas CNG,10.6631546,79.4469355,,"MC7W+7PQ, Mannargudi",0101000020E6100000F8FA5A979ADC53404962EEFF88532540
Adani Total Gas CNG,11.1258726,79.6747308,,"4MGF+8VX, SH 64, Mannampandal, Manakkudi",0101000020E6100000A7E617CA2EEB5340CBEC985F72402640
CNG gas station,11.5401551,79.1316957,,"G4QJ+WQR, Veppur",0101000020E61000008621CDB36DC85340048992358F142740
Essar Gas Station Sri Parvathi Agency,11.6129222,79.1811138,,"J57J+5C9, Koondalur",0101000020E6100000ADF6555E97CB534018FC47F0D0392740
Megha City Gas Distribution Private Limited,12.2484523,79.5742795,,"85/7A2, Melperadikuppam Meaperadikuppam, Tindivanam, Peradikuppam",0101000020E6100000D9D0CDFEC0E45340623BCE23357F2840
As&p CNG,12.9683607,79.1540816,,"X593+7JR, VIT Rd, Katpadi, Vellore",0101000020E6100000953A1279DCC953409D7642F9CCEF2940
AG&P Pratham CNG Station,12.9077273,79.1317101,,"District consumers Coop wholesale stores Limited, IOCL, Cooperative Petrol Pump, M/s The, Officer's Line, opposite Yelagiri hall, Vellore",0101000020E6100000630333F06DC853406D5FF6A1C1D02940
AG&P Pratham CNG Station,12.8998003,79.1349991,,"K, Vinayakam, No: 76, Arni Rd, Krishna Nagar, Sankaranpalayam, Vellore",0101000020E610000053DF43D3A3C85340ABDCFA9FB2CC2940
AG&P Pratham CNG Station,12.9683961,79.1406978,,"Survey no : 603, Shakthi Sree service station, 2A/3, near VIT collage, Bharathi Nagar, Katpadi, Vellore",0101000020E6100000A067583101C95340DC25169DD1EF2940
Co-Operative Gas Station,12.9077143,79.1316969,,"W45J+3JM, Azad Road SH-207, Bishop David Nagar, Kosapet, Vellore",0101000020E6100000039FD5B86DC853401B39C1EDBFD02940
Gas Station,12.927737,79.1332089,,"W4HM+37W, SH 9, near Jos Alukkas Jewellery, Thottapalayam, Vellore",0101000020E610000050429F7E86C853400C94145800DB2940
Torrent Gas CNG Station,13.031701,80.1843403,,"KPK Lakshmi Agencies, IOCL Station, 1, Kamarajar Salai, K P Nagar, Ramapuram, Chennai",0101000020E61000006EF5413BCC0B544041800C1D3B102A40
AG&P Pratham CNG Station,12.9434334,80.1386634,,"Mahalakshmi Agencies, 24, Dr Rajendra Prasad Rd, Nehru Nagar, Chromepet, Chennai",0101000020E6100000BD0974DCDF0854407EE8DDB309E32940
AG&P Pratham CNG Station,12.993373,80.1851281,,"IndianOil, Grand Southern Trunk Rd, National Airports Authority, National Airports Authority Colony, Meenambakkam, Chennai",0101000020E610000085C48723D90B54407575C7629BFC2940
Bharat Petroleum CNG GAS Sri Ganesh Associates,12.9719067,80.191467,,"364, Medavakkam Main Rd, opposite to proscan lab Landmark - kumaran theatre, Puzhuthivakkam, Madipakkam, Chennai",0101000020E6100000D9D0CDFE400C5440CD8646C19DF12940
Torrent Gas CNG Station,13.1002564,80.1655717,,"7, Madras Thiruvallur High Rd, Sai Nagar, Ambattur Industrial Estate, Chennai",0101000020E610000029290BBA980A5440EC6D8ECE54332A40
AG&P Pratham CNG Station,12.8480289,80.1438239,,"Sree Jaya Durga Agency Melakottiyur, Kanchipuram, SH-121, Kelambakkam - Vandalur Rd, Kanchipuram",0101000020E610000086B82869340954402E200FD830B22940
AG&P Pratham CNG Station,12.9840491,80.1246978,,"AG&P Pratham COCO Anakaputhur Survey NO 196/2, Anakaputhur Village, Pallavaram, Chennai",0101000020E610000086387B0CFB07544004519C48D5F72940
GVN AGENCIES &Torrent Gas CNG Station,13.3221719,80.183951,,"85CM+VHF, GVN Agencies IOCL Station, SH 56, Ponneri",0101000020E610000041446ADAC50B544060611CB7F3A42A40
Torrent Gas CNG Station,12.9949356,80.1879934,,"X5VQ+X5H, Kannan Colony, Pazavanthangal, Chennai",0101000020E610000049377815080C54409540EF3268FD2940
AG&P Pratham CNG Station,12.9719662,80.1913464,,"Sri Ganesh Associates, Puzhuthivakkam, Madipakkam, Chennai",0101000020E6100000458DF8043F0C544082A2C38DA5F12940
AG&P Pratham CNG Station,12.8890975,80.1842968,,"V5QM+PQ6 Bhavani Enterprises, Sithalapakkam, Chennai",0101000020E61000007A30CE84CB0B544025E99AC937C72940
AG&P Pratham CNG Station,12.9686104,80.1499413,,"Senthil Service Station, 9, Grand Southern Trunk Rd, Pallavaram, Chennai",0101000020E610000076F464A3980954408621CDB3EDEF2940
"CNG Bharat Petroleum, Petrol Pump -Pvk Agency",12.8251935,80.1682477,,"Kanchipuram - Chennai Rd, Mambakkam, KANCHIPURAM, Mambakkam",0101000020E610000024480092C40A544059BE2EC37FA62940
AG&P Pratham CNG Station,12.5927888,79.9158909,,"COCO Meduranthagam Swagat, Madurantagam, NH 45, Grand Southern Trunk Rd, opposite to Karpaga Vinayaga College",0101000020E61000000E8DDDF49DFA5340C3DE7A03822F2940
AG&P Pratham CNG Station,12.9591965,80.1301007,,"X45J+M2H AP Enterprises, Tiruneermalai Main Rd, Sripuram, Chromepet, Chennai",0101000020E6100000F3EBE2915308544015E0BBCD1BEB2940
